entry_date,entry_price,stop_loss,take_profit,sl_pct,tp_pct,pos_size,spy_regime,sector,score,exit_date,pnl_pct,reason,days,symbol
2023-01-05,150.0399932861328,147.03919342041016,158.35220891418456,2.0,5.54,0.45,BEAR,Real_Estate_Office,145,2023-01-06,5.239999999999992,TP,1,NBR
2023-01-05,16.780000686645508,16.444400672912597,17.45120071411133,2.0,4.0,0.45,BEAR,Real_Estate_Office,130,2023-01-06,3.7000000000000117,TP,1,OII
2023-01-05,35.84252662158072,35.1256760891491,37.276227686443946,2.0,4.0,0.45,BEAR,Real_Estate_Office,125,2023-01-06,3.7,TP,1,HAL
2023-01-09,30.049999237060547,29.448999252319336,32.45399917602539,2.0,8.0,0.33,BULL,Utilities_Electric,130,2023-01-10,7.700000000000002,TP,1,ARWR
2023-01-09,55.45000076293945,54.34100074768066,59.88600082397461,2.0,8.0,0.33,BULL,Utilities_Electric,145,2023-01-11,7.7000000000000055,TP,2,DOCU
2023-01-09,38.034232285876634,37.132820980701354,39.5556015773117,2.37,4.0,0.33,BULL,Utilities_Electric,140,2023-01-11,3.6999999999999984,TP,2,HCI
2023-01-11,7.8426231954789225,7.67243827213703,8.15632812329808,2.17,4.0,0.33,BULL,Real_Estate_Office,90,2023-01-12,3.700000000000002,TP,1,PDM
2023-01-17,37.529561071760426,36.77896985032522,40.10408896128319,2.0,6.86,0.33,BULL,Healthcare_Services,125,2023-01-19,-2.299999999999999,SL,2,DELL
2023-01-17,64.19999694824219,62.91599700927734,67.21097680511474,2.0,4.69,0.33,BULL,Healthcare_Services,100,2023-01-19,-2.300000000000005,SL,2,MTSI
2023-01-13,143.3057687120899,140.4396533378481,149.0379994605735,2.0,4.0,0.33,BULL,Consumer_Auto,100,2023-01-23,3.7000000000000046,TP,5,UHS
2023-01-20,43.97024528969019,43.090840383896385,45.865362861675834,2.0,4.31,0.33,BULL,Real_Estate_Data,140,2023-01-23,4.009999999999993,TP,1,ZION
2023-01-20,80.26218611403858,78.65694239175781,83.47267355860014,2.0,4.0,0.33,BULL,Real_Estate_Data,130,2023-01-23,3.700000000000009,TP,1,WTFC
2023-01-24,15.199999809265137,14.895999813079834,16.3673597946167,2.0,7.68,0.33,BULL,Real_Estate_Data,140,2023-01-25,-2.2999999999999976,SL,1,MD
2023-01-24,15.460000038146973,15.150800037384032,16.69680004119873,2.0,8.0,0.33,BULL,Real_Estate_Data,135,2023-01-25,-2.300000000000007,SL,1,LMND
2023-01-26,248.82239469727116,243.84594680332575,258.77529048516203,2.0,4.0,0.33,BULL,Real_Estate_Data,110,2023-01-27,-2.299999999999998,SL,1,HCA
2023-01-26,28.726529890301922,28.151999292495884,30.668443310886335,2.0,6.76,0.33,BULL,Real_Estate_Data,125,2023-01-30,-2.3000000000000007,SL,2,TPG
2023-01-30,99.67923257408552,97.6856479226038,104.77284135862128,2.0,5.11,0.33,BULL,Real_Estate_Data,105,2023-02-01,4.809999999999991,TP,2,TROW
2023-01-31,27.690000534057617,27.136200523376463,28.797600555419923,2.0,4.0,0.33,BULL,Telecom,125,2023-02-01,3.700000000000003,TP,1,ANF
2023-01-25,50.8561997476008,49.83907575264878,53.72448941336548,2.0,5.64,0.33,BULL,Telecom,125,2023-02-02,-2.2999999999999994,SL,6,SLB
2023-02-02,7.900000095367432,7.742000093460083,8.532000102996827,2.0,8.0,0.33,BULL,Telecom,150,2023-02-03,-2.299999999999997,SL,1,BHC
2023-02-06,105.26000213623047,103.15480209350586,112.29137027893066,2.0,6.68,0.33,BULL,Real_Estate_Office,145,2023-02-07,-2.2999999999999954,SL,1,QRVO
2023-02-06,12.886975057479164,12.629235556329581,13.562252550491072,2.0,5.24,0.33,BULL,Real_Estate_Office,140,2023-02-08,4.939999999999999,TP,2,FTI
2023-02-06,169.5,166.10999999999999,179.82254999999998,2.0,6.09,0.33,BULL,Real_Estate_Office,130,2023-02-08,5.789999999999988,TP,2,NBR
2023-02-08,33.97999954223633,33.3003995513916,36.07996351394654,2.0,6.18,0.33,BULL,Real_Estate_Data,145,2023-02-09,-2.300000000000006,SL,1,PENN
2023-02-09,43.58108858357329,42.70946681190183,45.324332126916225,2.0,4.0,0.33,BULL,Real_Estate_Data,120,2023-02-10,-2.2999999999999954,SL,1,CARR
2023-02-10,75.98999786376953,74.47019790649414,80.45820973815918,2.0,5.88,0.33,BULL,Real_Estate_Data,140,2023-02-13,-2.300000000000007,SL,1,OKTA
2023-02-14,15.100000381469727,14.798000373840331,16.308000411987305,2.0,8.0,0.33,BULL,Real_Estate_Data,155,2023-02-15,7.699999999999999,TP,1,PATH
2023-02-09,478.6808252437153,468.6763959961216,508.26330024377694,2.09,6.18,0.33,BULL,Real_Estate_Data,105,2023-02-24,2.294064377580712,MaxHold,10,HUM
2023-02-13,66.95461151743937,65.61551928709059,69.63279597813695,2.0,4.0,0.33,BULL,Telecom,140,2023-02-28,0.8428508382975706,MaxHold,10,APO
2023-02-27,73.90988435680376,72.43168666966768,76.8662797310759,2.0,4.0,0.45,BEAR,Consumer_Auto,115,2023-03-01,3.6999999999999966,TP,2,JACK
2023-02-16,117.1500015258789,114.80700149536132,126.52200164794922,2.0,8.0,0.33,BULL,Real_Estate_Residential,115,2023-03-03,3.9680323814553944,MaxHold,10,QLYS
2023-03-01,58.119998931884766,56.95759895324707,61.20035887527465,2.0,5.3,0.45,BEAR,Consumer_Travel,85,2023-03-03,4.99999999999999,TP,2,THC
2023-03-02,6.0,5.88,6.48,2.0,8.0,0.45,BEAR,Consumer_Auto,130,2023-03-03,-2.3000000000000016,SL,1,CYH
2023-03-06,6.199999809265137,6.075999813079834,6.695999794006348,2.0,8.0,0.45,BEAR,Consumer_Food,130,2023-03-07,-2.299999999999999,SL,1,CYH
2023-03-08,77.13999938964844,75.59719940185546,81.75297135314942,2.0,5.98,0.45,BEAR,Healthcare_Services,95,2023-03-10,-2.300000000000008,SL,2,EW
2023-03-09,62.38999938964844,61.142199401855464,67.38119934082032,2.0,8.0,0.45,BEAR,Energy_Services,145,2023-03-10,-2.300000000000007,SL,1,COIN
2023-03-09,55.790000915527344,54.66862189712524,58.89192496643067,2.01,5.56,0.45,BEAR,Energy_Services,115,2023-03-10,-2.310000000000005,SL,1,OMCL
2023-03-14,35.0,33.9745,37.800000000000004,2.93,8.0,0.45,BEAR,Healthcare_Services,130,2023-03-15,-3.230000000000003,SL,1,DOCN
2023-03-14,124.87999725341797,121.19603733444214,134.28346104660034,2.95,7.53,0.45,BEAR,Healthcare_Services,135,2023-03-17,7.229999999999997,TP,3,CRWD
2023-03-21,53.18066554044898,51.96282829957269,55.98328661443064,2.29,5.27,0.45,BEAR,Healthcare_Pharma,130,2023-03-22,-2.590000000000007,SL,1,HCI
2023-03-24,16.469999313354492,16.1405993270874,17.78759925842285,2.0,8.0,0.45,BEAR,Utilities_Electric,145,2023-03-27,-2.3000000000000105,SL,1,PATH
2023-03-14,40.97999954223633,39.34079956054688,44.25839950561524,4.0,8.0,0.45,BEAR,Healthcare_Services,145,2023-03-28,-2.105753714093743,MaxHold,10,TNDM
2023-03-17,172.27289030328154,168.8274324972159,179.50835169601936,2.0,4.2,0.45,BEAR,Utilities_Electric,135,2023-03-29,3.899999999999996,TP,8,ALG
2023-03-29,217.0,212.0741,230.69269999999997,2.27,6.31,0.33,BULL,Utilities_Electric,135,2023-03-31,6.009999999999988,TP,2,MDB
2023-03-30,10.732000350952148,10.517360343933106,11.590560379028322,2.0,8.0,0.33,BULL,Consumer_Food,155,2023-03-31,-2.299999999999995,SL,1,SMCI
2023-04-03,10.656999588012695,10.443859596252441,11.50955955505371,2.0,8.0,0.33,BULL,Consumer_Auto,135,2023-04-04,7.699999999999999,TP,1,SMCI
2023-03-28,83.31999969482422,81.65359970092773,86.65279968261719,2.0,4.0,0.33,BULL,Utilities_Electric,130,2023-04-05,-2.300000000000008,SL,6,OKTA
2023-04-10,212.42999267578125,208.18139282226562,229.42439208984376,2.0,8.0,0.33,BULL,Energy_Services,140,2023-04-11,-2.3000000000000016,SL,1,MDB
2023-04-10,400.42999267578125,392.4213928222656,422.97420126342774,2.0,5.63,0.33,BULL,Energy_Services,125,2023-04-13,5.330000000000003,TP,3,HUBS
2023-04-12,44.14235839448167,42.69890327498212,47.67374706604021,3.27,8.0,0.33,BULL,Real_Estate_Office,130,2023-04-13,-3.5699999999999905,SL,1,HPP
2023-04-14,37.290000915527344,36.5442008972168,38.78160095214844,2.0,4.0,0.33,BULL,Real_Estate_Office,115,2023-04-20,3.7,TP,4,EAT
2023-04-06,67.68046122578647,66.32685200127074,73.09489812384939,2.0,8.0,0.33,BULL,Energy_Services,85,2023-04-21,4.081636776804446,MaxHold,10,HLNE
2023-04-21,60.39524187821109,59.18733704064687,62.81105155333953,2.0,4.0,0.33,BULL,Energy_Services,120,2023-04-24,-2.3,SL,1,MU
2023-04-14,191.88999938964844,188.05219940185546,202.53989435577395,2.0,5.55,0.33,BULL,Real_Estate_Office,100,2023-04-25,-2.3000000000000043,SL,7,WDAY
2023-04-24,24.489999771118164,24.0001997756958,25.55041676120758,2.0,4.33,0.33,BULL,Energy_Services,140,2023-04-25,-2.299999999999998,SL,1,CFLT
2023-04-25,17.440000534057617,17.091200523376465,18.835200576782228,2.0,8.0,0.33,BULL,Real_Estate_Office,130,2023-04-26,-2.3000000000000016,SL,1,OII
2023-04-26,135.3800048828125,132.67240478515626,141.98654912109373,2.0,4.88,0.45,BEAR,Real_Estate_Office,125,2023-04-27,-2.2999999999999927,SL,1,PI
2023-04-28,76.25062739519895,74.72561484729496,79.34640286744403,2.0,4.06,0.33,BULL,Healthcare_MedDevices,120,2023-05-01,3.7600000000000042,TP,1,ARES
2023-04-26,14.453366857728515,14.164299520573945,15.167363180500304,2.0,4.94,0.45,BEAR,Real_Estate_Office,95,2023-05-02,-2.2999999999999994,SL,4,IVZ
2023-04-27,993.7686682114423,973.8932948472135,1059.4567771802188,2.0,6.61,0.45,BEAR,Real_Estate_Office,135,2023-05-02,-2.299999999999999,SL,3,FCNCA
2023-05-02,26.799999237060547,26.263999252319337,28.943999176025393,2.0,8.0,0.33,BULL,Consumer_Travel,145,2023-05-03,-2.299999999999996,SL,1,TDOC
2023-05-04,132.0500030517578,129.40900299072266,137.42443817596435,2.0,4.07,0.45,BEAR,Healthcare_Services,130,2023-05-05,-2.3000000000000007,SL,1,IRTC
2023-05-04,148.97999572753906,143.97426787109376,155.2669515472412,3.36,4.22,0.45,BEAR,Healthcare_Services,85,2023-05-05,3.9199999999999973,TP,1,SNOW
2023-05-05,69.55999755859375,68.16879760742188,72.3423974609375,2.0,4.0,0.45,BEAR,Real_Estate_Data,100,2023-05-09,-2.2999999999999936,SL,2,THC
2023-05-08,17.530000686645508,17.179400672912596,18.238212714385988,2.0,4.04,0.33,BULL,Telecom,130,2023-05-09,-2.3000000000000087,SL,1,HAIN
2023-05-08,75.10299682617188,73.60093688964844,80.39775810241699,2.0,7.05,0.33,BULL,Telecom,125,2023-05-09,-2.3,SL,1,LBRDK
2023-05-10,31.3700008392334,30.54496981716156,33.51257189655304,2.63,6.83,0.45,BEAR,Consumer_Travel,130,2023-05-11,-2.9299999999999953,SL,1,BJRI
2023-05-15,39.947505974311106,39.148555854824885,41.98482877900097,2.0,5.1,0.33,BULL,Real_Estate_Data,90,2023-05-17,4.799999999999995,TP,2,MRVL
2023-05-16,36.11000061035156,35.38780059814453,38.99880065917969,2.0,8.0,0.33,BULL,Real_Estate_Industrial,155,2023-05-17,-2.3000000000000043,SL,1,W
2023-05-18,65.0,63.699999999999996,68.72449999999999,2.0,5.73,0.33,BULL,Real_Estate_Residential,145,2023-05-22,-2.300000000000007,SL,2,DASH
2023-05-18,9.880000114440918,9.682400112152099,10.670400123596192,2.0,8.0,0.33,BULL,Real_Estate_Residential,150,2023-05-23,-2.3000000000000105,SL,3,EOLS
2023-05-11,201.7733755287174,197.73790801814303,217.04762005624133,2.0,7.57,0.33,BULL,Consumer_Travel,125,2023-05-25,-1.561670123342203,MaxHold,10,WING
2023-05-25,59.470001220703125,58.28060119628906,64.22760131835938,2.0,8.0,0.45,BEAR,Consumer_Auto,125,2023-05-26,-2.3000000000000007,SL,1,SHOP
2023-05-25,28.860000610351562,28.28280059814453,31.168800659179688,2.0,8.0,0.45,BEAR,Consumer_Auto,125,2023-05-26,-2.300000000000006,SL,1,U
2023-05-26,82.87000274658203,81.21260269165039,86.18480285644532,2.0,4.0,0.33,BULL,Consumer_Auto,155,2023-05-30,3.7000000000000046,TP,1,ON
2023-05-30,60.599998474121094,58.55777852554321,64.22993838272095,3.37,5.99,0.33,BULL,Real_Estate_Data,155,2023-05-31,-3.669999999999999,SL,1,SHOP
2023-05-30,39.900001525878906,38.30400146484375,41.49600158691406,4.0,4.0,0.33,BULL,Real_Estate_Data,110,2023-06-02,3.6999999999999984,TP,3,TENB
2023-06-01,49.349998474121094,48.36299850463867,51.32399841308594,2.0,4.0,0.33,BULL,Telecom,125,2023-06-02,3.700000000000002,TP,1,RARE
2023-06-01,32.15169438487419,31.508660497176706,33.68533020703269,2.0,4.77,0.33,BULL,Telecom,120,2023-06-12,4.470000000000009,TP,7,PFE
2023-06-13,173.02999877929688,169.56939880371092,184.12122170104982,2.0,6.41,0.33,BULL,Energy_Services,160,2023-06-15,6.110000000000009,TP,2,SNOW
2023-06-16,31.040000915527344,30.419200897216797,32.30953695297241,2.0,4.09,0.33,BULL,Real_Estate_Office,150,2023-06-20,3.7899999999999876,TP,1,RDNT
2023-06-06,148.77999877929688,145.80439880371094,158.80777069702148,2.0,6.74,0.33,BULL,Utilities_Electric,110,2023-06-21,5.366089530673777,MaxHold,10,CYBR
2023-06-07,81.94999694824219,80.31099700927734,88.50599670410156,2.0,8.0,0.33,BULL,Consumer_Retail,140,2023-06-22,0.6640035935892601,MaxHold,10,SYNA
2023-06-21,105.56104063297681,103.44981982031727,110.99743422557513,2.0,5.15,0.33,BULL,Real_Estate_Office,145,2023-06-22,-2.3000000000000025,SL,1,ENTG
2023-06-22,34.68000030517578,33.986400299072265,36.76080032348633,2.0,6.0,0.33,BULL,Real_Estate_Residential,145,2023-06-23,-2.3000000000000007,SL,1,CFLT
2023-06-23,173.27000427246094,169.8046041870117,183.26768351898195,2.0,5.77,0.33,BULL,Real_Estate_Data,155,2023-06-26,-2.300000000000008,SL,1,MNDY
2023-06-27,38.59728991369635,37.825344115422425,40.73172004592376,2.0,5.53,0.33,BULL,Real_Estate_Data,145,2023-06-30,5.229999999999999,TP,3,NXRT
2023-06-23,64.19999694824219,62.91599700927734,69.33599670410156,2.0,8.0,0.33,BULL,Real_Estate_Data,145,2023-07-05,-2.300000000000005,SL,7,TWLO
2023-06-26,10.44913581937238,10.240153102984932,11.285066684922171,2.0,8.0,0.33,BULL,Real_Estate_Data,145,2023-07-07,7.700000000000009,TP,8,PTEN
2023-07-10,135.44000244140625,132.73120239257813,146.27520263671875,2.0,8.0,0.33,BULL,Energy_Services,150,2023-07-11,7.699999999999997,TP,1,GNRC
2023-07-10,26.719363410427498,26.184976142218947,28.77408245668937,2.0,7.69,0.33,BULL,Energy_Services,145,2023-07-11,-2.3000000000000043,SL,1,AMKR
2023-07-13,176.8800048828125,173.34240478515625,183.955205078125,2.0,4.0,0.33,BULL,Real_Estate_Residential,95,2023-07-14,3.700000000000003,TP,1,ACLS
2023-07-12,276.3299865722656,268.56511394958494,287.38318603515626,2.81,4.0,0.33,BULL,Real_Estate_Residential,120,2023-07-17,3.700000000000002,TP,3,TSLA
2023-07-07,43.52000045776367,42.649600448608396,46.34444848747253,2.0,6.49,0.33,BULL,Energy_Services,115,2023-07-19,6.189999999999999,TP,8,PLAY
2023-07-18,70.4000015258789,68.99200149536132,76.03200164794923,2.0,8.0,0.33,BULL,Consumer_Auto,155,2023-07-19,7.700000000000016,TP,1,LCID
2023-07-20,10.470000267028809,10.260600261688232,11.263626287269593,2.0,7.58,0.33,BULL,Real_Estate_Data,120,2023-07-24,7.280000000000011,TP,2,NIO
2023-07-25,130.5,127.89,140.94,2.0,8.0,0.33,BULL,Energy_Services,145,2023-07-26,-2.3,SL,1,PSNY
2023-07-18,20.520000457763672,20.109600448608397,22.161600494384768,2.0,8.0,0.33,BULL,Consumer_Auto,145,2023-07-27,7.700000000000011,TP,7,NCLH
2023-07-20,49.78512811687573,48.485736273025275,51.776533241550766,2.61,4.0,0.33,BULL,Real_Estate_Data,105,2023-07-27,3.700000000000008,TP,5,REXR
2023-07-28,35.77000045776367,35.0546004486084,37.36176547813415,2.0,4.45,0.33,BULL,Real_Estate_Data,100,2023-07-31,4.149999999999993,TP,1,SENEA
2023-07-31,22.489999771118164,22.0401997756958,23.38959976196289,2.0,4.0,0.33,BULL,Real_Estate_Data,145,2023-08-01,-2.3000000000000016,SL,1,OII
2023-07-27,40.41999816894531,39.42566621398926,43.06346604919433,2.46,6.54,0.33,BULL,Real_Estate_Office,145,2023-08-02,-2.7599999999999953,SL,4,RNG
2023-08-01,68.1500015258789,66.78700149536132,71.29853159637452,2.0,4.62,0.33,BULL,Real_Estate_Industrial,140,2023-08-03,-2.300000000000007,SL,2,CNC
2023-08-02,405.1700134277344,397.06661315917967,429.64228223876955,2.0,6.04,0.33,BULL,Real_Estate_Industrial,110,2023-08-03,-2.300000000000005,SL,1,BIO
2023-08-03,32.20000076293945,31.556000747680663,34.77600082397461,2.0,8.0,0.45,BEAR,Real_Estate_Data,160,2023-08-04,-2.3000000000000025,SL,1,TNDM
2023-08-04,32.400001525878906,31.752001495361327,33.696001586914065,2.0,4.0,0.45,BEAR,Consumer_Travel,130,2023-08-07,3.7000000000000073,TP,1,SMCI
2023-08-04,105.35519740498405,103.24809345688438,109.56940530118342,2.0,4.0,0.45,BEAR,Consumer_Travel,125,2023-08-08,-2.2999999999999967,SL,2,ALL
2023-08-07,32.56999969482422,31.918599700927732,35.17559967041016,2.0,8.0,0.45,BEAR,Real_Estate_Data,160,2023-08-08,-2.300000000000007,SL,1,TNDM
2023-08-08,17.678281749292587,17.324716114306735,19.071330351136844,2.0,7.88,0.45,BEAR,Real_Estate_Data,150,2023-08-09,-2.3000000000000016,SL,1,CCL
2023-08-09,25.829999923706055,25.313399925231934,27.89639991760254,2.0,8.0,0.45,BEAR,Real_Estate_Office,145,2023-08-10,-2.299999999999998,SL,1,TDOC
2023-08-09,118.0,115.64,123.4162,2.0,4.59,0.45,BEAR,Real_Estate_Office,85,2023-08-10,-2.2999999999999994,SL,1,NBR
2023-08-10,97.75353988571406,95.79846908799978,101.66368148114263,2.0,4.0,0.45,BEAR,Energy_Services,100,2023-08-11,-2.3000000000000043,SL,1,SIGI
2023-08-11,95.0999984741211,93.19799850463868,102.7079983520508,2.0,8.0,0.45,BEAR,Energy_Services,135,2023-08-14,-2.299999999999996,SL,1,BOOT
2023-08-11,45.48770023499869,44.577946230298714,49.03574085332859,2.0,7.8,0.45,BEAR,Energy_Services,95,2023-08-14,-2.300000000000007,SL,1,CMA
2023-08-14,74.83999633789062,73.34319641113281,77.83359619140626,2.0,4.0,0.45,BEAR,Energy_Services,130,2023-08-15,-2.300000000000005,SL,1,VAL
2023-08-15,150.4567575098457,147.44762235964876,159.0327926879069,2.0,5.7,0.45,BEAR,Real_Estate_Office,135,2023-08-16,-2.300000000000008,SL,1,OLED
2023-08-15,32.77000045776367,32.1146004486084,35.22447349205017,2.0,7.49,0.45,BEAR,Real_Estate_Office,130,2023-08-16,-2.2999999999999967,SL,1,AOSL
2023-08-16,31.780000686645508,31.144400672912596,33.05120071411133,2.0,4.0,0.45,BEAR,Real_Estate_Data,135,2023-08-17,-2.300000000000005,SL,1,SUPN
2023-08-17,23.3700008392334,22.841838820266723,24.304800872802737,2.26,4.0,0.45,BEAR,Energy_Services,110,2023-08-18,-2.5600000000000023,SL,1,XPRO
2023-08-18,59.619998931884766,58.42759895324707,62.004798889160156,2.0,4.0,0.45,BEAR,Telecom,145,2023-08-22,3.7,TP,2,ANIP
2023-08-21,9.520000457763672,9.329600448608398,10.281600494384767,2.0,8.0,0.45,BEAR,Energy_Services,145,2023-08-22,-2.3000000000000087,SL,1,EOLS
2023-08-21,109.6500015258789,107.45700149536133,118.42200164794923,2.0,8.0,0.45,BEAR,Energy_Services,140,2023-08-22,-2.3000000000000025,SL,1,IRTC
2023-08-29,24.09226978221375,23.610424386569477,25.055960573502304,2.0,4.0,0.45,BEAR,Consumer_Food,100,2023-08-30,3.700000000000011,TP,1,BLMN
2023-09-07,139.3000030517578,136.51400299072264,148.92563326263428,2.0,6.91,0.33,BULL,Real_Estate_Office,115,2023-09-08,-2.300000000000008,SL,1,ICUI
2023-09-08,9.680000305175781,9.486400299072265,10.454400329589845,2.0,8.0,0.33,BULL,Real_Estate_Office,130,2023-09-11,-2.3000000000000025,SL,1,SNAP
2023-09-11,75.12000274658203,73.61760269165039,78.77083488006592,2.0,4.86,0.33,BULL,Real_Estate_Office,130,2023-09-12,-2.3000000000000007,SL,1,THC
2023-09-07,24.083366371045464,23.601699043624556,25.046701025887284,2.0,4.0,0.33,BULL,Real_Estate_Office,110,2023-09-13,-2.299999999999995,SL,4,BLMN
2023-09-12,114.69999694824219,112.40599700927734,121.82286675872803,2.0,6.21,0.33,BULL,Real_Estate_Office,110,2023-09-13,-2.3000000000000007,SL,1,GNRC
2023-09-13,126.16000366210938,123.63680358886718,136.25280395507812,2.0,8.0,0.33,BULL,Real_Estate_Office,125,2023-09-15,-2.300000000000005,SL,2,ONTO
2023-09-14,27.177000045776367,26.63346004486084,29.35116004943848,2.0,8.0,0.33,BULL,Real_Estate_Office,140,2023-09-15,-2.3,SL,1,SMCI
2023-09-18,43.349998474121094,42.48299850463867,45.35276840362549,2.0,4.62,0.45,BEAR,Real_Estate_Office,105,2023-09-19,-2.299999999999999,SL,1,STAA
2023-09-14,32.86711993406892,32.20977753538754,34.18837815541849,2.0,4.02,0.33,BULL,Real_Estate_Office,115,2023-09-20,3.7200000000000095,TP,4,WDC
2023-09-19,204.6199951171875,200.52759521484376,214.6872988769531,2.0,4.92,0.45,BEAR,Consumer_Auto,125,2023-09-21,-2.2999999999999967,SL,2,TEAM
2023-09-20,12.949999809265137,12.690999813079834,13.467999801635743,2.0,4.0,0.45,BEAR,Energy_Services,110,2023-09-21,-2.299999999999998,SL,1,FOLD
2023-09-21,24.040000915527344,23.559200897216797,25.823768983459473,2.0,7.42,0.45,BEAR,Utilities_Electric,135,2023-09-26,7.120000000000003,TP,3,OII
2023-09-25,166.9499969482422,163.61099700927733,173.62799682617188,2.0,4.0,0.45,BEAR,Energy_Services,145,2023-09-26,-2.3000000000000105,SL,1,CYBR
2023-09-25,10.050000190734863,9.849000186920167,10.854000205993653,2.0,8.0,0.45,BEAR,Energy_Services,140,2023-09-27,7.700000000000011,TP,2,PUMP
2023-10-05,72.37512387925706,70.92762140167191,75.27012883442734,2.0,4.0,0.45,BEAR,Consumer_Retail,100,2023-10-06,3.699999999999995,TP,1,WSM
2023-10-09,55.0099983215332,53.90979835510254,57.232402253723144,2.0,4.04,0.45,BEAR,Consumer_Auto,105,2023-10-10,3.74,TP,1,ANF
2023-10-06,120.79000091552734,118.3742008972168,125.62160095214844,2.0,4.0,0.45,BEAR,Consumer_Food,115,2023-10-12,-2.3000000000000016,SL,4,SRPT
2023-10-09,34.040000915527344,33.359200897216795,35.8509289642334,2.0,5.32,0.45,BEAR,Consumer_Auto,125,2023-10-12,5.019999999999996,TP,3,FORM
2023-10-17,80.0,78.4,85.99199999999999,2.0,7.49,0.33,BULL,Telecom,145,2023-10-18,-2.2999999999999927,SL,1,TTD
2023-10-17,19.649999618530273,19.25699962615967,21.221999588012697,2.0,8.0,0.33,BULL,Telecom,140,2023-10-18,-2.299999999999997,SL,1,GSAT
2023-10-17,10.420000076293945,10.211600074768066,11.253600082397462,2.0,8.0,0.33,BULL,Telecom,135,2023-10-18,-2.3000000000000025,SL,1,LYFT
2023-10-24,164.47000122070312,161.18060119628905,174.14083729248046,2.0,5.88,0.45,BEAR,Real_Estate_Data,135,2023-10-25,-2.3000000000000096,SL,1,ZS
2023-10-24,9.630000114440918,9.38539811153412,10.015200119018555,2.54,4.0,0.45,BEAR,Real_Estate_Data,125,2023-10-25,-2.8399999999999945,SL,1,SNAP
2023-10-24,84.10154708038098,82.41951613877336,88.32344474381611,2.0,5.02,0.45,BEAR,Real_Estate_Data,125,2023-10-25,-2.3000000000000025,SL,1,AVGO
2023-10-27,20.372277699203416,19.964832145219347,21.75148089943949,2.0,6.77,0.45,BEAR,Utilities_Electric,105,2023-10-30,-2.3000000000000007,SL,1,BKU
2023-10-27,9.329999923706055,9.143399925231934,10.07639991760254,2.0,8.0,0.45,BEAR,Utilities_Electric,150,2023-11-01,7.700000000000011,TP,3,SNAP
2023-10-31,15.328342962634482,15.021776103381791,16.55461039964524,2.0,8.0,0.45,BEAR,Energy_Services,115,2023-11-01,-2.300000000000005,SL,1,VFC
2023-10-27,9.841581441133172,9.64474981231051,10.584620839938726,2.0,7.55,0.45,BEAR,Utilities_Electric,110,2023-11-02,7.24999999999999,TP,4,FHN
2023-11-08,20.25,19.845,21.491325,2.0,6.13,0.33,BULL,Telecom,145,2023-11-09,-2.300000000000006,SL,1,GSAT
2023-11-03,1387.5874792732775,1347.0699248784979,1443.0909784442085,2.92,4.0,0.33,BULL,Consumer_Retail,110,2023-11-14,3.699999999999995,TP,7,FCNCA
2023-11-10,18.40999984741211,18.041799850463867,19.88279983520508,2.0,8.0,0.33,BULL,Real_Estate_Data,145,2023-11-14,7.700000000000013,TP,2,VSCO
2023-11-13,20.254040310759063,19.84895950454388,21.87436353561979,2.0,8.0,0.33,BULL,Telecom,145,2023-11-14,7.700000000000007,TP,1,CADE
2023-11-15,100.31999969482422,98.31359970092774,104.33279968261719,2.0,4.0,0.33,BULL,Utilities_Electric,100,2023-11-16,-2.2999999999999954,SL,1,BNTX
2023-11-20,125.0,122.5,130.2875,2.0,4.23,0.33,BULL,Consumer_Food,140,2023-11-21,3.929999999999996,TP,1,PANW
2023-11-21,42.403152334427986,41.55508928773943,44.09927842780511,2.0,4.0,0.33,BULL,Consumer_Food,105,2023-11-22,-2.299999999999997,SL,1,CALM
2023-11-22,17.93000030517578,17.539126298522948,19.242476327514648,2.18,7.32,0.33,BULL,Real_Estate_Residential,120,2023-11-24,-2.4800000000000058,SL,1,TARS
2023-11-24,20.911844069049277,20.493607187668292,22.584791594573222,2.0,8.0,0.33,BULL,Telecom,150,2023-11-27,-2.299999999999995,SL,1,VNO
2023-11-20,75.38999938964844,73.88219940185547,81.14979534301759,2.0,7.64,0.33,BULL,Consumer_Food,115,2023-11-29,7.340000000000012,TP,6,ESTC
2023-11-27,180.52999877929688,176.91939880371095,190.4049897125244,2.0,5.47,0.33,BULL,Real_Estate_Office,90,2023-11-29,5.169999999999999,TP,2,TEAM
2023-11-28,48.204898277235316,47.240800311690606,50.13309420832473,2.0,4.0,0.33,BULL,Real_Estate_Office,110,2023-11-30,-2.300000000000007,SL,2,NVDA
2023-11-30,127.69000244140625,125.13620239257813,134.67464557495117,2.0,5.47,0.33,BULL,Energy_Services,95,2023-12-01,5.169999999999999,TP,1,GTLS
2023-11-30,37.560001373291016,36.808801345825195,39.06240142822266,2.0,4.0,0.33,BULL,Energy_Services,85,2023-12-01,-2.3000000000000007,SL,1,FORM
2023-12-04,25.450000762939453,24.941000747680665,26.468000793457033,2.0,4.0,0.33,BULL,Real_Estate_Data,110,2023-12-05,-2.299999999999997,SL,1,PENN
2023-12-01,38.810001373291016,38.0338013458252,40.88633644676209,2.0,5.35,0.33,BULL,Energy_Services,110,2023-12-06,5.050000000000005,TP,3,HALO
2023-12-04,67.5999984741211,66.24799850463867,70.85155840072632,2.0,4.81,0.33,BULL,Real_Estate_Data,100,2023-12-07,4.510000000000001,TP,3,DIOD
2023-12-07,6.800000190734863,6.539560183429718,7.072000198364258,3.83,4.0,0.33,BULL,Real_Estate_Data,130,2023-12-11,-4.1299999999999955,SL,2,LFST
2023-12-08,21.899999618530273,21.461999626159667,23.651999588012696,2.0,8.0,0.33,BULL,Telecom,155,2023-12-11,-2.300000000000005,SL,1,GSAT
2023-12-06,538.6599731445312,527.8867736816406,560.2063720703126,2.0,4.0,0.33,BULL,Telecom,130,2023-12-12,3.7000000000000126,TP,4,SNPS
2023-12-12,8.239854102098413,8.075057020056445,8.899042430266286,2.0,8.0,0.33,BULL,Real_Estate_Data,125,2023-12-13,-2.2999999999999967,SL,1,UNIT
2023-12-12,32.18000030517578,31.536400299072266,34.75440032958985,2.0,8.0,0.33,BULL,Real_Estate_Data,140,2023-12-14,7.700000000000016,TP,2,SGRY
2023-12-13,9.859999656677246,9.64209366426468,10.254399642944337,2.21,4.0,0.33,BULL,Consumer_Retail,110,2023-12-14,3.7000000000000126,TP,1,EOLS
2023-12-14,37.5099983215332,36.257164377593995,40.46578618927002,3.34,7.88,0.33,BULL,Real_Estate_Data,135,2023-12-22,7.580000000000001,TP,6,APPN
2023-12-19,52.57458256965876,51.396911920098404,54.84580453666801,2.24,4.32,0.33,BULL,Consumer_Retail,135,2023-12-22,4.019999999999992,TP,3,JCI
2023-12-20,9.0600004196167,8.878800411224365,9.784800453186035,2.0,8.0,0.33,BULL,Healthcare_Services,115,2023-12-22,7.699999999999999,TP,2,MD
2023-12-27,29.799999237060547,29.203999252319335,32.183999176025395,2.0,8.0,0.33,BULL,Real_Estate_Office,155,2023-12-28,-2.3000000000000043,SL,1,SMCI
2023-12-28,40.349998474121094,39.54299850463867,43.577998352050784,2.0,8.0,0.33,BULL,Real_Estate_Office,135,2023-12-29,-2.3000000000000105,SL,1,APP
2023-12-28,20.350000381469727,19.94300037384033,21.164000396728515,2.0,4.0,0.33,BULL,Real_Estate_Office,95,2024-01-02,-2.300000000000006,SL,2,NCLH
2023-12-29,28.075579646890322,27.514068053952514,30.32162601864155,2.0,8.0,0.33,BULL,Real_Estate_Office,125,2024-01-02,-2.300000000000007,SL,1,VNO
2024-01-03,26.610000610351562,26.07780059814453,28.738800659179688,2.0,8.0,0.33,BULL,Energy_Services,110,2024-01-04,-2.3000000000000007,SL,1,VSCO
2024-01-03,9.350000381469727,9.163000373840331,9.800670399856568,2.0,4.82,0.33,BULL,Energy_Services,100,2024-01-04,-2.300000000000007,SL,1,MD
2024-01-03,27.725000381469727,27.17050037384033,29.943000411987306,2.0,8.0,0.33,BULL,Energy_Services,95,2024-01-08,7.7000000000000055,TP,3,SMCI
2024-01-05,58.17985686619815,57.01625972887419,61.03066985264186,2.0,4.9,0.45,BEAR,Real_Estate_Residential,150,2024-01-08,4.599999999999995,TP,1,MRVL
2024-01-05,27.290000915527344,26.744200897216796,29.473200988769534,2.0,8.0,0.45,BEAR,Real_Estate_Residential,155,2024-01-09,7.700000000000011,TP,2,TNDM
2024-01-09,23.79136294149842,23.31553568266845,25.352076350460713,2.0,6.56,0.33,BULL,Energy_Services,125,2024-01-11,-2.300000000000005,SL,2,BLMN
2024-01-16,28.200000762939453,27.636000747680665,30.456000823974613,2.0,8.0,0.33,BULL,Telecom,155,2024-01-17,-2.2999999999999967,SL,1,GSAT
2024-01-17,9.380000114440918,9.1924001121521,10.01971612224579,2.0,6.82,0.33,BULL,Real_Estate_Data,140,2024-01-18,-2.2999999999999936,SL,1,MD
2024-01-18,51.29999923706055,50.273999252319335,53.35199920654297,2.0,4.0,0.45,BEAR,Healthcare_Services,170,2024-01-19,-2.3000000000000016,SL,1,IONS
2024-01-19,32.459999084472656,31.6387611076355,34.28749703292847,2.53,5.63,0.33,BULL,Consumer_Retail,130,2024-01-23,-2.8299999999999965,SL,2,SGRY
2024-01-22,33.83000183105469,33.15340179443359,36.536401977539064,2.0,8.0,0.33,BULL,Consumer_Retail,145,2024-01-24,-2.300000000000007,SL,2,ARWR
2024-01-17,123.0,120.53999999999999,131.364,2.0,6.8,0.33,BULL,Real_Estate_Data,125,2024-01-26,-2.300000000000007,SL,7,DXCM
2024-01-30,30.389999389648438,29.78219940185547,32.30153035125732,2.0,6.29,0.33,BULL,Real_Estate_Residential,150,2024-01-31,-2.3000000000000016,SL,1,PLAB
2024-01-30,1216.6199951171875,1192.2875952148438,1280.9791928588866,2.0,5.29,0.33,BULL,Real_Estate_Residential,145,2024-01-31,-2.2999999999999954,SL,1,FICO
2024-02-01,85.42392285099491,83.71544439397502,88.84087976503471,2.0,4.0,0.33,BULL,Energy_Services,95,2024-02-06,-2.2999999999999945,SL,3,MU
2024-01-29,37.20000076293945,36.45600074768066,38.688000793457036,2.0,4.0,0.33,BULL,Healthcare_Services,115,2024-02-07,-2.300000000000006,SL,7,RDNT
2024-02-01,135.12106176317818,132.41864052791462,145.93074670423243,2.0,8.0,0.33,BULL,Energy_Services,130,2024-02-09,7.700000000000004,TP,6,QCOM
2024-02-08,158.7100067138672,155.53580657958983,168.91506014556884,2.0,6.43,0.33,BULL,Real_Estate_Data,125,2024-02-09,6.129999999999998,TP,1,ONTO
2024-02-12,79.7610113324755,78.16579110582599,83.1987109209052,2.0,4.31,0.33,BULL,Utilities_Electric,90,2024-02-13,-2.300000000000008,SL,1,BPOP
2024-02-14,74.5999984741211,71.61599853515625,77.58399841308594,4.0,4.0,0.33,BULL,Energy_Services,100,2024-02-15,3.6999999999999984,TP,1,UBER
2024-02-07,18.607779528758464,18.235623938183295,20.09640189105914,2.0,8.0,0.33,BULL,Energy_Services,145,2024-02-16,7.700000000000004,TP,7,LBRT
2024-02-15,34.01313914707661,33.332876364135075,36.73419027884274,2.0,8.0,0.33,BULL,Utilities_Electric,135,2024-02-16,7.700000000000009,TP,1,HP
2024-02-16,35.689998626708984,34.9761986541748,37.11759857177734,2.0,4.0,0.33,BULL,Real_Estate_Office,115,2024-02-20,-2.3000000000000087,SL,1,BJRI
2024-02-20,600.0,588.0,646.8000000000001,2.0,7.8,0.33,BULL,Telecom,170,2024-02-21,-2.3,SL,1,HUBS
2024-02-21,6.590000152587891,6.4582001495361325,7.1145641647338875,2.0,7.96,0.33,BULL,Real_Estate_Office,135,2024-02-22,-2.3000000000000043,SL,1,LFST
2024-02-21,23.980325879671916,23.500719362078478,24.961121208150495,2.0,4.09,0.33,BULL,Real_Estate_Office,145,2024-02-23,3.7899999999999867,TP,2,BLMN
2024-02-23,22.969999313354492,22.5105993270874,24.807599258422854,2.0,8.0,0.33,BULL,Consumer_Travel,145,2024-02-26,-2.3000000000000034,SL,1,CORT
2024-02-26,15.140000343322754,14.837200336456299,16.351200370788575,2.0,8.0,0.33,BULL,Telecom,125,2024-02-27,7.700000000000007,TP,1,NVCR
2024-02-27,16.799999237060547,16.463999252319336,18.143999176025392,2.0,8.0,0.33,BULL,Telecom,140,2024-02-28,-2.2999999999999976,SL,1,OSCR
2024-02-22,151.02000427246094,147.99960418701173,157.0608044433594,2.0,4.0,0.33,BULL,Consumer_Auto,115,2024-02-29,3.700000000000008,TP,5,ABNB
2024-02-28,28.31999969482422,27.753599700927733,30.585599670410158,2.0,8.0,0.33,BULL,Energy_Services,100,2024-02-29,-2.3000000000000043,SL,1,DOCS
2024-03-01,16.3799991607666,16.05239917755127,17.69039909362793,2.0,8.0,0.33,BULL,Real_Estate_Office,145,2024-03-04,-2.3000000000000025,SL,1,OSCR
2024-03-01,40.0,38.4,41.6,4.0,4.0,0.33,BULL,Real_Estate_Office,100,2024-03-04,3.7000000000000037,TP,1,RDNT
2024-03-06,9.725000381469727,9.336000366210937,10.114000396728516,4.0,4.0,0.33,BULL,Utilities_Electric,105,2024-03-07,-4.300000000000001,SL,1,XPEV
2024-03-01,83.77999877929688,82.10439880371094,87.13119873046875,2.0,4.0,0.33,BULL,Real_Estate_Office,120,2024-03-08,-2.3000000000000025,SL,5,ACHC
2024-03-06,175.8750692833058,172.35756789763968,182.91007205463805,2.0,4.0,0.33,BULL,Utilities_Electric,110,2024-03-08,-2.3000000000000034,SL,2,RL
2024-03-08,9.350000381469727,9.163000373840331,9.850225401878358,2.0,5.35,0.33,BULL,Real_Estate_Residential,125,2024-03-11,-2.300000000000007,SL,1,BHC
2024-03-11,9.875,9.48,10.27,4.0,4.0,0.33,BULL,Real_Estate_Office,145,2024-03-12,3.6999999999999957,TP,1,XPEV
2024-03-11,33.0099983215332,32.349798355102536,35.65079818725586,2.0,8.0,0.33,BULL,Real_Estate_Office,140,2024-03-12,-2.3000000000000105,SL,1,ARWR
2024-03-12,44.59482621316421,43.694010723658295,46.37861926169078,2.02,4.0,0.33,BULL,Real_Estate_Data,115,2024-03-13,-2.3199999999999985,SL,1,INTC
2024-03-13,346.89376407613224,339.95588879460956,365.2444441957596,2.0,5.29,0.33,BULL,Real_Estate_Data,140,2024-03-15,-2.3000000000000096,SL,2,WING
2024-03-14,24.829999923706055,24.333399925231934,26.816399917602542,2.0,8.0,0.33,BULL,Real_Estate_Data,135,2024-03-15,-2.2999999999999994,SL,1,PLTR
2024-03-18,193.2899932861328,189.42419342041015,208.75319274902344,2.0,8.0,0.33,BULL,Real_Estate_Data,160,2024-03-19,-2.3000000000000043,SL,1,AMD
2024-03-18,28.81999969482422,28.243599700927735,31.125599670410157,2.0,8.0,0.33,BULL,Real_Estate_Data,160,2024-03-20,7.700000000000004,TP,2,TNDM
2024-03-21,40.0,39.123999999999995,41.6,2.19,4.0,0.33,BULL,Real_Estate_Data,125,2024-03-22,-2.4900000000000118,SL,1,DOCN
2024-03-20,22.219999313354492,21.775599327087402,23.997599258422852,2.0,8.0,0.33,BULL,Real_Estate_Data,110,2024-03-26,7.700000000000004,TP,4,SMTC
2024-03-13,509.68301533751367,499.48935503076336,536.1355638335307,2.0,5.19,0.33,BULL,Real_Estate_Data,135,2024-03-27,3.844846458832243,MaxHold,10,KNSL
2024-03-26,37.47999954223633,36.7303995513916,40.2984955078125,2.0,7.52,0.33,BULL,Healthcare_Services,140,2024-03-27,-2.300000000000006,SL,1,STAA
2024-03-27,42.90999984741211,42.051799850463865,45.463144838333136,2.0,5.95,0.33,BULL,Real_Estate_Office,110,2024-04-01,5.650000000000015,TP,2,URBN
2024-03-28,34.560001373291016,33.8688013458252,36.75456146049499,2.0,6.35,0.33,BULL,Consumer_Travel,135,2024-04-01,-2.2999999999999945,SL,1,RNG
2024-03-28,37.63999938964844,36.88719940185547,40.297383346557616,2.0,7.06,0.33,BULL,Consumer_Travel,140,2024-04-03,6.759999999999998,TP,3,STAA
2024-04-04,82.62999725341797,80.97739730834961,87.29032909851074,2.0,5.64,0.33,BULL,Energy_Services,140,2024-04-05,-2.3000000000000007,SL,1,CAMT
2024-04-03,37.119998931884766,36.37759895324707,40.08959884643555,2.0,8.0,0.33,BULL,Real_Estate_Residential,110,2024-04-09,7.700000000000007,TP,4,APPN
2024-04-08,33.43000030517578,32.761400299072264,35.910506327819824,2.0,7.42,0.33,BULL,Real_Estate_Residential,145,2024-04-12,-2.300000000000005,SL,4,TNDM
2024-04-11,70.16903759210254,68.76565684026049,73.48101616644978,2.0,4.72,0.45,BEAR,Real_Estate_Data,145,2024-04-12,-2.2999999999999994,SL,1,VST
2024-04-03,44.38999938964844,43.50219940185547,47.94119934082032,2.0,8.0,0.33,BULL,Real_Estate_Residential,120,2024-04-15,-2.2999999999999954,SL,8,DKNG
2024-04-16,15.130000114440918,14.812270112037659,15.735200119018556,2.1,4.0,0.45,BEAR,Real_Estate_Residential,125,2024-04-17,-2.3999999999999977,SL,1,DNOW
2024-04-17,27.020000457763672,26.479600448608398,28.406126481246947,2.0,5.13,0.45,BEAR,Energy_Services,120,2024-04-18,-2.3000000000000016,SL,1,ALGM
2024-04-18,178.47999572753906,174.91039581298827,187.38614751434326,2.0,4.99,0.45,BEAR,Energy_Services,145,2024-04-19,-2.300000000000006,SL,1,FSLR
2024-04-17,129.88999938964844,127.29219940185547,139.64473834381104,2.0,7.51,0.45,BEAR,Energy_Services,125,2024-04-24,7.210000000000005,TP,5,GNRC
2024-04-23,156.18437322433655,149.93699829536308,162.43174815331002,4.0,4.0,0.45,BEAR,Industrial_Conglomerate,120,2024-04-29,3.7000000000000055,TP,4,GE
2024-05-01,72.80000305175781,71.34400299072266,75.71200317382812,2.0,4.0,0.45,BEAR,Real_Estate_Data,100,2024-05-03,3.6999999999999966,TP,2,OLLI
2024-05-02,55.450788105803525,54.34177234368745,57.66881963003567,2.0,4.0,0.45,BEAR,Real_Estate_Office,120,2024-05-07,3.700000000000008,TP,3,MLI
2024-05-07,55.734879851614,54.609035278611394,60.19367023974312,2.02,8.0,0.33,BULL,Real_Estate_Office,115,2024-05-08,-2.3199999999999994,SL,1,SAH
2024-05-02,26.993611599181417,26.448340644877952,28.073356063148676,2.02,4.0,0.45,BEAR,Real_Estate_Office,115,2024-05-15,3.700000000000009,TP,9,CADE
2024-05-10,21.3799991607666,20.952399177551268,22.235199127197266,2.0,4.0,0.33,BULL,Consumer_Auto,110,2024-05-15,3.700000000000001,TP,3,S
2024-05-17,110.12999725341797,107.92739730834961,114.5351971435547,2.0,4.0,0.33,BULL,Energy_Services,100,2024-05-20,-2.299999999999998,SL,1,JAZZ
2024-05-10,138.47000122070312,135.70060119628906,144.00880126953126,2.0,4.0,0.33,BULL,Consumer_Auto,115,2024-05-22,-2.3000000000000043,SL,8,DVA
2024-05-21,278.010009765625,272.4498095703125,300.250810546875,2.0,8.0,0.33,BULL,Real_Estate_Office,130,2024-05-22,-2.300000000000007,SL,1,RH
2024-05-23,15.960000038146973,15.640800037384032,17.20328404111862,2.0,7.79,0.33,BULL,Telecom,140,2024-05-24,-2.300000000000005,SL,1,SNAP
2024-05-20,59.64751380355644,58.45456352748531,62.641818996494976,2.0,5.02,0.33,BULL,Utilities_Electric,110,2024-05-28,-2.3000000000000025,SL,5,TEX
2024-05-23,20.81999969482422,20.403599700927735,22.485599670410156,2.0,8.0,0.33,BULL,Telecom,140,2024-05-31,7.7,TP,5,VSCO
2024-05-28,112.0,109.75999999999999,116.61439999999999,2.0,4.12,0.33,BULL,Real_Estate_Data,140,2024-05-31,-2.300000000000008,SL,3,ACLS
2024-05-29,6.960000038146973,6.820800037384033,7.516800041198731,2.0,8.0,0.33,BULL,Real_Estate_Data,135,2024-05-31,7.700000000000002,TP,2,HAIN
2024-06-04,17.047677164971546,16.706723621672115,18.007461389359445,2.0,5.63,0.33,BULL,Healthcare_MedDevices,135,2024-06-05,5.330000000000008,TP,1,HPE
2024-06-06,124.87000274658203,120.76177965621947,131.83774889984133,3.29,5.58,0.33,BULL,Energy_Services,150,2024-06-07,-3.590000000000007,SL,1,SITM
2024-06-04,147.66000366210938,144.7068035888672,159.47280395507815,2.0,8.0,0.33,BULL,Healthcare_MedDevices,155,2024-06-10,-2.2999999999999994,SL,4,MRNA
2024-06-05,37.130001068115234,36.38740104675293,40.089262153244015,2.0,7.97,0.33,BULL,Consumer_Retail,135,2024-06-10,-2.300000000000006,SL,3,DOCN
2024-06-11,119.88129372280471,117.48366784834862,124.6765454717169,2.0,4.0,0.33,BULL,Consumer_Food,100,2024-06-12,-2.3000000000000016,SL,1,PVH
2024-06-12,32.09000015258789,31.197898148345946,33.37360015869141,2.78,4.0,0.33,BULL,Real_Estate_Office,115,2024-06-14,-3.0800000000000054,SL,2,COHU
2024-06-10,207.85619505279885,203.69907115174288,216.48222714749002,2.0,4.15,0.33,BULL,Real_Estate_Office,125,2024-06-17,3.8500000000000076,TP,5,DKS
2024-06-14,105.54474639892578,103.43385147094726,113.98832611083985,2.0,8.0,0.33,BULL,Consumer_Auto,135,2024-06-20,-2.300000000000005,SL,3,ILMN
2024-06-21,160.80999755859375,155.2138096435547,167.2423974609375,3.48,4.0,0.33,BULL,Real_Estate_Industrial,115,2024-06-24,3.6999999999999984,TP,1,ALNY
2024-06-18,41.563337964110424,40.732071204828216,44.04466924056782,2.0,5.97,0.33,BULL,Energy_Services,125,2024-06-26,5.670000000000011,TP,5,STEP
2024-06-18,177.23320128556034,173.68853725984914,184.32252933698277,2.0,4.0,0.33,BULL,Energy_Services,110,2024-06-27,-2.299999999999996,SL,6,RL
2024-06-26,115.12999725341797,112.8273973083496,120.47202912597656,2.0,4.64,0.33,BULL,Real_Estate_Office,130,2024-06-27,4.339999999999999,TP,1,CAMT
2024-06-28,135.4873652811779,132.77761797555434,146.32635450367212,2.0,8.0,0.33,BULL,Real_Estate_Office,140,2024-07-01,-2.2999999999999954,SL,1,DELL
2024-07-01,7.53000020980835,7.379400205612183,8.132400226593019,2.0,8.0,0.33,BULL,Real_Estate_Office,145,2024-07-02,-2.2999999999999976,SL,1,MD
2024-07-02,72.80999755859375,71.35379760742187,75.7223974609375,2.0,4.0,0.33,BULL,Real_Estate_Office,95,2024-07-03,-2.3000000000000105,SL,1,EAT
2024-07-03,16.25,15.924999999999999,16.9455,2.0,4.28,0.33,BULL,Energy_Services,120,2024-07-05,-2.300000000000007,SL,1,SNAP
2024-06-27,117.13999938964844,114.79719940185547,121.82559936523438,2.0,4.0,0.33,BULL,Real_Estate_Office,110,2024-07-08,3.7000000000000055,TP,6,ICUI
2024-07-08,45.220001220703125,44.31560119628906,48.837601318359376,2.0,8.0,0.33,BULL,Energy_Services,145,2024-07-09,-2.300000000000008,SL,1,STAA
2024-07-05,45.540000915527344,44.6292008972168,48.368034972381594,2.0,6.21,0.33,BULL,Real_Estate_Data,135,2024-07-11,5.910000000000005,TP,4,IONS
2024-07-09,52.56357604319132,51.328332006176325,54.666119084918975,2.35,4.0,0.33,BULL,Telecom,120,2024-07-11,3.700000000000008,TP,2,SLG
2024-07-11,16.940000534057617,16.26240051269531,17.617600555419923,4.0,4.0,0.33,BULL,Telecom,125,2024-07-12,-4.300000000000005,SL,1,SOC
2024-07-15,105.36612274280218,103.25880028794613,109.58076765251427,2.0,4.0,0.33,BULL,Consumer_Retail,120,2024-07-17,-2.3000000000000025,SL,2,LRCX
2024-07-15,85.7300033569336,83.35528226394653,90.06794152679443,2.77,5.06,0.33,BULL,Consumer_Retail,115,2024-07-17,-3.0699999999999985,SL,2,APP
2024-07-12,246.3000030517578,241.37400299072266,266.0040032958984,2.0,8.0,0.33,BULL,Semiconductors,115,2024-07-18,7.699999999999997,TP,4,MDB
2024-07-22,43.470001220703125,42.60060119628906,46.947601318359375,2.0,8.0,0.45,BEAR,Real_Estate_Data,145,2024-07-23,-2.3,SL,1,TNDM
2024-07-22,18.43000030517578,18.061400299072265,19.904400329589844,2.0,8.0,0.45,BEAR,Real_Estate_Data,135,2024-07-23,-2.300000000000005,SL,1,VSCO
2024-07-22,8.789999961853027,8.438399963378906,9.193460960102081,4.0,4.59,0.45,BEAR,Real_Estate_Data,135,2024-07-23,-4.300000000000003,SL,1,XPEV
2024-07-24,258.3699951171875,253.20259521484374,279.03959472656254,2.0,8.0,0.33,BULL,Telecom,155,2024-07-25,-2.3000000000000043,SL,1,RH
2024-07-24,35.318204566751554,34.61184047541652,38.14366093209168,2.0,8.0,0.33,BULL,Telecom,110,2024-07-25,-2.3000000000000043,SL,1,HP
2024-07-25,99.90267710830028,97.90462356613428,103.89878419263229,2.0,4.0,0.45,BEAR,Telecom,140,2024-07-26,3.6999999999999984,TP,1,FELE
2024-07-26,35.400001525878906,34.309681478881835,38.23200164794922,3.08,8.0,0.45,BEAR,Telecom,145,2024-07-29,-3.3800000000000026,SL,1,LCID
2024-07-26,266.30999755859375,258.9332106262207,287.61479736328124,2.77,8.0,0.45,BEAR,Telecom,140,2024-07-29,7.699999999999997,TP,1,RH
2024-07-29,164.67461323879402,161.38112097401813,171.3274676136413,2.0,4.04,0.45,BEAR,Energy_Services,125,2024-08-01,3.739999999999992,TP,3,ALL
2024-07-30,34.599998474121094,33.90799850463867,37.36799835205078,2.0,8.0,0.45,BEAR,Real_Estate_Data,135,2024-08-01,-2.300000000000007,SL,2,LCID
2024-07-31,18.02600789679546,17.66548773885955,18.9741759121669,2.0,5.26,0.45,BEAR,Real_Estate_Office,125,2024-08-01,-2.299999999999999,SL,1,CVBF
2024-08-05,10.119999885559082,9.917599887847901,10.92959987640381,2.0,8.0,0.45,BEAR,Real_Estate_Data,100,2024-08-06,-2.2999999999999936,SL,1,AHCO
2024-08-05,59.97768381551743,58.77813013920708,62.48475099900606,2.0,4.18,0.45,BEAR,Real_Estate_Data,95,2024-08-06,-2.300000000000005,SL,1,KMPR
2024-08-07,64.48885237362322,62.721857818585946,67.06840646856814,2.74,4.0,0.45,BEAR,Telecom,165,2024-08-12,-3.039999999999993,SL,3,BXP
2024-08-07,8.112412775986996,7.935562177470479,8.436909287026477,2.18,4.0,0.45,BEAR,Telecom,160,2024-08-13,3.7000000000000126,TP,4,PDM
2024-08-02,27.345639102162043,26.798726320118803,28.764877771564255,2.0,5.19,0.45,BEAR,Real_Estate_Industrial,140,2024-08-16,1.1608265756731764,MaxHold,10,GTY
2024-08-16,6.760797023773193,6.625581083297729,7.19010763478279,2.0,6.35,0.33,BULL,Telecom,145,2024-08-19,6.049999999999985,TP,1,UNIT
2024-08-19,123.29000091552734,120.8242008972168,129.77505496368408,2.0,5.26,0.33,BULL,Consumer_Food,110,2024-08-23,-2.299999999999999,SL,4,MASI
2024-08-22,222.0,217.56,231.9234,2.0,4.47,0.33,BULL,Real_Estate_Data,110,2024-08-26,4.169999999999995,TP,2,FSLR
2024-08-26,61.0,59.78,65.88000000000001,2.0,8.0,0.33,BULL,Healthcare_Services,115,2024-08-27,-2.299999999999998,SL,1,SMCI
2024-08-26,198.21502978239786,194.2507291867499,208.9384628936256,2.0,5.41,0.33,BULL,Healthcare_Services,110,2024-08-27,-2.299999999999999,SL,1,AMAT
2024-08-27,51.369998931884766,49.31519897460937,53.42479888916016,4.0,4.0,0.33,BULL,Energy_Services,135,2024-08-28,3.7000000000000037,TP,1,BILL
2024-08-28,94.30000305175781,92.41400299072265,101.84400329589845,2.0,8.0,0.33,BULL,Telecom,130,2024-08-30,-2.300000000000006,SL,2,CAMT
2024-08-29,5.28000020980835,5.174400205612183,5.702400226593018,2.0,8.0,0.33,BULL,Telecom,135,2024-08-30,-2.299999999999998,SL,1,LUMN
2024-08-28,879.0666530736285,861.4853200121559,928.0306656498296,2.0,5.57,0.33,BULL,Telecom,105,2024-09-03,-2.3000000000000043,SL,3,ASML
2024-09-03,115.96037175405029,113.64116431896927,125.23720149437432,2.0,8.0,0.33,BULL,Real_Estate_Data,130,2024-09-04,-2.300000000000005,SL,1,NVDA
2024-09-03,31.3799991607666,30.75239917755127,33.7993970960617,2.0,7.71,0.33,BULL,Real_Estate_Data,135,2024-09-05,-2.3000000000000034,SL,2,SGRY
2024-09-05,35.869998931884766,35.15259895324707,38.635575849533076,2.0,7.71,0.33,BULL,Real_Estate_Office,160,2024-09-09,7.409999999999987,TP,2,DOCN
2024-09-06,17.979999542236328,17.6203995513916,18.855625519943235,2.0,4.87,0.45,BEAR,Real_Estate_Office,155,2024-09-09,-2.3000000000000096,SL,1,NVST
2024-09-04,19.049999237060547,18.668999252319335,20.573999176025392,2.0,8.0,0.33,BULL,Telecom,155,2024-09-10,-2.300000000000007,SL,4,GSAT
2024-09-10,40.38999938964844,39.58219940185547,43.62119934082032,2.0,8.0,0.45,BEAR,Real_Estate_Data,155,2024-09-11,-2.2999999999999994,SL,1,SMTC
2024-09-11,7.179999828338623,7.036399831771851,7.754399814605714,2.0,8.0,0.45,BEAR,Real_Estate_Data,120,2024-09-13,7.700000000000013,TP,2,TDOC
2024-09-10,48.84635747926895,47.869430329683574,52.754066077610474,2.0,8.0,0.45,BEAR,Real_Estate_Data,145,2024-09-17,7.700000000000011,TP,5,STEP
2024-09-16,11.130000114440918,10.853976111602783,11.6419801197052,2.48,4.6,0.33,BULL,Consumer_Retail,110,2024-09-18,4.300000000000004,TP,2,AHCO
2024-09-12,7.920000076293945,7.761600074768066,8.55360008239746,2.0,8.0,0.45,BEAR,Consumer_Food,155,2024-09-20,-2.300000000000005,SL,6,HAIN
2024-09-19,52.58000183105469,51.52840179443359,56.61288797149658,2.0,7.67,0.33,BULL,Consumer_Auto,120,2024-09-20,-2.3000000000000043,SL,1,GTLB
2024-09-24,25.579999923706055,24.55679992675781,27.62639991760254,4.0,8.0,0.33,BULL,Real_Estate_Office,180,2024-09-25,-4.300000000000003,SL,1,SOC
2024-09-24,30.149999618530273,29.546999626159668,32.5619995880127,2.0,8.0,0.33,BULL,Real_Estate_Office,135,2024-09-25,-2.3000000000000007,SL,1,CHWY
2024-09-24,5.760000228881836,5.529600219726563,5.990400238037109,4.0,4.0,0.33,BULL,Real_Estate_Office,120,2024-09-26,3.6999999999999984,TP,2,NIO
2024-09-27,33.34000015258789,32.67320014953613,34.813628159332275,2.0,4.42,0.33,BULL,Real_Estate_Office,130,2024-09-30,-2.3000000000000123,SL,1,TARS
2024-09-27,27.049226032634675,26.508241511981982,29.21316411524545,2.0,8.0,0.33,BULL,Real_Estate_Office,125,2024-10-02,-2.2999999999999963,SL,3,NX
2024-10-01,29.54565643776875,28.954743309013374,31.277031905021996,2.0,5.86,0.33,BULL,Energy_Services,100,2024-10-02,-2.2999999999999994,SL,1,AMKR
2024-10-03,270.2200012207031,264.81560119628904,281.02880126953124,2.0,4.0,0.33,BULL,Telecom,140,2024-10-04,3.6999999999999975,TP,1,MNDY
2024-10-03,120.87860561160097,118.27971559095155,126.98297519498682,2.15,5.05,0.33,BULL,Telecom,160,2024-10-07,4.749999999999997,TP,2,NVDA
2024-10-07,12.479999542236328,12.230399551391601,13.024127522277833,2.0,4.36,0.33,BULL,Telecom,120,2024-10-08,-2.3000000000000043,SL,1,PATH
2024-10-08,55.630001068115234,54.51740104675293,58.40593812141419,2.0,4.99,0.33,BULL,Real_Estate_Data,100,2024-10-09,4.690000000000007,TP,1,AMBA
2024-10-09,243.82000732421875,238.94360717773438,263.3256079101563,2.0,8.0,0.33,BULL,Real_Estate_Data,150,2024-10-10,-2.299999999999999,SL,1,TSLA
2024-09-27,333.4599914550781,324.456571685791,346.79839111328124,2.7,4.0,0.33,BULL,Real_Estate_Office,135,2024-10-11,0.7376123257120533,MaxHold,10,BIO
2024-10-10,6.230000019073486,6.105400018692016,6.7284000205993655,2.0,8.0,0.33,BULL,Utilities_Electric,115,2024-10-11,-2.3000000000000043,SL,1,NIO
2024-10-14,27.049999237060547,26.508999252319335,29.213999176025393,2.0,8.0,0.33,BULL,Utilities_Electric,155,2024-10-15,-2.300000000000005,SL,1,LI
2024-10-11,254.5622928253037,249.47104696879762,274.927276251328,2.0,8.0,0.33,BULL,Utilities_Electric,135,2024-10-16,7.7000000000000055,TP,3,CEG
2024-10-14,89.75593650498459,87.9608177748849,93.34617396518398,2.0,4.0,0.33,BULL,Utilities_Electric,140,2024-10-21,-2.2999999999999954,SL,5,LMAT
2024-10-18,120.0,117.6,126.35999999999999,2.0,5.3,0.33,BULL,Energy_Services,110,2024-10-22,-2.300000000000005,SL,2,SNOW
2024-10-22,227.1300048828125,222.58740478515625,236.215205078125,2.0,4.0,0.33,BULL,Utilities_Electric,150,2024-10-23,-2.299999999999999,SL,1,PI
2024-10-17,97.97114749409027,96.01172454420846,105.80883929361751,2.0,8.0,0.33,BULL,Energy_Services,125,2024-10-24,-2.300000000000007,SL,5,WYNN
2024-10-24,112.81474029299397,110.5584454871341,117.32732990471374,2.0,4.0,0.33,BULL,Real_Estate_Data,140,2024-10-25,3.700000000000002,TP,1,HCI
2024-10-25,259.9512111297897,254.75218690719393,278.121800787762,2.0,6.99,0.33,BULL,Real_Estate_Office,145,2024-10-29,-2.3000000000000007,SL,2,EVR
2024-10-29,104.67461252836675,102.58112027779941,109.61525423970565,2.0,4.72,0.33,BULL,Telecom,110,2024-11-01,-2.3000000000000016,SL,3,BOKF
2024-10-23,39.094972054568856,38.31307261347748,41.19046255669375,2.0,5.36,0.33,BULL,Consumer_Travel,135,2024-11-06,5.060000000000014,TP,10,CFG
2024-10-30,11.380000114440918,11.1524001121521,12.290400123596193,2.0,8.0,0.33,BULL,Telecom,100,2024-11-06,-2.3000000000000034,SL,5,FOLD
2024-11-04,44.400001525878906,43.512001495361325,47.90760164642334,2.0,7.9,0.45,BEAR,Real_Estate_Office,150,2024-11-06,7.599999999999994,TP,2,SMTC
2024-11-12,20.75,20.335,22.41,2.0,8.0,0.33,BULL,Consumer_Retail,120,2024-11-13,-2.299999999999996,SL,1,NVST
2024-11-12,151.30999755859375,148.28379760742186,157.3623974609375,2.0,4.0,0.33,BULL,Consumer_Retail,100,2024-11-13,-2.3000000000000096,SL,1,ILMN
2024-11-14,31.415000915527344,30.783559397125245,32.9731849609375,2.01,4.96,0.33,BULL,Telecom,125,2024-11-15,-2.309999999999997,SL,1,FROG
2024-11-14,25.782385628909157,25.20486019082159,26.813681054065526,2.24,4.0,0.33,BULL,Telecom,90,2024-11-19,-2.5400000000000027,SL,3,PRGO
2024-11-18,13.029999732971191,12.769399738311767,14.072399711608888,2.0,8.0,0.33,BULL,Telecom,115,2024-11-19,-2.3000000000000025,SL,1,XPEV
2024-11-20,20.260000228881836,19.8548002243042,21.64173224449158,2.0,6.82,0.33,BULL,Real_Estate_Data,165,2024-11-21,-2.3,SL,1,PENN
2024-11-14,41.40560595635993,40.57749383723273,43.06183019461432,2.0,4.0,0.33,BULL,Telecom,120,2024-11-25,3.6999999999999966,TP,7,APAM
2024-11-22,26.25,25.724999999999998,28.35,2.0,8.0,0.33,BULL,Telecom,145,2024-11-25,7.7000000000000055,TP,1,GSAT
2024-12-02,195.1199951171875,191.21759521484375,202.92479492187502,2.0,4.0,0.33,BULL,Consumer_Travel,140,2024-12-04,3.70000000000001,TP,2,PANW
2024-12-02,106.02999877929688,101.788798828125,110.27119873046875,4.0,4.0,0.33,BULL,Consumer_Travel,110,2024-12-04,3.7000000000000037,TP,2,NET
2024-11-20,19.55230871655509,19.161262542223987,21.116493413879496,2.0,8.0,0.33,BULL,Real_Estate_Data,135,2024-12-05,2.476061204592333,MaxHold,10,SEM
2024-12-05,10.989999771118164,10.7701997756958,11.869199752807617,2.0,8.0,0.33,BULL,Real_Estate_Office,145,2024-12-09,-2.3,SL,2,TDOC
2024-12-06,43.52000045776367,42.175232443618775,47.00160049438477,3.09,8.0,0.33,BULL,Energy_Services,105,2024-12-09,7.700000000000004,TP,1,MRNA
2024-12-05,205.6300048828125,201.51740478515626,216.75458814697265,2.0,5.41,0.33,BULL,Real_Estate_Office,160,2024-12-10,-2.2999999999999954,SL,3,ZS
2024-12-10,15.6899995803833,15.376199588775634,16.945199546813967,2.0,8.0,0.33,BULL,Real_Estate_Data,145,2024-12-11,-2.3000000000000034,SL,1,OSCR
2024-12-12,155.82000732421875,152.70360717773437,166.6806618347168,2.0,6.97,0.33,BULL,Energy_Services,150,2024-12-13,-2.3000000000000034,SL,1,DDOG
2024-12-11,128.47000122070312,125.90060119628906,133.60880126953126,2.0,4.0,0.33,BULL,Energy_Services,120,2024-12-17,3.7000000000000046,TP,4,EAT
2024-12-10,108.05359948988885,105.89252750009108,112.68909890800508,2.0,4.29,0.33,BULL,Real_Estate_Data,120,2024-12-18,-2.299999999999999,SL,6,PVH
2024-12-16,79.01000213623047,77.42980209350586,84.26416727828979,2.0,6.65,0.33,BULL,Consumer_Travel,125,2024-12-18,-2.3000000000000043,SL,2,SYNA
2024-12-18,50.18000030517578,49.17640029907226,54.19440032958985,2.0,8.0,0.33,BULL,Consumer_Auto,140,2024-12-19,-2.300000000000005,SL,1,W
2024-12-20,32.65999984741211,32.006799850463864,34.825357837295535,2.0,6.63,0.45,BEAR,Energy_Services,140,2024-12-23,6.330000000000007,TP,1,TNDM
2024-12-24,19.25,18.865,20.318375000000003,2.0,5.55,0.45,BEAR,Energy_Services,140,2024-12-31,-2.300000000000008,SL,4,PCRX
2025-01-02,22.100000381469727,21.65800037384033,23.014940397262574,2.0,4.14,0.45,BEAR,Consumer_Auto,120,2025-01-03,3.8400000000000043,TP,1,ALGM
2024-12-20,62.33000183105469,61.08340179443359,67.31640197753907,2.0,8.0,0.45,BEAR,Energy_Services,150,2025-01-06,7.700000000000016,TP,9,SMTC
2024-12-20,122.13999938964844,119.69719940185547,131.91119934082033,2.0,8.0,0.45,BEAR,Energy_Services,140,2025-01-06,7.700000000000016,TP,9,SLAB
2025-01-06,16.139840860334356,15.81704404312767,17.208298325288492,2.0,6.62,0.45,BEAR,Real_Estate_Office,140,2025-01-07,-2.299999999999997,SL,1,M
2025-01-08,23.43000030517578,22.961400299072267,25.304400329589846,2.0,8.0,0.45,BEAR,Telecom,105,2025-01-10,-2.2999999999999954,SL,1,LI
2025-01-10,111.60610784613164,109.37398568920901,118.22435004140723,2.0,5.93,0.45,BEAR,Real_Estate_Residential,105,2025-01-13,-2.299999999999996,SL,1,HCI
2025-01-13,44.792328953184686,43.89648237412099,47.891958116745066,2.0,6.92,0.45,BEAR,Real_Estate_Residential,125,2025-01-14,-2.3,SL,1,AAP
2025-01-14,36.599998474121094,35.86799850463867,38.08961841201782,2.0,4.07,0.45,BEAR,Utilities_Electric,130,2025-01-15,-2.3000000000000043,SL,1,TNDM
2025-01-14,116.35132568888689,114.02429917510915,123.15787824168677,2.0,5.85,0.45,BEAR,Utilities_Electric,120,2025-01-17,5.5500000000000025,TP,3,MRVL
2025-01-15,23.559999465942383,22.617599487304688,25.352915425300598,4.0,7.61,0.45,BEAR,Energy_Services,145,2025-01-21,7.309999999999999,TP,3,SOC
2025-01-24,48.61000061035156,47.63780059814453,50.55440063476563,2.0,4.0,0.33,BULL,Real_Estate_Residential,100,2025-01-28,-2.3000000000000025,SL,2,VAL
2025-01-24,189.2746435813605,185.48915070973328,196.84562932461492,2.0,4.0,0.33,BULL,Real_Estate_Residential,95,2025-01-29,3.700000000000003,TP,3,PNC
2025-01-30,25.93000030517578,25.411400299072266,28.004400329589846,2.0,8.0,0.33,BULL,Utilities_Electric,155,2025-01-31,-2.299999999999998,SL,1,SOC
2025-01-29,207.77000427246094,203.6146041870117,216.08080444335937,2.0,4.0,0.33,BULL,Real_Estate_Data,165,2025-02-03,-2.300000000000006,SL,3,GTLS
2025-01-24,16.590781611866486,16.258965979629156,17.43857055223286,2.0,5.11,0.33,BULL,Real_Estate_Residential,115,2025-02-07,2.287690188863821,MaxHold,10,KEY
2025-02-04,181.30999755859375,177.68379760742187,195.81479736328126,2.0,8.0,0.33,BULL,Real_Estate_Data,100,2025-02-07,7.700000000000004,TP,3,PANW
2025-02-04,122.03785143125539,119.59709440263028,128.56687648282755,2.0,5.35,0.33,BULL,Real_Estate_Data,140,2025-02-12,5.05,TP,6,CAH
2025-02-11,398.1700134277344,390.20661315917965,421.1842402038574,2.0,5.78,0.33,BULL,Utilities_Electric,95,2025-02-13,-2.3000000000000087,SL,2,LULU
2025-02-11,231.9199981689453,227.2815982055664,241.19679809570314,2.0,4.0,0.33,BULL,Utilities_Electric,110,2025-02-14,-2.299999999999998,SL,3,AMZN
2025-02-13,14.25,13.965,15.268874999999998,2.0,7.15,0.33,BULL,Real_Estate_Residential,140,2025-02-14,6.8499999999999845,TP,1,PATH
2025-02-14,39.95292649939134,38.79029633825905,43.14916061934265,2.91,8.0,0.33,BULL,Real_Estate_Residential,140,2025-02-18,-3.210000000000009,SL,1,JACK
2025-02-19,114.04000091552734,111.7592008972168,118.60160095214844,2.0,4.0,0.33,BULL,Real_Estate_Data,145,2025-02-20,-2.299999999999997,SL,1,ESTC
2025-02-19,61.95836343936023,60.71919617057302,65.71304026378546,2.0,6.06,0.33,BULL,Real_Estate_Data,100,2025-02-20,-2.3000000000000025,SL,1,QSR
2025-02-21,14.850706280443964,14.553692154835085,15.943718262684637,2.0,7.36,0.33,BULL,Energy_Services,115,2025-02-24,-2.2999999999999967,SL,1,NOV
2025-02-24,119.16999816894531,116.7865982055664,126.14144306182861,2.0,5.85,0.45,BEAR,Real_Estate_Data,140,2025-02-25,-2.3,SL,1,BNTX
2025-02-25,14.21500015258789,13.930700149536133,15.352200164794922,2.0,8.0,0.45,BEAR,Consumer_Travel,140,2025-02-26,-2.3000000000000007,SL,1,EOLS
2025-02-19,448.0,439.03999999999996,472.2816,2.0,5.42,0.33,BULL,Real_Estate_Data,125,2025-02-28,-2.300000000000008,SL,7,IDXX
2025-02-27,23.700000762939453,23.226000747680665,25.59600082397461,2.0,8.0,0.45,BEAR,Telecom,155,2025-02-28,-2.2999999999999967,SL,1,INTC
2025-02-26,465.7101725803759,455.0454096282853,484.338579483591,2.29,4.0,0.45,BEAR,Telecom,105,2025-03-03,3.700000000000009,TP,3,DPZ
2025-03-03,64.0199966430664,62.68838071289062,69.14159637451172,2.08,8.0,0.45,BEAR,Consumer_Travel,150,2025-03-04,-2.380000000000008,SL,1,LSCC
2025-03-03,25.0,24.0,27.0,4.0,8.0,0.45,BEAR,Consumer_Travel,135,2025-03-04,-4.3,SL,1,INTC
2025-03-04,14.59000015258789,14.298200149536132,15.757200164794924,2.0,8.0,0.45,BEAR,Real_Estate_Data,110,2025-03-05,7.700000000000011,TP,1,OSCR
2025-03-05,28.299999237060547,27.733999252319336,30.563999176025394,2.0,8.0,0.45,BEAR,Telecom,155,2025-03-06,-2.3,SL,1,LI
2025-03-06,181.5,177.87,190.9743,2.0,5.22,0.45,BEAR,Utilities_Electric,125,2025-03-07,-2.2999999999999976,SL,1,MASI
2025-03-10,22.469999313354492,21.649844338417054,23.402504284858704,3.65,4.15,0.45,BEAR,Telecom,150,2025-03-11,-3.9499999999999957,SL,1,HPP
2025-03-05,148.7157588906522,145.74144371283916,160.6130196019044,2.0,8.0,0.45,BEAR,Telecom,155,2025-03-13,-2.300000000000007,SL,6,OLED
2025-03-12,27.196473609098078,26.652544136916116,29.372191497825927,2.0,8.0,0.45,BEAR,Consumer_Food,115,2025-03-13,-2.2999999999999994,SL,1,PRGO
2025-03-10,46.44831242060463,45.519346172192535,49.732208108741375,2.0,7.07,0.45,BEAR,Telecom,130,2025-03-19,6.769999999999996,TP,7,GM
2025-03-25,95.86581941462131,93.94850302632888,103.53508496779102,2.0,8.0,0.33,BULL,Energy_Services,155,2025-03-26,-2.3000000000000087,SL,1,MU
2025-03-14,26.950000762939453,25.872000732421874,29.10600082397461,4.0,8.0,0.45,BEAR,Telecom,165,2025-03-27,-4.3000000000000025,SL,9,ALGM
2025-03-14,40.39457544694365,39.586683938004775,43.44032643564319,2.0,7.54,0.45,BEAR,Telecom,115,2025-03-28,3.8010236378298705,MaxHold,10,VZ
2025-03-28,19.709999084472656,19.315799102783203,21.28679901123047,2.0,8.0,0.45,BEAR,Energy_Services,120,2025-03-31,-2.3000000000000025,SL,1,TNDM
2025-03-27,98.25785413662616,96.29269705389363,103.29848205383507,2.0,5.13,0.45,BEAR,Real_Estate_Data,135,2025-04-03,4.829999999999986,TP,5,CCI
2025-04-01,42.459374124528914,41.610186642038336,45.85612405449123,2.0,8.0,0.45,BEAR,Real_Estate_Office,135,2025-04-03,-2.299999999999999,SL,2,CG
2025-04-01,148.16000366210938,145.1968035888672,157.5533478942871,2.0,6.34,0.45,BEAR,Real_Estate_Office,135,2025-04-03,-2.299999999999993,SL,2,EAT
2025-04-10,64.73999786376953,63.44519790649414,68.5985017364502,2.0,5.96,0.45,BEAR,Utilities_Electric,160,2025-04-14,5.660000000000012,TP,2,ANIP
2025-04-10,109.0,106.82,117.63279999999999,2.0,7.92,0.45,BEAR,Utilities_Electric,160,2025-04-21,-2.300000000000006,SL,6,OLLI
2025-04-23,144.4074697054916,141.51932031138176,150.18376849371126,2.0,4.0,0.45,BEAR,Utilities_Electric,130,2025-04-24,-2.3,SL,1,HCI
2025-04-23,81.28658088096005,79.27067367511223,84.53804411619845,2.48,4.0,0.45,BEAR,Utilities_Electric,130,2025-04-24,-2.780000000000001,SL,1,PEG
2025-04-10,671.4064282462499,657.9782996813249,711.5565326553757,2.0,5.98,0.45,BEAR,Utilities_Electric,140,2025-04-25,2.892279737194311,MaxHold,10,MCK
2025-04-30,92.07367634202097,90.23220281518056,95.75662339570182,2.0,4.0,0.33,BULL,Real_Estate_Office,105,2025-05-01,-2.2999999999999976,SL,1,DG
2025-04-30,241.5,236.67,258.6948,2.0,7.12,0.33,BULL,Real_Estate_Office,95,2025-05-02,-2.300000000000005,SL,2,BIO
2025-05-01,7.722303026417876,7.5678569658895185,8.340087268531306,2.0,8.0,0.33,BULL,Real_Estate_Office,130,2025-05-06,-2.3,SL,3,BLMN
2025-05-02,25.349522248569954,24.842531803598554,26.609393504323883,2.0,4.97,0.33,BULL,Real_Estate_Data,140,2025-05-06,-2.3000000000000043,SL,2,FIBK
2025-05-07,46.07500076293945,45.15350074768066,48.19905829811096,2.0,4.61,0.33,BULL,Real_Estate_Office,105,2025-05-08,4.310000000000001,TP,1,GTLB
2025-05-05,136.00135425301326,133.28132716795298,146.07905460316155,2.0,7.41,0.33,BULL,Real_Estate_Office,140,2025-05-12,7.110000000000006,TP,5,QCOM
2025-05-07,25.227151326618873,24.722608300086495,26.609599219317587,2.0,5.48,0.33,BULL,Real_Estate_Office,95,2025-05-12,5.18,TP,3,FIBK
2025-05-09,8.399999618530273,8.231999626159668,9.071999588012696,2.0,8.0,0.33,BULL,Real_Estate_Data,120,2025-05-12,7.700000000000011,TP,1,AHCO
2025-05-13,60.43000030517578,59.221400299072265,62.847200317382814,2.0,4.0,0.33,BULL,Real_Estate_Residential,90,2025-05-14,-2.3000000000000016,SL,1,INCY
2025-05-13,267.3999938964844,261.116094039917,278.09599365234374,2.35,4.0,0.33,BULL,Real_Estate_Residential,125,2025-05-15,3.699999999999995,TP,2,ALNY
2025-05-15,32.66999816894531,32.0165982055664,33.976798095703124,2.0,4.0,0.33,BULL,Utilities_Electric,100,2025-05-19,3.6999999999999975,TP,2,IONS
2025-05-16,8.470325220117491,8.300918715715142,9.147951237726891,2.0,8.0,0.33,BULL,Consumer_Travel,140,2025-05-21,-2.2999999999999976,SL,3,VTRS
2025-05-20,163.79060427062717,160.51479218521462,174.15854952095785,2.0,6.33,0.33,BULL,Real_Estate_Office,105,2025-05-21,-2.300000000000006,SL,1,AMAT
2025-05-23,60.017852778746196,58.81749572317127,64.8192810010459,2.0,8.0,0.33,BULL,Real_Estate_Data,160,2025-05-27,7.700000000000004,TP,1,MRVL
2025-05-28,196.34032147569673,192.4135150461828,209.45585495027325,2.0,6.68,0.33,BULL,Telecom,145,2025-05-29,-2.299999999999998,SL,1,NXPI
2025-05-15,119.91000366210938,116.5525235595703,129.50280395507812,2.8,8.0,0.33,BULL,Utilities_Electric,110,2025-05-30,2.293605942770699,MaxHold,10,NBIX
2025-05-23,120.87999725341797,118.46239730834961,130.5503970336914,2.0,8.0,0.33,BULL,Real_Estate_Data,160,2025-05-30,7.700000000000004,TP,4,PLTR
2025-05-30,28.450000762939453,27.881000747680662,29.58800079345703,2.0,4.0,0.33,BULL,Energy_Services,105,2025-06-02,-2.300000000000006,SL,1,LI
2025-06-03,57.55605857124702,56.40493739982208,60.47415074080924,2.0,5.07,0.33,BULL,Energy_Services,115,2025-06-04,-2.299999999999999,SL,1,STEP
2025-06-02,37.310001373291016,36.5638013458252,40.2948014831543,2.0,8.0,0.33,BULL,Energy_Services,145,2025-06-09,7.700000000000014,TP,5,SMTC
2025-06-09,25.469999313354492,24.9605993270874,27.507599258422854,2.0,8.0,0.33,BULL,Utilities_Electric,130,2025-06-10,-2.300000000000006,SL,1,U
2025-06-11,25.0,24.5,27.0,2.0,8.0,0.33,BULL,Utilities_Electric,145,2025-06-12,-2.3,SL,1,U
2025-06-11,92.36000061035156,90.51280059814452,96.05440063476563,2.0,4.0,0.33,BULL,Utilities_Electric,130,2025-06-13,-2.3000000000000087,SL,2,SENEA
2025-06-02,18.758619613070444,18.383447220809035,20.25930918211608,2.0,8.0,0.33,BULL,Energy_Services,135,2025-06-16,3.9775220972478618,MaxHold,10,SCVL
2025-06-13,207.39999389648438,203.25199401855468,223.99199340820314,2.0,8.0,0.33,BULL,Consumer_Auto,110,2025-06-16,-2.3000000000000025,SL,1,MDB
2025-06-16,174.11500549316406,170.6327053833008,181.07960571289064,2.0,4.0,0.33,BULL,Consumer_Travel,155,2025-06-17,3.700000000000008,TP,1,NET
2025-06-17,18.31999969482422,17.953599700927732,19.785599670410157,2.0,8.0,0.33,BULL,Consumer_Travel,150,2025-06-18,-2.3000000000000105,SL,1,NCLH
2025-06-17,67.67676449405167,66.32322920417063,72.13666327420968,2.0,6.59,0.33,BULL,Consumer_Travel,140,2025-06-18,-2.300000000000006,SL,1,BBY
2025-06-18,205.82000732421875,201.70360717773437,222.28560791015627,2.0,8.0,0.33,BULL,Real_Estate_Data,125,2025-06-20,-2.3000000000000025,SL,1,MDB
2025-06-20,182.22000122070312,177.90138719177244,189.50880126953126,2.37,4.0,0.33,BULL,Real_Estate_Office,155,2025-06-23,-2.6700000000000097,SL,1,ALGN
2025-06-20,18.817248028111397,18.44090306754917,20.32262787036031,2.0,8.0,0.33,BULL,Real_Estate_Office,135,2025-06-23,-2.3000000000000025,SL,1,NX
2025-06-24,33.9900016784668,32.960104627609255,35.699698762893675,3.03,5.03,0.33,BULL,Real_Estate_Office,110,2025-06-27,4.729999999999995,TP,3,FORM
2025-06-24,18.530186549760487,18.159582818765276,20.012601473741327,2.0,8.0,0.33,BULL,Real_Estate_Office,130,2025-07-01,7.700000000000011,TP,5,NX
2025-06-30,436.0055670468385,427.2854557059017,453.44578972871204,2.0,4.0,0.33,BULL,Real_Estate_Data,115,2025-07-01,3.6999999999999984,TP,1,GPI
2025-07-02,50.2599983215332,49.25479835510254,52.270398254394536,2.0,4.0,0.33,BULL,Telecom,135,2025-07-03,3.700000000000009,TP,1,LSCC
2025-07-03,122.08914701147616,119.64736407124663,128.9505570735211,2.0,5.62,0.33,BULL,Utilities_Electric,125,2025-07-07,-2.300000000000005,SL,1,MU
2025-07-07,74.2664848150757,72.78115511877418,80.20780360028176,2.0,8.0,0.33,BULL,Utilities_Electric,135,2025-07-08,-2.300000000000008,SL,1,MRVL
2025-06-24,768.782101482922,753.4064594532636,816.5234699850115,2.0,6.21,0.33,BULL,Real_Estate_Office,115,2025-07-09,1.5152669421262506,MaxHold,10,LLY
2025-07-09,138.69000244140625,135.91620239257813,147.01140258789064,2.0,6.0,0.33,BULL,Real_Estate_Office,110,2025-07-11,5.7000000000000135,TP,2,AMD
2025-07-11,6.329999923706055,6.203399925231934,6.726257918930053,2.0,6.26,0.33,BULL,Telecom,145,2025-07-14,-2.2999999999999963,SL,1,NESR
2025-07-09,17.520000457763672,17.1696004486084,18.921600494384766,2.0,8.0,0.33,BULL,Real_Estate_Office,135,2025-07-15,-2.2999999999999954,SL,4,NVCR
2025-07-15,17.68000030517578,17.326400299072265,19.094400329589845,2.0,8.0,0.33,BULL,Telecom,125,2025-07-16,-2.3000000000000025,SL,1,PENN
2025-07-16,98.16999816894531,96.20659820556641,105.11061703948974,2.0,7.07,0.33,BULL,Energy_Services,100,2025-07-17,-2.299999999999998,SL,1,ONTO
2025-07-17,20.760000228881836,20.344800224304198,22.420800247192386,2.0,8.0,0.33,BULL,Real_Estate_Office,145,2025-07-21,7.700000000000013,TP,2,JACK
2025-07-18,32.209999084472656,31.385423107910157,34.78679901123047,2.56,8.0,0.33,BULL,Real_Estate_Office,145,2025-07-21,-2.8599999999999985,SL,1,NBR
2025-07-14,60.27000045776367,59.064600448608395,65.09160049438476,2.0,8.0,0.33,BULL,Real_Estate_Data,105,2025-07-22,-2.300000000000005,SL,6,DOCS
2025-07-22,33.2400016784668,32.57520164489746,34.56960174560547,2.0,4.0,0.33,BULL,Telecom,120,2025-07-24,-2.299999999999998,SL,2,SUPN
2025-07-24,25.079999923706055,24.578399925231935,27.08639991760254,2.0,8.0,0.33,BULL,Telecom,155,2025-07-25,-2.2999999999999954,SL,1,WKHS
2025-07-28,29.5,28.91,31.860000000000003,2.0,8.0,0.33,BULL,Consumer_Auto,110,2025-07-29,-2.2999999999999994,SL,1,LI
2025-07-28,318.45001220703125,312.0810119628906,336.3150578918457,2.0,5.61,0.33,BULL,Consumer_Auto,150,2025-07-30,-2.3000000000000034,SL,2,TSLA
2025-07-31,33.81999969482422,33.14359970092774,35.480561679840086,2.0,4.91,0.33,BULL,Real_Estate_Data,165,2025-08-01,-2.299999999999992,SL,1,NBR
2025-07-31,36.709999084472656,35.9757991027832,39.09247802505493,2.0,6.49,0.33,BULL,Real_Estate_Data,145,2025-08-01,-2.3000000000000105,SL,1,MGM
2025-07-22,6.03000020980835,5.909400205612182,6.512400226593018,2.0,8.0,0.33,BULL,Telecom,135,2025-08-04,7.700000000000002,TP,9,FOLD
2025-08-04,54.1926527602822,53.10879970507656,58.528064981104784,2.0,8.0,0.45,BEAR,Real_Estate_Data,130,2025-08-06,-2.3,SL,2,TECH
2025-08-05,227.0,222.46,245.16000000000003,2.0,8.0,0.33,BULL,Real_Estate_Data,155,2025-08-07,-2.2999999999999967,SL,2,MDB
2025-08-07,65.68000030517578,64.36640029907227,70.93440032958985,2.0,8.0,0.33,BULL,Utilities_Electric,155,2025-08-08,-2.2999999999999967,SL,1,BLKB
2025-08-08,205.60168622342854,201.48965249895997,213.8257536723657,2.0,4.0,0.33,BULL,Utilities_Electric,145,2025-08-11,-2.3000000000000016,SL,1,VST
2025-08-12,331.6776652941842,325.0441119883005,358.21187851771896,2.0,8.0,0.33,BULL,Utilities_Electric,140,2025-08-14,-2.300000000000008,SL,2,WING
2025-08-04,57.165323684799354,56.02201721110337,61.732833047214825,2.0,7.99,0.45,BEAR,Real_Estate_Data,120,2025-08-18,5.721164334757933,MaxHold,10,TSCO
2025-08-12,77.4800033569336,75.93040328979492,80.57920349121095,2.0,4.0,0.33,BULL,Utilities_Electric,120,2025-08-18,-2.299999999999997,SL,4,URBN
2025-08-18,30.889999389648438,30.272199401855467,33.36119934082031,2.0,8.0,0.33,BULL,Telecom,155,2025-08-20,-2.300000000000006,SL,2,DOCN
2025-08-19,143.0,140.14,153.7107,2.0,7.49,0.33,BULL,Telecom,110,2025-08-20,-2.3000000000000096,SL,1,SHOP
2025-08-19,335.7900085449219,329.07420837402344,349.22160888671874,2.0,4.0,0.33,BULL,Telecom,100,2025-08-20,-2.299999999999999,SL,1,TSLA
2025-08-21,411.6199951171875,403.38759521484377,444.54959472656253,2.0,8.0,0.33,BULL,Consumer_Auto,140,2025-08-22,7.700000000000007,TP,1,APP
2025-08-22,36.09000015258789,35.36820014953613,38.9266741645813,2.0,7.86,0.45,BEAR,Telecom,155,2025-08-25,7.560000000000003,TP,1,U
2025-08-27,53.529998779296875,52.45939880371094,57.81239868164063,2.0,8.0,0.33,BULL,Real_Estate_Data,155,2025-08-29,-2.299999999999996,SL,2,LMND
2025-08-25,71.83999633789062,70.40319641113281,77.58719604492188,2.0,8.0,0.33,BULL,Consumer_Food,130,2025-09-02,7.700000000000011,TP,5,W
2025-09-02,54.024335180604076,52.943848476991995,57.15774662107911,2.0,5.8,0.33,BULL,Telecom,135,2025-09-03,-2.2999999999999994,SL,1,TECH
2025-08-21,130.6699981689453,128.05659820556642,139.15048105010985,2.0,6.49,0.33,BULL,Consumer_Auto,120,2025-09-04,6.189999999999988,TP,9,ANET
2025-09-03,21.098786402973282,20.676810674913817,22.189593660007002,2.0,5.17,0.45,BEAR,Real_Estate_Data,120,2025-09-04,4.870000000000008,TP,1,SCVL
2025-09-04,72.43945777549708,70.99066861998713,75.7934046705026,2.0,4.63,0.33,BULL,Real_Estate_Data,120,2025-09-05,4.330000000000009,TP,1,SWK
2025-09-05,28.510000228881836,27.9398002243042,30.149325242042543,2.0,5.75,0.33,BULL,Real_Estate_Data,140,2025-09-08,-2.299999999999997,SL,1,AOSL
2025-09-05,234.22000122070312,229.53560119628906,248.6245312957764,2.0,6.15,0.33,BULL,Real_Estate_Data,140,2025-09-09,5.850000000000011,TP,2,SITM
2025-09-09,6.059999942779541,5.93879994392395,6.544799938201905,2.0,8.0,0.33,BULL,Real_Estate_Data,135,2025-09-10,-2.3000000000000025,SL,1,NIO
2025-09-08,45.869998931884766,44.95259895324707,49.53959884643555,2.0,8.0,0.33,BULL,Real_Estate_Data,160,2025-09-11,7.700000000000013,TP,3,GTLB
2025-09-11,146.92999267578125,143.99139282226562,152.8071923828125,2.0,4.0,0.33,BULL,Real_Estate_Office,135,2025-09-12,-2.3000000000000007,SL,1,FIVE
2025-09-12,22.260000228881836,21.8148002243042,24.040800247192383,2.0,8.0,0.33,BULL,Telecom,155,2025-09-15,-2.2999999999999963,SL,1,ACHC
2025-09-10,308.6293017764249,302.45671574089636,320.9744738474819,2.0,4.0,0.33,BULL,Energy_Services,110,2025-09-23,3.6999999999999993,TP,9,ELV
2025-09-16,191.52000427246094,185.65949214172363,200.25331646728517,3.06,4.56,0.33,BULL,Real_Estate_Data,150,2025-09-23,-3.3600000000000003,SL,5,PI
2025-09-16,30.780000686645508,30.164400672912596,32.596020727157594,2.0,5.9,0.33,BULL,Real_Estate_Data,155,2025-09-25,-2.300000000000007,SL,7,RNG
2025-09-24,308.9115650051907,302.73333370508686,321.26802760539834,2.0,4.0,0.33,BULL,Telecom,120,2025-09-25,-2.3000000000000105,SL,1,RL
2025-09-24,17.000903678388013,16.66088560482025,17.680939825523534,2.0,4.0,0.33,BULL,Telecom,120,2025-09-26,3.700000000000002,TP,2,M
2025-09-26,8.329999923706055,8.163399925231934,8.99639991760254,2.0,8.0,0.33,BULL,Utilities_Electric,135,2025-09-30,-2.2999999999999976,SL,2,SNAP
2025-09-26,338.1823163363314,331.41867000960474,356.1736155654242,2.0,5.32,0.33,BULL,Utilities_Electric,130,2025-09-30,-2.3000000000000043,SL,2,EVR
2025-09-29,110.11585566987023,107.91353855647282,114.52048989666504,2.0,4.0,0.33,BULL,Telecom,135,2025-10-02,3.700000000000003,TP,3,TPR
2025-10-01,38.17417374697893,37.41069027203935,41.15175929924329,2.0,7.8,0.33,BULL,Real_Estate_Data,120,2025-10-02,7.500000000000004,TP,1,CCOI
2025-10-01,76.08497781311863,74.56327825685625,81.9054786158222,2.0,7.65,0.33,BULL,Real_Estate_Data,120,2025-10-06,-2.300000000000005,SL,3,SWKS
2025-10-03,6.119999885559082,5.989643887996674,6.487811878681183,2.13,6.01,0.33,BULL,Energy_Services,125,2025-10-07,5.709999999999997,TP,2,GRAB
2025-10-06,20.040000915527344,19.639200897216796,21.074064962768556,2.0,5.16,0.33,BULL,Utilities_Electric,130,2025-10-07,-2.300000000000006,SL,1,JACK
2025-10-07,101.18000030517578,99.15640029907226,106.96749632263183,2.0,5.72,0.33,BULL,Energy_Services,125,2025-10-08,-2.300000000000006,SL,1,RMBS
2025-10-09,119.6837659867298,117.2900906669952,129.2584672656682,2.0,8.0,0.33,BULL,Energy_Services,155,2025-10-10,-2.3000000000000016,SL,1,WDC
2025-10-09,22.239999771118164,21.7951997756958,24.01919975280762,2.0,8.0,0.33,BULL,Energy_Services,155,2025-10-10,-2.300000000000006,SL,1,LCID
2025-10-09,22.25,21.805,23.880924999999998,2.0,7.33,0.33,BULL,Energy_Services,150,2025-10-10,-2.3000000000000016,SL,1,SAIL
2025-10-14,6.53000020980835,6.399400205612182,7.052400226593018,2.0,8.0,0.45,BEAR,Telecom,155,2025-10-15,7.700000000000002,TP,1,LUMN
2025-10-14,11.883972647042997,11.646293194102137,12.834690458806438,2.0,8.0,0.45,BEAR,Telecom,150,2025-10-15,7.700000000000014,TP,1,LBRT
2025-10-14,19.75,19.355,21.330000000000002,2.0,8.0,0.45,BEAR,Telecom,155,2025-10-16,7.700000000000011,TP,2,OSCR
2025-10-16,279.0,269.6535,290.16,3.35,4.0,0.33,BULL,Real_Estate_Office,115,2025-10-17,-3.649999999999997,SL,1,DASH
2025-10-16,10.1899995803833,9.986199588775635,11.005199546813966,2.0,8.0,0.33,BULL,Real_Estate_Office,140,2025-10-21,7.700000000000011,TP,3,STLA
2025-10-17,129.91000366210938,127.31180358886718,135.10640380859377,2.0,4.0,0.45,BEAR,Energy_Services,90,2025-10-21,3.7000000000000144,TP,2,ALGN
2025-10-22,456.3664243705558,447.0565493133965,482.3793105596775,2.04,5.7,0.33,BULL,Consumer_Auto,115,2025-10-24,-2.339999999999998,SL,2,KNSL
2025-10-28,5.369999885559082,5.2625998878479,5.799599876403809,2.0,8.0,0.33,BULL,Real_Estate_Industrial,140,2025-10-29,-2.3000000000000096,SL,1,MNKD
2025-10-22,227.13140804064767,222.5887798798347,236.21666436227358,2.0,4.0,0.33,BULL,Consumer_Auto,110,2025-10-30,-2.300000000000006,SL,6,DKS
2025-10-20,155.14999389648438,152.0469940185547,166.05703846740724,2.0,7.03,0.45,BEAR,Healthcare_Services,140,2025-11-03,4.166650471925893,MaxHold,10,DDOG
2025-10-31,159.97000122070312,156.77060119628905,170.4480363006592,2.0,6.55,0.33,BULL,Real_Estate_Industrial,115,2025-11-03,6.2500000000000115,TP,1,TEAM
2025-10-31,29.75,29.155,32.109175,2.0,7.93,0.33,BULL,Real_Estate_Industrial,100,2025-11-04,-2.2999999999999963,SL,2,APPN
2025-11-04,101.3499984741211,99.32299850463868,109.4579983520508,2.0,8.0,0.33,BULL,Real_Estate_Data,155,2025-11-05,7.700000000000013,TP,1,RMBS
2025-11-05,22.020000457763672,21.5796004486084,23.32358448486328,2.0,5.92,0.33,BULL,Energy_Services,115,2025-11-06,-2.2999999999999954,SL,1,SGRY
2025-11-06,38.34000015258789,37.573200149536135,41.40720016479492,2.0,8.0,0.33,BULL,Utilities_Electric,150,2025-11-07,-2.2999999999999954,SL,1,INTC
2025-11-06,6.035731404412587,5.915016776324335,6.5185899167655945,2.0,8.0,0.33,BULL,Utilities_Electric,150,2025-11-07,-2.300000000000005,SL,1,PTEN
2025-11-07,54.029998779296875,52.949398803710935,57.22317170715332,2.0,5.91,0.45,BEAR,Telecom,140,2025-11-11,5.6099999999999985,TP,2,VAL
2025-11-10,238.64999389648438,229.34264413452146,254.8065984832764,3.9,6.77,0.45,BEAR,Telecom,135,2025-11-12,-4.200000000000008,SL,2,NET
2025-11-10,323.9800109863281,317.50041076660153,336.93921142578125,2.0,4.0,0.45,BEAR,Telecom,130,2025-11-12,-2.3000000000000087,SL,2,ZS
2025-11-12,9.479999542236328,9.290399551391602,10.238399505615234,2.0,8.0,0.33,BULL,Telecom,135,2025-11-13,-2.3,SL,1,AHCO
2025-11-13,158.62884557167507,155.45626866024156,164.9739993945421,2.0,4.0,0.33,BULL,Energy_Services,125,2025-11-14,-2.300000000000005,SL,1,LRCX
2025-11-13,33.65032074175299,32.977314326917934,36.34234640109323,2.0,8.0,0.33,BULL,Energy_Services,125,2025-11-14,-2.2999999999999945,SL,1,AMKR
2025-11-14,47.939998626708984,46.981198654174804,51.775198516845705,2.0,8.0,0.45,BEAR,Energy_Services,140,2025-11-17,-2.3000000000000007,SL,1,NBR
2025-11-17,45.63999938964844,44.727199401855465,49.29119934082031,2.0,8.0,0.45,BEAR,Real_Estate_Data,155,2025-11-18,-2.300000000000008,SL,1,DOCN
2025-11-17,9.899999618530273,9.701999626159667,10.691999588012695,2.0,8.0,0.45,BEAR,Real_Estate_Data,155,2025-11-18,-2.3000000000000096,SL,1,PUMP
2025-11-18,256.7165015284873,251.58217149791756,277.2538216507663,2.0,8.0,0.45,BEAR,Real_Estate_Data,145,2025-11-20,-2.299999999999999,SL,2,STX
2025-11-19,9.569999694824219,9.378599700927735,10.335599670410158,2.0,8.0,0.45,BEAR,Real_Estate_Data,180,2025-11-20,-2.299999999999995,SL,1,PUMP
2025-11-21,134.72000122070312,132.02560119628907,145.4976013183594,2.0,8.0,0.45,BEAR,Telecom,90,2025-11-24,7.700000000000009,TP,1,ICUI
2025-11-19,65.32704554316652,64.02050463230319,70.44215320919646,2.0,7.83,0.45,BEAR,Real_Estate_Data,155,2025-11-26,7.5300000000000065,TP,5,FLS
2025-11-24,26.149589603410483,25.626597811342272,27.73948465129784,2.0,6.08,0.45,BEAR,Telecom,145,2025-11-26,5.779999999999998,TP,2,HP
2025-12-02,40.33000183105469,39.523401794433596,43.55640197753907,2.0,8.0,0.33,BULL,Consumer_Food,130,2025-12-03,-2.2999999999999945,SL,1,APPN
2025-12-02,36.30782109270264,35.58166467084859,37.760133936410746,2.0,4.0,0.33,BULL,Consumer_Food,90,2025-12-03,-2.299999999999992,SL,1,UFCS
2025-12-04,54.33000183105469,53.243401794433595,56.50320190429688,2.0,4.0,0.33,BULL,Real_Estate_Office,135,2025-12-05,-2.299999999999998,SL,1,BMRN
2025-12-04,11.770000457763672,11.534600448608398,12.711600494384767,2.0,8.0,0.33,BULL,Real_Estate_Office,150,2025-12-09,7.700000000000009,TP,3,NVCR
2025-12-08,159.57000732421875,156.37860717773438,172.33560791015626,2.0,8.0,0.33,BULL,Utilities_Electric,145,2025-12-09,-2.2999999999999967,SL,1,PI
2025-12-04,19.780000686645508,19.384400672912598,21.36240074157715,2.0,8.0,0.33,BULL,Real_Estate_Office,155,2025-12-10,7.700000000000013,TP,4,TNDM
2025-12-11,262.89314306597834,253.35012197268333,273.4088687886175,3.63,4.0,0.33,BULL,Telecom,105,2025-12-12,3.700000000000011,TP,1,RCL
2025-12-16,55.650001525878906,54.53700149536133,59.8794016418457,2.0,7.6,0.33,BULL,Real_Estate_Data,150,2025-12-17,-2.2999999999999954,SL,1,FORM
2025-12-18,82.27999877929688,80.63439880371094,88.55796268615723,2.0,7.63,0.45,BEAR,Telecom,145,2025-12-23,-2.3000000000000007,SL,3,CORT
2025-12-11,445.6499938964844,436.7369940185547,463.4759936523438,2.0,4.0,0.33,BULL,Telecom,105,2025-12-24,3.700000000000008,TP,9,VRTX
2025-12-11,63.77000045776367,62.29053644714355,66.32080047607423,2.32,4.0,0.33,BULL,Telecom,100,2025-12-26,1.2210873436457175,MaxHold,10,MAS
