symbol,entry_date,exit_date,entry_price,exit_price,pnl_pct,days_held,exit_reason,score,realistic
SHOP,2023-01-06,2023-01-10,37.70000076293945,36.62555074119568,-3.1500000000000004,1,Stop Loss,120,True
DXCM,2023-01-06,2023-01-10,112.45999908447266,109.44607110900878,-2.9800000000000004,1,Stop Loss,115,True
ABNB,2023-01-06,2023-01-10,90.25499725341797,88.14303031768799,-2.6399999999999997,1,Stop Loss,100,True
AVGO,2023-01-10,2023-01-18,54.785249633231885,55.898938846551864,1.73282675679264,4,Trailing Stop,85,True
S,2023-01-13,2023-01-18,14.319999694824219,14.033599700927734,-2.3,1,Stop Loss,95,True
META,2023-01-19,2023-01-23,134.9473578036574,141.19966738641043,4.33314709121601,1,Trailing Stop,95,True
CRM,2023-01-19,2023-01-23,142.5677747073206,153.29343223290545,7.223199087313868,1,Trailing Stop,95,True
PYPL,2023-01-19,2023-01-23,76.83438248025382,78.99578575640162,2.5130678042519152,1,Trailing Stop,95,True
CHWY,2023-01-20,2023-01-24,42.09000015258789,44.05959854125977,4.379492472158559,1,Trailing Stop,165,True
FSLR,2023-01-20,2023-01-24,168.33999633789062,174.06000366210935,3.097889657035264,1,Trailing Stop,160,True
RUN,2023-01-20,2023-01-24,26.165000915527344,26.68899993896484,1.7026715272405573,1,Trailing Stop,160,True
SNOW,2023-01-25,2023-01-27,148.6699981689453,158.79000549316407,6.507027274405835,1,Trailing Stop,115,True
S,2023-01-25,2023-01-27,14.829999923706055,14.533399925231933,-2.3,1,Stop Loss,110,True
UBER,2023-01-25,2023-01-27,30.530000686645508,29.904135672569275,-2.3499999999999996,1,Stop Loss,95,True
CRWD,2023-01-26,2023-01-30,103.61000061035156,101.36166359710693,-2.4699999999999998,1,Stop Loss,100,True
GOOGL,2023-01-26,2023-02-01,96.58026736816271,99.66099970917482,2.889815502651693,3,Trailing Stop,85,True
LRCX,2023-01-30,2023-02-01,46.58814497897361,50.721307754668935,8.571704974646929,1,Trailing Stop,95,True
AMAT,2023-01-31,2023-02-02,109.12737280400113,119.10272384550969,8.841016396889577,1,Trailing Stop,120,True
CFLT,2023-01-31,2023-02-02,23.280000686645508,26.672000503540037,14.270445519103175,1,Trailing Stop,120,True
AMD,2023-01-31,2023-02-02,78.47000122070312,86.84600219726563,10.37414406303415,1,Trailing Stop,115,True
MU,2023-02-01,2023-02-03,62.648874058294886,61.21421484235993,-2.59,1,Stop Loss,100,True
QCOM,2023-02-03,2023-02-07,123.56572488389624,127.38468365808481,2.7906295235000727,1,Trailing Stop,85,True
SNOW,2023-02-07,2023-02-09,161.25999450683594,165.62799987792968,2.408672652787782,1,Trailing Stop,135,True
DDOG,2023-02-07,2023-02-09,81.5199966430664,84.60719757080078,3.487047417643571,1,Trailing Stop,125,True
S,2023-02-07,2023-02-10,16.309999465942383,15.748935484313964,-3.74,2,Stop Loss,125,True
RIVN,2023-02-08,2023-02-10,20.489999771118164,20.0801997756958,-2.3,1,Stop Loss,105,True
SNOW,2023-02-09,2023-02-13,159.66000366210938,163.97999877929686,2.405746597832951,1,Trailing Stop,145,True
S,2023-02-09,2023-02-13,15.65999984741211,15.340535850524903,-2.34,1,Stop Loss,130,True
PYPL,2023-02-10,2023-02-14,80.46399104766627,78.85471122671294,-2.3,1,Stop Loss,160,True
CHWY,2023-02-10,2023-02-14,45.31999969482422,47.78400115966797,5.136896472718106,1,Trailing Stop,140,True
LOW,2023-02-10,2023-02-14,197.3629694459661,201.7534006010651,1.9245465638380648,1,Trailing Stop,110,True
PATH,2023-02-13,2023-02-15,15.100000381469727,16.731999588012695,10.507941492145319,1,Trailing Stop,175,True
SHOP,2023-02-13,2023-02-15,48.75,52.710000610351564,7.8230781750801315,1,Trailing Stop,165,True
NFLX,2023-02-13,2023-02-16,35.755001068115234,35.03990104675293,-2.3,2,Stop Loss,140,True
UBER,2023-02-14,2023-02-16,35.0099983215332,36.385999298095705,3.6303086047741404,1,Trailing Stop,115,True
ZS,2023-02-17,2023-02-23,130.2100067138672,133.5820037841797,2.2896604688166446,2,Trailing Stop,125,True
META,2023-02-17,2023-02-22,173.10081786312165,169.63880150585922,-2.3,1,Stop Loss,125,True
CRWD,2023-02-17,2023-02-22,112.0199966430664,117.05199737548828,4.192055778626323,1,Trailing Stop,95,True
DXCM,2023-02-21,2023-02-23,114.54000091552734,112.2492008972168,-2.3,1,Stop Loss,110,True
S,2023-02-22,2023-02-24,16.010000228881836,15.689800224304198,-2.3,1,Stop Loss,185,True
TSLA,2023-02-22,2023-02-24,203.91000366210938,199.8318035888672,-2.3,1,Stop Loss,155,True
UBER,2023-02-22,2023-02-24,34.790000915527344,34.094200897216794,-2.3,1,Stop Loss,125,True
DXCM,2023-02-23,2023-03-02,110.41999816894531,119.18000183105468,7.63334885652357,4,Trailing Stop,130,True
ADI,2023-02-23,2023-03-02,174.79528019172642,171.2993745878919,-2.3,4,Stop Loss,100,True
ABNB,2023-02-27,2023-03-01,125.11000061035156,122.60780059814454,-2.3,1,Stop Loss,150,True
DE,2023-02-27,2023-03-09,404.4675697736381,412.9828015079247,1.8052940632674666,7,Trailing Stop,90,True
ROKU,2023-03-02,2023-03-06,64.33999633789062,67.17999877929688,4.1140544032542055,1,Trailing Stop,155,True
NVDA,2023-03-02,2023-03-06,23.296680141971127,24.038335536897936,2.883523963101714,1,Trailing Stop,115,True
COIN,2023-03-03,2023-03-07,64.5999984741211,63.04313851089478,-2.71,1,Stop Loss,95,True
COIN,2023-03-08,2023-03-10,62.38999938964844,61.142199401855464,-2.3,1,Stop Loss,165,True
ROKU,2023-03-08,2023-03-10,64.25,62.964999999999996,-2.3,1,Stop Loss,160,True
AMAT,2023-03-08,2023-03-10,115.80287373956834,113.48681626477698,-2.3,1,Stop Loss,115,True
CRWD,2023-03-13,2023-03-15,124.87999725341797,129.1280014038086,3.1016689972936193,1,Trailing Stop,150,True
CRM,2023-03-13,2023-03-16,177.83919727539381,183.88573074614715,3.1000004292585404,2,Trailing Stop,145,True
ENPH,2023-03-13,2023-03-15,216.58999633789062,212.25819641113281,-2.3,1,Stop Loss,140,True
FSLR,2023-03-16,2023-03-20,205.69000244140625,201.57620239257812,-2.3,1,Stop Loss,115,True
GE,2023-03-16,2023-03-29,72.21283885990232,73.86809670391077,1.9921932860439895,8,Trailing Stop,95,True
TSM,2023-03-16,2023-03-21,85.43970135047425,88.46357477178405,3.239190064471143,2,Trailing Stop,85,True
FSLR,2023-03-20,2023-03-23,208.60000610351562,216.27999877929688,3.381683821222005,2,Trailing Stop,120,True
META,2023-03-20,2023-03-28,201.79043897159778,197.75463019216582,-2.3,5,Stop Loss,90,True
LRCX,2023-03-20,2023-03-23,50.28018012040901,51.49560168270421,2.117297550216728,2,Trailing Stop,85,True
AMZN,2023-03-21,2023-03-24,100.44999694824219,97.26573204498291,-3.4699999999999998,2,Stop Loss,85,True
NOW,2023-03-21,2023-03-24,89.43599700927734,87.05699948883057,-2.96,2,Stop Loss,85,True
PATH,2023-03-23,2023-03-27,16.469999313354492,16.1405993270874,-2.3,1,Stop Loss,155,True
INTC,2023-03-23,2023-03-29,28.343837595436273,30.56917898478889,7.551235323585565,3,Trailing Stop,125,True
GE,2023-03-23,2023-03-27,71.25302808916034,73.18521467491945,2.411725575145141,1,Trailing Stop,110,True
COIN,2023-03-24,2023-03-28,67.19999694824219,65.85599700927735,-2.3,1,Stop Loss,175,True
PATH,2023-03-27,2023-03-29,16.010000228881836,15.689800224304198,-2.3,1,Stop Loss,150,True
SMCI,2023-03-29,2023-03-31,10.732000350952148,10.517360343933106,-2.3,1,Stop Loss,175,True
AMD,2023-03-29,2023-03-31,98.0,96.03999999999999,-2.3,1,Stop Loss,125,True
CRWD,2023-03-29,2023-03-31,131.1300048828125,136.81800537109373,4.037680375566563,1,Trailing Stop,105,True
SMCI,2023-03-31,2023-04-04,10.656999588012695,11.496999740600588,7.582144928791675,1,Trailing Stop,145,True
QCOM,2023-04-05,2023-04-13,114.98730599059633,112.6875598707844,-2.3,4,Stop Loss,90,True
ROKU,2023-04-06,2023-04-11,63.040000915527344,64.59200286865234,2.1619319964868966,1,Trailing Stop,145,True
PATH,2023-04-06,2023-04-11,16.190000534057617,16.67799949645996,2.7141997918763447,1,Trailing Stop,145,True
BILL,2023-04-06,2023-04-11,73.62999725341797,76.74999847412109,3.9374050483320957,1,Trailing Stop,125,True
RUN,2023-04-10,2023-04-12,19.18000030517578,20.227999877929687,5.164022711569508,1,Trailing Stop,145,True
SMCI,2023-04-10,2023-04-12,10.737000465393066,10.99060001373291,2.0619217411532462,1,Trailing Stop,125,True
RIVN,2023-04-10,2023-04-12,14.979999542236328,14.680399551391602,-2.3,1,Stop Loss,125,True
S,2023-04-11,2023-04-13,16.93000030517578,17.722000122070312,4.37808507157796,1,Trailing Stop,90,True
RIVN,2023-04-13,2023-04-17,13.862000465393066,13.584760456085204,-2.3,1,Stop Loss,115,True
LCID,2023-04-13,2023-04-17,76.69999694824219,79.06000061035155,2.776927973937097,1,Trailing Stop,115,True
BILL,2023-04-13,2023-04-17,76.02999877929688,77.60599975585937,1.7728672916823,1,Trailing Stop,110,True
NOW,2023-04-17,2023-04-20,95.6259994506836,93.71347946166992,-2.3,2,Stop Loss,110,True
MU,2023-04-20,2023-04-24,60.39523424632037,59.18732956139396,-2.3,1,Stop Loss,130,True
NET,2023-04-20,2023-04-24,62.540000915527344,63.86719818115234,1.8221574131692748,1,Trailing Stop,115,True
S,2023-04-20,2023-04-24,18.06999969482422,17.658003701782224,-2.58,1,Stop Loss,100,True
CFLT,2023-04-21,2023-04-25,24.489999771118164,24.0001997756958,-2.3,1,Stop Loss,145,True
SNOW,2023-04-21,2023-04-25,144.85000610351562,141.9530059814453,-2.3,1,Stop Loss,125,True
FSLR,2023-04-21,2023-04-25,209.50999450683594,205.31979461669923,-2.3,1,Stop Loss,105,True
BILL,2023-05-01,2023-05-03,76.66999816894531,80.36200256347657,4.515448653586476,1,Trailing Stop,90,True
AMZN,2023-05-02,2023-05-09,103.73999786376953,106.1800003051758,2.0520363328043,4,Trailing Stop,115,True
BILL,2023-05-03,2023-05-05,79.97000122070312,95.90599975585937,19.627470666376123,1,Trailing Stop,115,True
SNOW,2023-05-03,2023-05-05,148.97999572753906,157.03600158691407,5.107441327967395,1,Trailing Stop,95,True
META,2023-05-05,2023-05-11,229.81466736120282,235.2090007628832,2.047253751738144,3,Trailing Stop,100,True
LRCX,2023-05-10,2023-05-15,51.398722503247946,53.27010177969831,3.3409062041028506,2,Trailing Stop,85,True
KLAC,2023-05-10,2023-05-15,375.8924163301159,391.6468051518796,3.8911962405562086,2,Trailing Stop,85,True
MU,2023-05-11,2023-05-15,61.22486836313111,63.500429599835,3.416727038443433,1,Trailing Stop,85,True
DXCM,2023-05-12,2023-05-16,121.75,119.315,-2.3,1,Stop Loss,95,True
MRVL,2023-05-12,2023-05-16,39.947505974311106,41.524407095185104,3.647433218704693,1,Trailing Stop,90,True
RIVN,2023-05-15,2023-05-18,13.220000267028809,13.49200038909912,1.7574895353723272,2,Trailing Stop,155,True
COIN,2023-05-15,2023-05-17,58.68000030517578,60.78400115966797,3.2855501764655095,1,Trailing Stop,125,True
AMD,2023-05-15,2023-05-17,97.38999938964844,102.78999938964843,5.244717151496313,1,Trailing Stop,100,True
RIVN,2023-05-17,2023-05-19,13.399999618530273,14.120000076293946,5.073137897466921,1,Trailing Stop,145,True
UBER,2023-05-17,2023-05-19,37.97999954223633,39.188001251220705,2.8806259177043874,1,Trailing Stop,110,True
CHWY,2023-05-17,2023-05-19,33.84000015258789,33.16320014953613,-2.3,1,Stop Loss,95,True
SHOP,2023-05-24,2023-05-26,59.470001220703125,58.28060119628906,-2.3,1,Stop Loss,145,True
SNOW,2023-05-24,2023-05-26,150.47000122070312,147.46060119628905,-2.3,1,Stop Loss,110,True
BILL,2023-05-24,2023-05-26,99.77999877929688,97.78439880371094,-2.3,1,Stop Loss,105,True
FSLR,2023-05-25,2023-05-30,201.0399932861328,208.51200256347656,3.4166780376425443,1,Trailing Stop,115,True
SHOP,2023-05-26,2023-05-31,60.599998474121094,59.387998504638674,-2.3,1,Stop Loss,155,True
PATH,2023-05-26,2023-05-31,16.8799991607666,16.542399177551268,-2.3,1,Stop Loss,150,True
ROKU,2023-05-26,2023-05-31,57.4900016784668,56.34020164489746,-2.3,1,Stop Loss,100,True
LCID,2023-05-31,2023-06-02,67.80000305175781,66.44400299072265,-2.3,1,Stop Loss,115,True
MU,2023-06-01,2023-06-05,69.1261169073711,67.74359456922367,-2.3,1,Stop Loss,120,True
KLAC,2023-06-01,2023-06-07,444.25163268649953,458.64726200232997,2.9404223770155893,3,Trailing Stop,105,True
TSM,2023-06-01,2023-06-05,97.13417915844403,95.19149557527514,-2.3,1,Stop Loss,100,True
CRM,2023-06-02,2023-06-07,207.94345250549316,203.78458345538328,-2.3,2,Stop Loss,95,True
AMD,2023-06-05,2023-06-07,117.91000366210938,123.85399780273437,4.741127941661755,1,Trailing Stop,125,True
CRWD,2023-06-05,2023-06-07,153.77999877929688,150.70439880371094,-2.3,1,Stop Loss,125,True
MU,2023-06-06,2023-06-08,67.56562769594285,66.21431514202399,-2.3,1,Stop Loss,135,True
INTC,2023-06-06,2023-06-08,30.41015482791563,31.053048117664584,1.814074372152809,1,Trailing Stop,110,True
LRCX,2023-06-06,2023-06-12,59.61567192056868,60.83187367885068,1.7400705369931113,3,Trailing Stop,100,True
NET,2023-06-08,2023-06-13,63.91999816894531,68.33600158691407,6.608641339908877,2,Trailing Stop,175,True
CRWD,2023-06-08,2023-06-12,153.52999877929688,150.45939880371094,-2.3,1,Stop Loss,140,True
SNOW,2023-06-08,2023-06-12,174.30999755859375,170.82379760742188,-2.3,1,Stop Loss,135,True
SNOW,2023-06-12,2023-06-14,173.02999877929688,179.67000122070314,3.5374862672661287,1,Trailing Stop,175,True
PATH,2023-06-12,2023-06-14,18.190000534057617,17.826200523376464,-2.3,1,Stop Loss,175,True
ENPH,2023-06-12,2023-06-14,179.99000549316406,176.39020538330078,-2.3,1,Stop Loss,125,True
AMD,2023-06-14,2023-06-16,125.38999938964844,122.16747640533448,-2.87,1,Stop Loss,120,True
CFLT,2023-06-15,2023-06-20,35.0,34.3,-2.3,1,Stop Loss,140,True
BILL,2023-06-15,2023-06-20,114.5199966430664,112.22959671020507,-2.3,1,Stop Loss,110,True
DDOG,2023-06-15,2023-06-20,98.62999725341797,96.6573973083496,-2.3,1,Stop Loss,100,True
MRVL,2023-06-20,2023-06-22,60.04506832413251,58.844166957649854,-2.3,1,Stop Loss,130,True
DDOG,2023-06-20,2023-06-22,96.31999969482422,94.39359970092774,-2.3,1,Stop Loss,125,True
BILL,2023-06-20,2023-06-22,111.23999786376953,109.01519790649414,-2.3,1,Stop Loss,125,True
CFLT,2023-06-21,2023-06-23,34.68000030517578,33.986400299072265,-2.3,1,Stop Loss,155,True
RUN,2023-06-21,2023-06-23,18.459999084472656,18.0907991027832,-2.3,1,Stop Loss,150,True
BA,2023-06-21,2023-06-28,205.61000061035156,210.8740020751953,2.2601874661823844,4,Trailing Stop,110,True
INTC,2023-06-22,2023-06-26,31.56658116059826,32.962139063145834,4.120997939078443,1,Trailing Stop,155,True
QCOM,2023-06-22,2023-06-26,107.97780244586436,110.64295092313196,2.1682373755511497,1,Trailing Stop,145,True
SNOW,2023-06-22,2023-06-26,175.75,172.23499999999999,-2.3,1,Stop Loss,140,True
DXCM,2023-06-23,2023-06-27,126.0,123.48,-2.3,1,Stop Loss,90,True
CAT,2023-06-26,2023-06-29,227.40960431654796,234.59539560626294,2.8598451223337777,2,Trailing Stop,105,True
AMAT,2023-06-26,2023-06-28,137.09326131162763,141.6085998549254,2.993625448908033,1,Trailing Stop,85,True
LRCX,2023-06-26,2023-06-28,60.8353064477352,62.85853582155229,3.025748635055013,1,Trailing Stop,85,True
TSLA,2023-06-27,2023-06-29,249.6999969482422,258.5319915771484,3.237042345553937,1,Trailing Stop,165,True
NVDA,2023-06-27,2023-06-30,40.63044011815251,42.14133683218923,3.41863240871393,2,Trailing Stop,135,True
ORCL,2023-06-27,2023-06-30,113.11940652827131,116.9552920551036,3.09100570322883,2,Trailing Stop,135,True
UBER,2023-06-28,2023-06-30,44.09000015258789,43.168519149398804,-2.3899999999999997,1,Stop Loss,90,True
ORCL,2023-06-29,2023-07-03,116.08350044169867,113.7618304328647,-2.3,1,Stop Loss,110,True
UBER,2023-06-30,2023-07-06,43.16999816894531,42.3065982055664,-2.3,2,Stop Loss,120,True
INTC,2023-06-30,2023-07-05,32.8700176594415,32.21261730625267,-2.3,1,Stop Loss,110,True
ABNB,2023-06-30,2023-07-05,129.27999877929688,132.21599731445315,1.9710384923258901,1,Trailing Stop,95,True
PLTR,2023-07-07,2023-07-11,15.369999885559082,16.61800022125244,7.819715972580586,1,Trailing Stop,170,True
UBER,2023-07-07,2023-07-11,42.58000183105469,44.251998901367195,3.626719113227179,1,Trailing Stop,125,True
DDOG,2023-07-07,2023-07-11,97.6500015258789,104.39400177001953,6.6062981451703795,1,Trailing Stop,110,True
NET,2023-07-10,2023-07-12,66.0999984741211,64.30868851547241,-3.01,1,Stop Loss,120,True
TSLA,2023-07-11,2023-07-13,276.3299865722656,270.8033868408203,-2.3,1,Stop Loss,135,True
CRWD,2023-07-13,2023-07-17,150.4499969482422,154.53799743652343,2.4171821676324745,1,Trailing Stop,115,True
LCID,2023-07-17,2023-07-19,70.4000015258789,75.63999786376954,7.143176454995413,1,Trailing Stop,175,True
MRVL,2023-07-17,2023-07-20,64.84478445630945,63.113428711325994,-2.9699999999999998,2,Stop Loss,95,True
INTC,2023-07-17,2023-07-20,33.595234049980164,32.58737702848076,-3.3,2,Stop Loss,95,True
SHOP,2023-07-19,2023-07-21,67.2699966430664,65.92459671020508,-2.3,1,Stop Loss,95,True
ENPH,2023-07-19,2023-07-21,178.6199951171875,174.83325122070312,-2.42,1,Stop Loss,85,True
CRWD,2023-07-21,2023-07-26,150.97000122070312,154.15399780273438,1.8090260027067029,2,Trailing Stop,130,True
ZS,2023-07-21,2023-07-25,149.24000549316406,154.94800109863283,3.524708788107235,1,Trailing Stop,125,True
ENPH,2023-07-21,2023-07-26,178.97999572753906,175.40039581298828,-2.3,2,Stop Loss,125,True
NVDA,2023-07-24,2023-07-27,44.90833145027088,46.8700971928572,4.068378158869427,2,Trailing Stop,120,True
NET,2023-07-25,2023-07-27,65.87999725341797,64.5623973083496,-2.3,1,Stop Loss,165,True
CFLT,2023-07-25,2023-07-27,35.83000183105469,35.11340179443359,-2.3,1,Stop Loss,140,True
INTC,2023-07-25,2023-07-27,33.04642240194962,34.07348578466099,2.8079412174153395,1,Trailing Stop,90,True
COIN,2023-07-26,2023-07-28,102.58999633789062,100.53819641113282,-2.3,1,Stop Loss,155,True
RUN,2023-07-26,2023-07-28,20.209999084472656,19.8057991027832,-2.3,1,Stop Loss,155,True
ROKU,2023-07-26,2023-07-28,73.52999877929688,86.4739990234375,17.303699794681815,1,Trailing Stop,155,True
FSLR,2023-07-27,2023-07-31,223.58999633789062,219.1181964111328,-2.3,1,Stop Loss,85,True
NET,2023-07-28,2023-08-02,67.87999725341797,66.52239730834961,-2.3,2,Stop Loss,115,True
SHOP,2023-07-28,2023-08-02,66.94999694824219,65.57752201080322,-2.3499999999999996,2,Stop Loss,95,True
DDOG,2023-07-28,2023-08-02,113.43499755859375,111.16629760742187,-2.3,2,Stop Loss,90,True
UBER,2023-08-02,2023-08-04,46.220001220703125,45.29560119628906,-2.3,1,Stop Loss,125,True
SMCI,2023-08-03,2023-08-07,32.400001525878906,35.040000915527344,7.848145880609871,1,Trailing Stop,130,True
LRCX,2023-08-03,2023-08-11,67.6255593293787,66.27304814279113,-2.3,5,Stop Loss,120,True
INTC,2023-08-03,2023-08-07,33.912804010161636,34.754725982857394,2.182607962595733,1,Trailing Stop,115,True
S,2023-08-07,2023-08-09,15.130000114440918,14.8274001121521,-2.3,1,Stop Loss,130,True
AMAT,2023-08-07,2023-08-10,144.9187910470835,141.55667509479116,-2.62,2,Stop Loss,100,True
KLAC,2023-08-07,2023-08-11,489.0374490717016,479.25670009026754,-2.3,3,Stop Loss,100,True
INTC,2023-08-10,2023-08-14,33.89313607745299,34.876682137950226,2.6019033772785782,1,Trailing Stop,105,True
KLAC,2023-08-14,2023-08-16,477.0587531859227,467.5175781222042,-2.3,1,Stop Loss,120,True
S,2023-08-25,2023-08-29,16.610000610351562,17.002000427246095,2.060022892776015,1,Trailing Stop,130,True
ORCL,2023-08-25,2023-08-29,113.11786339510549,116.88165204971955,3.0273159001135417,1,Trailing Stop,125,True
NVDA,2023-08-28,2023-08-30,46.632071231077255,49.23897418948724,5.290364934664645,1,Trailing Stop,130,True
S,2023-08-31,2023-09-05,17.260000228881836,16.911348224258422,-2.3200000000000003,1,Stop Loss,120,True
TSLA,2023-09-05,2023-09-07,255.13999938964844,247.66439740753174,-3.2300000000000004,1,Stop Loss,110,True
NET,2023-09-05,2023-09-07,64.55999755859375,62.85561362304688,-2.9400000000000004,1,Stop Loss,100,True
NVDA,2023-09-05,2023-09-07,48.409770048373865,47.441574647406384,-2.3,1,Stop Loss,85,True
ZS,2023-09-07,2023-09-11,160.50999450683594,166.10199890136718,3.183897941503628,1,Trailing Stop,100,True
TSLA,2023-09-07,2023-09-11,251.22000122070312,270.12400512695314,7.224880110816641,1,Trailing Stop,90,True
NET,2023-09-07,2023-09-11,63.400001525878906,65.28000030517579,2.665297687776075,1,Trailing Stop,90,True
ROKU,2023-09-08,2023-09-12,84.58000183105469,82.88840179443359,-2.3,1,Stop Loss,110,True
SMCI,2023-09-08,2023-09-12,28.547000885009766,27.684881458282472,-3.3200000000000003,1,Stop Loss,95,True
KLAC,2023-09-08,2023-09-12,494.3475273112853,484.4605767650596,-2.3,1,Stop Loss,95,True
SHOP,2023-09-11,2023-09-13,63.72999954223633,62.4553995513916,-2.3,1,Stop Loss,125,True
NET,2023-09-11,2023-09-15,64.2699966430664,62.37403174209595,-3.25,3,Stop Loss,90,True
RUN,2023-09-12,2023-09-14,14.670000076293945,15.470000076293946,5.153306038442116,1,Trailing Stop,155,True
COIN,2023-09-12,2023-09-14,81.88999938964844,83.65799865722657,1.858992893827794,1,Trailing Stop,85,True
SMCI,2023-09-13,2023-09-15,27.177000045776367,26.63346004486084,-2.3,1,Stop Loss,150,True
SHOP,2023-09-13,2023-09-18,63.08000183105469,61.81840179443359,-2.3,2,Stop Loss,120,True
DXCM,2023-09-13,2023-09-15,106.2300033569336,104.10540328979492,-2.3,1,Stop Loss,110,True
S,2023-09-14,2023-09-18,17.09000015258789,16.74820014953613,-2.3,1,Stop Loss,115,True
ZS,2023-09-14,2023-09-18,158.3300018310547,155.16340179443358,-2.3,1,Stop Loss,85,True
CRWD,2023-09-18,2023-09-21,166.9499969482422,163.61099700927733,-2.3,2,Stop Loss,135,True
PATH,2023-09-18,2023-09-20,17.299999237060547,16.953999252319335,-2.3,1,Stop Loss,135,True
PLTR,2023-09-18,2023-09-20,15.34000015258789,15.033200149536132,-2.3,1,Stop Loss,120,True
TSLA,2023-09-19,2023-09-21,267.0400085449219,261.69920837402344,-2.3,1,Stop Loss,110,True
UBER,2023-09-19,2023-09-21,46.8650016784668,45.92770164489746,-2.3,1,Stop Loss,105,True
RIVN,2023-10-04,2023-10-06,21.200000762939453,20.438920735549925,-3.8899999999999997,1,Stop Loss,150,True
S,2023-10-04,2023-10-06,16.600000381469727,16.26800037384033,-2.3,1,Stop Loss,135,True
AMD,2023-10-04,2023-10-06,103.41000366210938,106.97800292968749,3.150342463226769,1,Trailing Stop,125,True
S,2023-10-06,2023-10-10,16.170000076293945,17.150000381469724,5.76060791930675,1,Trailing Stop,95,True
DDOG,2023-10-10,2023-10-12,92.37000274658203,90.52260269165039,-2.3,1,Stop Loss,130,True
BILL,2023-10-16,2023-10-18,110.01000213623047,107.80980209350585,-2.3,1,Stop Loss,125,True
AMD,2023-10-16,2023-10-20,103.54000091552734,101.4692008972168,-2.3,3,Stop Loss,120,True
NET,2023-10-16,2023-10-18,62.0,64.12000122070313,3.119356807585695,1,Trailing Stop,120,True
NET,2023-10-19,2023-10-23,62.060001373291016,60.81880134582519,-2.3,1,Stop Loss,140,True
NOW,2023-10-19,2023-10-23,111.31999969482422,109.09359970092773,-2.3,1,Stop Loss,100,True
ZS,2023-10-23,2023-10-25,164.47000122070312,161.18060119628905,-2.3,1,Stop Loss,145,True
AVGO,2023-10-23,2023-10-25,84.10153959913916,82.41950880715638,-2.3,1,Stop Loss,135,True
CRWD,2023-10-23,2023-10-25,181.0,177.38,-2.3,1,Stop Loss,130,True
GE,2023-10-30,2023-11-01,86.27922337041012,84.55363890300193,-2.3,1,Stop Loss,105,True
NFLX,2023-10-30,2023-11-01,40.92399978637695,41.832801055908206,1.9207049024415752,1,Trailing Stop,85,True
ABNB,2023-11-07,2023-11-09,119.43000030517578,116.73088229827881,-2.5599999999999996,1,Stop Loss,130,True
PYPL,2023-11-07,2023-11-09,54.20469458996045,55.561556410415335,2.2032182742086697,1,Trailing Stop,100,True
CHWY,2023-11-10,2023-11-14,19.790000915527344,20.790000915527344,4.753056865780105,1,Trailing Stop,145,True
ARM,2023-11-10,2023-11-15,52.20000076293945,55.26399917602539,5.569728674910851,2,Trailing Stop,125,True
NET,2023-11-10,2023-11-14,62.86000061035156,69.33199768066406,9.995890880482607,1,Trailing Stop,125,True
RIVN,2023-11-17,2023-11-21,16.889999389648438,16.552199401855468,-2.3,1,Stop Loss,125,True
CHWY,2023-11-17,2023-11-27,20.420000076293945,20.011600074768065,-2.3,4,Stop Loss,115,True
MRVL,2023-11-17,2023-11-21,55.09083444911084,53.98901776012862,-2.3,1,Stop Loss,105,True
AMAT,2023-11-20,2023-11-28,148.585791811996,145.61407597575607,-2.3,4,Stop Loss,105,True
MRVL,2023-11-22,2023-11-29,55.09084041670139,56.47257423135516,2.2081008098669033,3,Trailing Stop,120,True
PYPL,2023-11-22,2023-11-28,55.87084157108886,58.025858799436755,3.55714116299089,2,Trailing Stop,105,True
PATH,2023-11-22,2023-11-27,18.209999084472656,18.75399932861328,2.687371068044052,1,Trailing Stop,100,True
SMCI,2023-11-24,2023-11-28,28.410999298095703,29.3213996887207,2.9043941188862643,1,Trailing Stop,90,True
TSLA,2023-11-24,2023-11-28,236.88999938964844,244.9779998779297,3.1142431124657657,1,Trailing Stop,90,True
RUN,2023-11-24,2023-11-28,11.350000381469727,11.123000373840332,-2.3,1,Stop Loss,90,True
FSLR,2023-11-27,2023-11-29,153.27000427246094,159.3100067138672,3.6407596222606236,1,Trailing Stop,110,True
NVDA,2023-11-27,2023-11-30,48.20490212503735,47.2408040825366,-2.3,2,Stop Loss,100,True
PYPL,2023-11-27,2023-11-29,56.33975691024834,59.316876337197726,4.984224835566944,1,Trailing Stop,90,True
AVGO,2023-11-28,2023-11-30,92.31117538477648,90.46495187708095,-2.3,1,Stop Loss,115,True
SMCI,2023-11-29,2023-12-01,28.988000869750977,28.408240852355956,-2.3,1,Stop Loss,105,True
MU,2023-11-29,2023-12-01,76.14139948689984,74.61857149716184,-2.3,1,Stop Loss,85,True
LCID,2023-12-01,2023-12-05,43.099998474121094,42.23799850463867,-2.3,1,Stop Loss,125,True
AMD,2023-12-01,2023-12-05,119.75,117.355,-2.3,1,Stop Loss,85,True
TSLA,2023-12-01,2023-12-05,235.75,244.47800292968748,3.40222817802226,1,Trailing Stop,85,True
TSLA,2023-12-05,2023-12-07,242.9199981689453,238.0615982055664,-2.3,1,Stop Loss,115,True
ARM,2023-12-05,2023-12-07,64.3499984741211,62.73481351242065,-2.8099999999999996,1,Stop Loss,110,True
SHOP,2023-12-05,2023-12-07,73.7699966430664,71.77820673370361,-3.0,1,Stop Loss,100,True
PYPL,2023-12-06,2023-12-08,58.95371316253897,57.65673147296311,-2.5,1,Stop Loss,110,True
SHOP,2023-12-07,2023-12-11,71.26000213623047,73.1520004272461,2.355063477823955,1,Trailing Stop,120,True
ARM,2023-12-07,2023-12-11,62.439998626708984,66.29600143432617,5.875533139694474,1,Trailing Stop,110,True
NET,2023-12-07,2023-12-11,75.9800033569336,78.36399993896484,2.8376631701789625,1,Trailing Stop,95,True
ROKU,2023-12-08,2023-12-12,103.36000061035156,101.29280059814452,-2.3,1,Stop Loss,110,True
PYPL,2023-12-08,2023-12-13,58.963690662589606,61.19054166459418,3.476647928548732,2,Trailing Stop,100,True
RUN,2023-12-11,2023-12-13,13.119999885559082,12.8575998878479,-2.3,1,Stop Loss,175,True
ENPH,2023-12-11,2023-12-13,102.61000061035156,100.55780059814452,-2.3,1,Stop Loss,150,True
CFLT,2023-12-11,2023-12-13,22.700000762939453,22.246000747680664,-2.3,1,Stop Loss,125,True
ROKU,2023-12-13,2023-12-15,103.9800033569336,101.90040328979492,-2.3,1,Stop Loss,125,True
LCID,2023-12-13,2023-12-15,46.0,51.279998779296875,11.17825821586277,1,Trailing Stop,120,True
TSLA,2023-12-13,2023-12-15,241.22000122070312,251.54800415039065,3.9815698853421235,1,Trailing Stop,105,True
UBER,2023-12-14,2023-12-20,62.15999984741211,60.91679985046387,-2.3,3,Stop Loss,90,True
LULU,2023-12-15,2023-12-19,490.010009765625,505.46599121093755,2.8542174929661623,1,Trailing Stop,85,True
ARM,2023-12-19,2023-12-21,69.5,71.45999755859376,2.5201403720773463,1,Trailing Stop,110,True
CFLT,2023-12-21,2023-12-26,24.5,24.009999999999998,-2.3,1,Stop Loss,150,True
PATH,2023-12-21,2023-12-26,25.260000228881836,25.795200729370116,1.8187668077545818,1,Trailing Stop,130,True
FSLR,2023-12-21,2023-12-28,171.22999572753906,175.11000061035153,1.9659609762452661,3,Trailing Stop,115,True
SMCI,2023-12-26,2023-12-28,29.799999237060547,29.203999252319335,-2.3,1,Stop Loss,175,True
SMCI,2024-01-02,2024-01-04,27.725000381469727,29.183400344848632,4.960234240983604,1,Trailing Stop,125,True
ENPH,2024-01-02,2024-01-04,126.81999969482422,124.28359970092774,-2.3,1,Stop Loss,115,True
PYPL,2024-01-02,2024-01-04,60.56000315683308,59.34880309369642,-2.3,1,Stop Loss,85,True
MU,2024-01-03,2024-01-05,82.8434467747349,81.1865778392402,-2.3,1,Stop Loss,130,True
MRVL,2024-01-04,2024-01-08,58.179853138719366,62.87795964507511,7.775143289127862,1,Trailing Stop,150,True
SMCI,2024-01-04,2024-01-08,28.8799991607666,31.521599197387694,8.84681479703676,1,Trailing Stop,140,True
INTC,2024-01-04,2024-01-08,46.40845480462325,47.77416540682223,2.642805589948078,1,Trailing Stop,130,True
DXCM,2024-01-16,2024-01-18,123.0,127.0,2.9520325203252034,1,Trailing Stop,110,True
CRWD,2024-01-18,2024-01-22,285.0,298.6,4.471929824561411,1,Trailing Stop,105,True
SHOP,2024-01-19,2024-01-24,80.91000366210938,82.87000122070312,2.1224415645547916,2,Trailing Stop,120,True
PYPL,2024-01-26,2024-01-30,61.058848582575386,63.69275791958779,4.013722577736348,1,Trailing Stop,160,True
ARM,2024-01-29,2024-01-31,73.49800109863281,72.02804107666016,-2.3,1,Stop Loss,160,True
KLAC,2024-01-29,2024-01-31,584.7783843652447,573.0828166779398,-2.3,1,Stop Loss,130,True
LRCX,2024-01-29,2024-01-31,82.50640388212368,80.8562758044812,-2.3,1,Stop Loss,105,True
QCOM,2024-01-31,2024-02-05,135.1210922288508,138.02166476575906,1.8466467514898592,2,Trailing Stop,130,True
MU,2024-01-31,2024-02-06,85.42393052138365,83.71545191095598,-2.3,3,Stop Loss,95,True
AMD,2024-02-01,2024-02-05,173.7899932861328,178.7659942626953,2.5632264047388844,1,Trailing Stop,150,True
SNOW,2024-02-01,2024-02-05,208.63999938964844,218.26640319824216,4.313882207033466,1,Trailing Stop,120,True
PYPL,2024-02-01,2024-02-06,61.64748727840884,63.19590647493791,2.21173123980899,2,Trailing Stop,120,True
MRVL,2024-02-02,2024-02-06,67.25213706089028,65.90709431967247,-2.3,1,Stop Loss,115,True
RUN,2024-02-06,2024-02-08,15.359999656677246,15.67199993133545,1.7312518335413596,1,Trailing Stop,140,True
BILL,2024-02-06,2024-02-08,77.4800033569336,75.93040328979492,-2.3,1,Stop Loss,140,True
NET,2024-02-06,2024-02-08,81.9800033569336,89.26000213623047,8.580212833854631,1,Trailing Stop,125,True
AMD,2024-02-07,2024-02-09,170.3300018310547,174.14600524902343,1.9403589367384175,1,Trailing Stop,120,True
NFLX,2024-02-07,2024-02-13,56.05500030517578,54.93390029907226,-2.3,3,Stop Loss,100,True
LRCX,2024-02-07,2024-02-09,83.57662798194748,88.42800606635055,5.504706652499743,1,Trailing Stop,85,True
BILL,2024-02-08,2024-02-12,70.6500015258789,69.23700149536133,-2.3,1,Stop Loss,155,True
MRVL,2024-02-12,2024-02-14,67.32169245912765,68.7446449140597,1.8136611439113206,1,Trailing Stop,130,True
UBER,2024-02-13,2024-02-15,74.5999984741211,80.41199798583985,7.490884223321999,1,Trailing Stop,95,True
CRWD,2024-02-13,2024-02-15,327.760009765625,336.314404296875,2.3099567599375828,1,Trailing Stop,85,True
ROKU,2024-02-14,2024-02-16,91.75,89.91499999999999,-2.3,1,Stop Loss,150,True
QCOM,2024-02-14,2024-02-20,148.6744085604959,144.46692279823387,-3.13,2,Stop Loss,105,True
LRCX,2024-02-14,2024-02-16,90.02635594229415,93.02726078313609,3.033362557477597,1,Trailing Stop,85,True
INTC,2024-02-20,2024-02-22,44.020815778072794,43.017141178332736,-2.58,1,Stop Loss,90,True
QCOM,2024-02-20,2024-02-22,143.7154154355564,148.07395911995928,2.7327600356534534,1,Trailing Stop,85,True
AMAT,2024-02-21,2024-02-26,195.12389501329005,199.6192004813121,2.0038211018265466,2,Trailing Stop,115,True
ABNB,2024-02-21,2024-02-23,151.02000427246094,154.44400329589845,1.9672486601577301,1,Trailing Stop,110,True
TSLA,2024-02-21,2024-02-26,194.0,200.2239990234375,2.9082469192976808,2,Trailing Stop,105,True
ENPH,2024-02-26,2024-02-28,121.73999786376953,119.30519790649414,-2.3,1,Stop Loss,175,True
PLTR,2024-02-26,2024-02-28,23.760000228881836,24.62400016784668,3.336363344452315,1,Trailing Stop,145,True
NET,2024-02-26,2024-02-28,100.55000305175781,98.53900299072265,-2.3,1,Stop Loss,115,True
ABNB,2024-02-27,2024-02-29,152.02999877929688,158.40599975585937,3.8939097729117167,1,Trailing Stop,95,True
AMAT,2024-02-29,2024-03-04,200.52651506261603,208.08426471304375,3.468952773187004,1,Trailing Stop,100,True
NVDA,2024-02-29,2024-03-04,79.95544705800646,86.10801796790997,7.394999072971127,1,Trailing Stop,90,True
UBER,2024-02-29,2024-03-04,79.5,81.61199951171874,2.356603159394636,1,Trailing Stop,85,True
ENPH,2024-03-05,2024-03-07,127.31999969482422,130.4239974975586,2.137949898032047,1,Trailing Stop,125,True
ABNB,2024-03-05,2024-03-07,160.10000610351562,164.32799682617187,2.340843573686411,1,Trailing Stop,85,True
INTC,2024-03-06,2024-03-08,45.07976813297767,44.08801323405216,-2.5,1,Stop Loss,100,True
MU,2024-03-06,2024-03-08,98.18737943868842,100.50584847337822,2.0612698983758193,1,Trailing Stop,85,True
AMAT,2024-03-06,2024-03-08,209.83592595979806,203.68773332917598,-3.2300000000000004,1,Stop Loss,85,True
INTC,2024-03-11,2024-03-13,44.59483001268361,43.702933412429935,-2.3,1,Stop Loss,110,True
AMD,2024-03-12,2024-03-14,198.72999572753906,194.75539581298827,-2.3,1,Stop Loss,145,True
CRWD,2024-03-12,2024-03-15,329.7300109863281,320.4645976776123,-3.1100000000000003,2,Stop Loss,115,True
AMAT,2024-03-12,2024-03-15,199.73927298894623,195.7444875291673,-2.3,2,Stop Loss,110,True
PLTR,2024-03-13,2024-03-15,24.829999923706055,24.333399925231934,-2.3,1,Stop Loss,145,True
FSLR,2024-03-13,2024-03-15,157.75,154.595,-2.3,1,Stop Loss,110,True
BILL,2024-03-13,2024-03-15,67.06999969482422,65.60787370147705,-2.4800000000000004,1,Stop Loss,85,True
AMD,2024-03-15,2024-03-19,193.2899932861328,189.42419342041015,-2.3,1,Stop Loss,180,True
MU,2024-03-15,2024-03-19,96.0932391732201,94.1713743897557,-2.3,1,Stop Loss,150,True
BILL,2024-03-15,2024-03-19,64.9000015258789,67.64079742431642,3.923106061630241,1,Trailing Stop,135,True
CRWD,2024-03-18,2024-03-20,318.1499938964844,326.40599975585934,2.295004248864201,1,Trailing Stop,155,True
ABNB,2024-03-18,2024-03-20,161.49000549316406,164.89800109863282,1.81034459690635,1,Trailing Stop,95,True
META,2024-03-18,2024-03-20,485.29799633874035,501.22769827376425,2.9824578001976523,1,Trailing Stop,85,True
TSM,2024-03-20,2024-03-22,139.2546301366023,136.46953753387024,-2.3,1,Stop Loss,140,True
QCOM,2024-03-20,2024-03-25,164.6039440512514,161.31186517022638,-2.3,2,Stop Loss,110,True
PYPL,2024-03-25,2024-04-01,66.58606596679505,64.93473153081852,-2.7800000000000002,3,Stop Loss,85,True
BA,2024-03-27,2024-04-02,192.0,187.46880000000002,-2.66,2,Stop Loss,120,True
BILL,2024-03-27,2024-04-01,67.01000213623047,65.66980209350587,-2.3,1,Stop Loss,85,True
COIN,2024-03-28,2024-04-02,261.8699951171875,256.5278472167969,-2.34,1,Stop Loss,125,True
NVDA,2024-03-28,2024-04-02,90.25295469319977,88.44789559933577,-2.3,1,Stop Loss,110,True
SHOP,2024-04-01,2024-04-03,76.61000061035156,78.75400085449219,2.498590558751321,1,Trailing Stop,110,True
PYPL,2024-04-02,2024-04-04,64.33128345751112,65.83181332214617,2.032504162809235,1,Trailing Stop,95,True
ENPH,2024-04-03,2024-04-05,120.58999633789062,117.62348242797852,-2.76,1,Stop Loss,130,True
RUN,2024-04-03,2024-04-05,12.59000015258789,12.313020149230956,-2.5,1,Stop Loss,115,True
MRVL,2024-04-05,2024-04-10,72.67762060933461,71.22406819714791,-2.3,2,Stop Loss,115,True
NET,2024-04-05,2024-04-10,96.5999984741211,94.66799850463867,-2.3,2,Stop Loss,110,True
AVGO,2024-04-05,2024-04-11,130.9694732891963,135.54342220796528,3.1923778831034646,3,Trailing Stop,105,True
RUN,2024-04-08,2024-04-10,11.880000114440918,12.207999992370606,2.460941706818528,1,Trailing Stop,140,True
MRVL,2024-04-09,2024-04-11,71.74355284214228,70.15802032433093,-2.51,1,Stop Loss,100,True
GE,2024-04-10,2024-04-16,155.1563270893319,150.50163727665196,-3.3,3,Stop Loss,85,True
NET,2024-04-11,2024-04-15,94.94000244140625,93.04120239257813,-2.3,1,Stop Loss,115,True
KLAC,2024-04-11,2024-04-17,674.1541650133108,660.6710817130446,-2.3,3,Stop Loss,95,True
TSLA,2024-04-11,2024-04-15,172.33999633789062,168.8931964111328,-2.3,1,Stop Loss,90,True
AMAT,2024-04-16,2024-04-18,202.80959196460608,198.75340012531396,-2.3,1,Stop Loss,90,True
DDOG,2024-04-16,2024-04-18,127.22799682617188,124.68343688964843,-2.3,1,Stop Loss,85,True
FSLR,2024-04-17,2024-04-19,178.47999572753906,174.91039581298827,-2.3,1,Stop Loss,145,True
DDOG,2024-04-18,2024-04-22,124.83000183105469,122.3334017944336,-2.3,1,Stop Loss,115,True
GE,2024-04-22,2024-04-24,156.184388033676,159.75475553970296,1.9859951311248454,1,Trailing Stop,120,True
BILL,2024-04-26,2024-05-01,62.939998626708984,64.4599967956543,2.114995554671493,2,Trailing Stop,115,True
FSLR,2024-04-26,2024-04-30,180.14999389648438,176.54699401855467,-2.3,1,Stop Loss,110,True
PLTR,2024-05-01,2024-05-03,22.600000381469727,23.431999588012697,3.381412356192466,1,Trailing Stop,130,True
DDOG,2024-05-01,2024-05-03,127.66000366210938,125.10680358886718,-2.3,1,Stop Loss,125,True
BILL,2024-05-01,2024-05-03,63.630001068115234,62.357401046752926,-2.3,1,Stop Loss,95,True
NVDA,2024-05-02,2024-05-06,87.7442309865165,91.28722298174495,3.7378631796008257,1,Trailing Stop,125,True
ADI,2024-05-02,2024-05-07,193.45183711358683,198.68469238442586,2.404991252043014,2,Trailing Stop,110,True
KLAC,2024-05-02,2024-05-06,684.5555112004093,703.2305948196916,2.4280597867855045,1,Trailing Stop,95,True
S,2024-05-06,2024-05-08,21.5,21.06355,-2.33,1,Stop Loss,100,True
LCID,2024-05-08,2024-05-10,27.0,26.46,-2.3,1,Stop Loss,125,True
NVDA,2024-05-08,2024-05-13,90.48283300975697,88.65507978295989,-2.3200000000000003,2,Stop Loss,85,True
TSM,2024-05-08,2024-05-10,139.6356007813998,145.54379952838167,3.931155030607976,1,Trailing Stop,85,True
S,2024-05-09,2024-05-14,21.3799991607666,21.931999588012694,2.2818542980069036,2,Trailing Stop,120,True
FSLR,2024-05-09,2024-05-13,197.0,192.4296,-2.62,1,Stop Loss,95,True
AVGO,2024-05-10,2024-05-14,132.37871030716437,135.0490608564014,1.7172054426583443,1,Trailing Stop,85,True
MU,2024-05-10,2024-05-15,122.1250082501532,126.11471624277584,2.9669049933248512,2,Trailing Stop,85,True
TSLA,2024-05-13,2024-05-15,174.5,178.9,2.221489971346708,1,Trailing Stop,165,True
ENPH,2024-05-13,2024-05-15,114.54000091552734,120.2040023803711,4.644998620194636,1,Trailing Stop,155,True
RUN,2024-05-13,2024-05-15,12.520000457763672,12.269600448608399,-2.3,1,Stop Loss,155,True
META,2024-05-14,2024-05-21,472.185627211796,462.74191466756,-2.3,4,Stop Loss,115,True
TSLA,2024-05-16,2024-05-21,173.5500030517578,184.21400451660156,5.844627644669891,2,Trailing Stop,105,True
BA,2024-05-16,2024-05-20,183.25,187.55400390625,2.0487060879945362,1,Trailing Stop,85,True
ROKU,2024-05-17,2024-05-21,61.18000030517578,59.956400299072264,-2.3,1,Stop Loss,85,True
PATH,2024-05-17,2024-05-21,20.3700008392334,19.96260082244873,-2.3,1,Stop Loss,85,True
CHWY,2024-05-20,2024-05-22,16.110000610351562,16.98999938964844,5.162437901656123,1,Trailing Stop,115,True
SMCI,2024-05-20,2024-05-22,88.9000015258789,90.71200103759766,1.7382446351154195,1,Trailing Stop,105,True
LCID,2024-05-20,2024-05-22,28.5,27.93,-2.3,1,Stop Loss,100,True
RUN,2024-05-21,2024-05-23,11.8100004196167,12.738000297546387,7.557746358655986,1,Trailing Stop,140,True
CFLT,2024-05-22,2024-05-24,32.25,31.605,-2.3,1,Stop Loss,90,True
RIVN,2024-05-24,2024-05-29,10.4399995803833,10.213451589488983,-2.4699999999999998,1,Stop Loss,150,True
TSLA,2024-05-24,2024-05-30,176.39999389648438,181.41599731445314,2.5435394509776845,2,Trailing Stop,135,True
SMCI,2024-05-24,2024-05-29,89.9000015258789,88.10200149536132,-2.3,1,Stop Loss,120,True
MRVL,2024-05-30,2024-06-03,75.8714366260065,74.35400789348637,-2.3,1,Stop Loss,110,True
AMD,2024-05-30,2024-06-03,166.64999389648438,163.31699401855468,-2.3,1,Stop Loss,95,True
AMD,2024-06-05,2024-06-10,165.4600067138672,162.15080657958984,-2.3,2,Stop Loss,105,True
MU,2024-06-07,2024-06-11,128.86062555738968,133.74045103243515,3.4869018980294904,1,Trailing Stop,95,True
RUN,2024-06-10,2024-06-12,13.989999771118164,16.02200050354004,14.224665944719058,1,Trailing Stop,140,True
COIN,2024-06-10,2024-06-12,242.92999267578125,259.1940063476562,6.3949385264178655,1,Trailing Stop,115,True
ENPH,2024-06-10,2024-06-12,129.38999938964844,139.1820037841797,7.267821656017914,1,Trailing Stop,115,True
TSLA,2024-06-12,2024-06-14,188.38999938964844,184.30193640289306,-2.4699999999999998,1,Stop Loss,120,True
NOW,2024-06-14,2024-06-20,144.6840057373047,147.69839782714843,1.78343145773612,2,Trailing Stop,115,True
PLTR,2024-06-14,2024-06-18,23.469999313354492,25.51399955749512,8.408991495272796,1,Trailing Stop,95,True
COIN,2024-06-17,2024-06-20,238.25,233.48499999999999,-2.3,1,Stop Loss,105,True
DDOG,2024-06-17,2024-06-24,117.0,119.58400268554686,1.9085493038862082,3,Trailing Stop,90,True
UBER,2024-06-17,2024-06-25,70.5999984741211,72.47200164794921,2.3515626264699065,4,Trailing Stop,85,True
MRVL,2024-06-18,2024-06-21,72.72877581113703,71.25238166217095,-2.33,1,Stop Loss,130,True
TSLA,2024-06-21,2024-06-26,184.97000122070312,195.20199584960938,5.231704904244231,2,Trailing Stop,95,True
TSM,2024-06-21,2024-06-27,167.0153477437282,170.97440483892362,2.070475018421827,3,Trailing Stop,85,True
PLTR,2024-06-24,2024-06-27,24.15999984741211,25.151999664306643,3.8059595329459066,2,Trailing Stop,120,True
AMAT,2024-06-25,2024-06-28,231.681039516761,236.64197513273922,1.841278210045035,2,Trailing Stop,135,True
KLAC,2024-06-25,2024-06-28,803.7733481807381,825.1156921569556,2.355268929297509,2,Trailing Stop,135,True
TSM,2024-06-25,2024-06-28,168.67148382080708,172.35616844089637,1.8845332338475271,2,Trailing Stop,130,True
CRWD,2024-06-27,2024-07-01,389.3299865722656,381.5433868408203,-2.3,1,Stop Loss,95,True
AAPL,2024-07-01,2024-07-05,214.4911377013164,222.66788908310744,3.512162809811443,2,Trailing Stop,85,True
ARM,2024-07-02,2024-07-05,162.4199981689453,178.60399475097657,9.664288119986958,1,Trailing Stop,115,True
CFLT,2024-07-02,2024-07-05,29.079999923706055,28.44023992538452,-2.5,1,Stop Loss,105,True
SHOP,2024-07-02,2024-07-05,66.26000213623047,67.6863998413086,1.8527281302307521,1,Trailing Stop,95,True
CRWD,2024-07-03,2024-07-08,387.8699951171875,380.11259521484374,-2.3,1,Stop Loss,105,True
S,2024-07-05,2024-07-09,20.219999313354492,19.8155993270874,-2.3,1,Stop Loss,110,True
CFLT,2024-07-05,2024-07-09,29.100000381469727,28.398690372276306,-2.71,1,Stop Loss,110,True
NVDA,2024-07-08,2024-07-10,130.29424856790877,134.0926225842602,2.6152276927801124,1,Trailing Stop,130,True
GE,2024-07-08,2024-07-12,162.27025130371263,158.99239222737762,-2.3200000000000003,3,Stop Loss,85,True
ROKU,2024-07-09,2024-07-11,63.470001220703125,61.527819183349614,-3.3600000000000003,1,Stop Loss,95,True
SNOW,2024-07-10,2024-07-12,139.0,136.22,-2.3,1,Stop Loss,110,True
S,2024-07-10,2024-07-15,20.3799991607666,21.543999099731444,5.411481780655079,2,Trailing Stop,110,True
MRVL,2024-07-10,2024-07-12,74.83713731969372,72.84646946698987,-2.96,1,Stop Loss,85,True
ARM,2024-07-12,2024-07-16,182.11000061035156,178.15821359710694,-2.4699999999999998,1,Stop Loss,130,True
NVDA,2024-07-12,2024-07-16,130.50412821022553,127.89404564602101,-2.3,1,Stop Loss,120,True
LRCX,2024-07-12,2024-07-17,105.366115108341,103.25879280617418,-2.3,2,Stop Loss,120,True
ARM,2024-07-16,2024-07-18,169.97999572753906,166.5803958129883,-2.3,1,Stop Loss,105,True
SNOW,2024-07-16,2024-07-18,134.0,131.32,-2.3,1,Stop Loss,100,True
BA,2024-07-16,2024-07-18,185.32000732421875,180.79819914550782,-2.74,1,Stop Loss,90,True
PLTR,2024-07-18,2024-07-22,28.309999465942383,27.743799476623536,-2.3,1,Stop Loss,110,True
BILL,2024-07-19,2024-07-24,54.0099983215332,52.92979835510254,-2.3,2,Stop Loss,105,True
INTC,2024-07-22,2024-07-24,32.75223342263411,32.09718875418143,-2.3,1,Stop Loss,160,True
LCID,2024-07-25,2024-07-29,35.400001525878906,34.692001495361325,-2.3,1,Stop Loss,165,True
RIVN,2024-07-25,2024-07-31,16.31999969482422,16.90399932861328,3.278429195524276,3,Trailing Stop,150,True
GE,2024-07-25,2024-07-29,165.7862896529935,170.13193663226082,2.3212342337615297,1,Trailing Stop,130,True
LCID,2024-07-29,2024-07-31,34.599998474121094,36.51999969482422,5.249136720740562,1,Trailing Stop,155,True
RUN,2024-07-30,2024-08-01,16.93000030517578,18.594000244140627,9.528705900590762,1,Trailing Stop,155,True
MS,2024-07-30,2024-08-02,98.94027170103799,96.96146626701723,-2.3,2,Stop Loss,85,True
ENPH,2024-07-31,2024-08-02,115.7699966430664,113.01467072296143,-2.6799999999999997,1,Stop Loss,130,True
SBUX,2024-08-02,2024-08-06,70.61289570387497,72.24984910797434,2.0182074432468617,1,Trailing Stop,105,True
PYPL,2024-08-06,2024-08-09,63.1989029444425,64.91892612500907,2.4216029083267765,2,Trailing Stop,120,True
NOW,2024-08-06,2024-08-08,161.1280059814453,157.9054458618164,-2.3,1,Stop Loss,115,True
META,2024-08-06,2024-08-09,500.6666011821778,512.7750817440458,2.118471800051637,2,Trailing Stop,110,True
PYPL,2024-08-13,2024-08-15,64.90994630862731,67.35229922238491,3.46267899243815,1,Trailing Stop,95,True
LRCX,2024-08-19,2024-08-22,86.73484833384485,84.1328028838295,-3.3,2,Stop Loss,115,True
KLAC,2024-08-19,2024-08-22,810.0200061073249,789.3644959515881,-2.8499999999999996,2,Stop Loss,90,True
FSLR,2024-08-19,2024-08-21,227.02000427246094,222.29798818359373,-2.38,1,Stop Loss,90,True
SMCI,2024-08-21,2024-08-23,62.9370002746582,61.25028866729736,-2.9800000000000004,1,Stop Loss,135,True
FSLR,2024-08-21,2024-08-23,222.0,229.42399902343752,3.044143704251134,1,Trailing Stop,115,True
CFLT,2024-08-21,2024-08-23,22.0,21.4786,-2.67,1,Stop Loss,110,True
SMCI,2024-08-23,2024-08-27,61.0,59.78,-2.3,1,Stop Loss,140,True
TSLA,2024-08-23,2024-08-27,218.75,213.696875,-2.6100000000000003,1,Stop Loss,120,True
AMAT,2024-08-23,2024-08-27,198.21502978239786,194.2507291867499,-2.3,1,Stop Loss,115,True
BILL,2024-08-26,2024-08-28,51.369998931884766,53.20120010375977,3.2647288494265387,1,Trailing Stop,140,True
CHWY,2024-08-27,2024-08-29,26.25,29.033999633789062,10.305712890624998,1,Trailing Stop,150,True
AVGO,2024-08-27,2024-08-29,157.7037910925091,154.54971527065894,-2.3,1,Stop Loss,135,True
PLTR,2024-08-27,2024-08-29,30.6200008392334,31.579999923706055,2.8352026719823265,1,Trailing Stop,125,True
RIVN,2024-08-29,2024-09-03,14.199999809265137,13.915999813079834,-2.3,1,Stop Loss,125,True
PLTR,2024-08-29,2024-09-03,31.049999237060547,30.428999252319336,-2.3,1,Stop Loss,120,True
CFLT,2024-08-29,2024-09-03,21.1200008392334,20.69760082244873,-2.3,1,Stop Loss,120,True
RUN,2024-08-30,2024-09-04,20.270000457763672,19.8646004486084,-2.3,1,Stop Loss,145,True
NVDA,2024-08-30,2024-09-04,115.96037175405029,113.64116431896927,-2.3,1,Stop Loss,135,True
FSLR,2024-08-30,2024-09-04,226.64999389648438,222.1169940185547,-2.3,1,Stop Loss,125,True
RUN,2024-09-04,2024-09-06,19.6299991607666,19.237399177551268,-2.3,1,Stop Loss,175,True
LCID,2024-09-04,2024-09-06,38.599998474121094,37.82799850463867,-2.3,1,Stop Loss,160,True
MRVL,2024-09-04,2024-09-06,69.39517069586545,68.00726728194813,-2.3,1,Stop Loss,135,True
ROKU,2024-09-09,2024-09-11,66.06999969482422,69.37399749755859,4.700753470554655,1,Trailing Stop,150,True
AXP,2024-09-11,2024-09-16,250.2400156284652,257.0847830027809,2.435280909060621,2,Trailing Stop,90,True
ADI,2024-09-13,2024-09-17,217.85953097133347,223.07115639687615,2.09219528395498,1,Trailing Stop,115,True
FSLR,2024-09-16,2024-09-18,233.36000061035156,248.00799865722658,5.976996061262972,1,Trailing Stop,110,True
ARM,2024-09-18,2024-09-20,144.99000549316406,142.09020538330077,-2.3,1,Stop Loss,120,True
CHWY,2024-09-23,2024-09-25,30.149999618530273,29.546999626159668,-2.3,1,Stop Loss,150,True
ENPH,2024-09-23,2024-09-25,117.5,115.14999999999999,-2.3,1,Stop Loss,120,True
ARM,2024-09-23,2024-09-25,142.27999877929688,148.2480041503906,3.894549776705608,1,Trailing Stop,95,True
ROKU,2024-09-24,2024-09-26,75.9000015258789,74.2757414932251,-2.4400000000000004,1,Stop Loss,100,True
QCOM,2024-09-24,2024-09-26,161.79300304891538,169.16453831652484,4.256152076230887,1,Trailing Stop,85,True
ORCL,2024-09-24,2024-10-07,165.22924797096002,168.88677214806594,1.913605776229616,8,Trailing Stop,85,True
PLTR,2024-09-25,2024-09-30,37.2599983215332,36.51479835510254,-2.3,2,Stop Loss,100,True
SHOP,2024-09-26,2024-09-30,80.81999969482422,78.7105977027893,-2.91,1,Stop Loss,85,True
CRWD,2024-09-27,2024-10-01,284.0,278.32,-2.3,1,Stop Loss,125,True
MRVL,2024-09-30,2024-10-02,71.69440175961272,70.26051372442046,-2.3,1,Stop Loss,115,True
AVGO,2024-09-30,2024-10-02,170.16231456579885,166.75906827448287,-2.3,1,Stop Loss,105,True
SHOP,2024-09-30,2024-10-02,80.0,78.4,-2.3,1,Stop Loss,95,True
NVDA,2024-10-02,2024-10-04,120.87860561160097,124.17347878608221,2.4257703361239162,1,Trailing Stop,165,True
CRWD,2024-10-02,2024-10-04,279.0,289.847998046875,3.588171342965942,1,Trailing Stop,120,True
MRVL,2024-10-02,2024-10-04,70.6990504989527,73.26305858170635,3.3266513689481965,1,Trailing Stop,115,True
INTC,2024-10-03,2024-10-07,22.700000762939453,22.246000747680664,-2.3,1,Stop Loss,130,True
PATH,2024-10-04,2024-10-08,12.479999542236328,12.230399551391601,-2.3,1,Stop Loss,140,True
TSLA,2024-10-08,2024-10-10,243.82000732421875,238.94360717773438,-2.3,1,Stop Loss,160,True
NET,2024-10-08,2024-10-10,81.94000244140625,91.34000244140626,11.17180829866556,1,Trailing Stop,105,True
AMD,2024-10-11,2024-10-15,167.77000427246094,164.41460418701172,-2.3,1,Stop Loss,125,True
SMCI,2024-10-11,2024-10-15,48.18000030517578,46.27207229309082,-4.26,1,Stop Loss,95,True
INTC,2024-10-11,2024-10-15,23.579999923706055,23.035301925468445,-2.6100000000000003,1,Stop Loss,85,True
ROKU,2024-10-15,2024-10-17,79.01000213623047,77.01104908218385,-2.83,1,Stop Loss,85,True
NVDA,2024-10-16,2024-10-21,139.2923118529861,142.787112272941,2.208968638300309,2,Trailing Stop,105,True
S,2024-10-16,2024-10-21,26.5,27.1,1.9641509433962316,2,Trailing Stop,100,True
CRWD,2024-10-16,2024-10-23,310.0,303.8,-2.3,4,Stop Loss,95,True
SNOW,2024-10-17,2024-10-22,120.0,117.6,-2.3,2,Stop Loss,130,True
ZS,2024-10-18,2024-10-23,188.55999755859375,184.78879760742188,-2.3,2,Stop Loss,125,True
LULU,2024-10-18,2024-10-22,291.42999267578125,301.87799072265625,3.2850798852053984,1,Trailing Stop,105,True
NET,2024-10-18,2024-10-22,90.16000366210938,88.35680358886718,-2.3,1,Stop Loss,85,True
ARM,2024-10-21,2024-10-23,150.4600067138672,147.45080657958985,-2.3,1,Stop Loss,125,True
ROKU,2024-10-22,2024-10-24,76.33000183105469,74.8034017944336,-2.3,1,Stop Loss,105,True
QCOM,2024-10-22,2024-10-24,164.7704227870453,161.4750143313044,-2.3,1,Stop Loss,90,True
TSM,2024-10-23,2024-10-25,195.69340070179263,200.60341697005475,2.209035179854764,1,Trailing Stop,95,True
MU,2024-10-24,2024-10-29,107.84597781808132,105.6890582617197,-2.3,2,Stop Loss,135,True
CRWD,2024-10-24,2024-10-28,305.2200012207031,299.11560119628905,-2.3,1,Stop Loss,120,True
ZS,2024-10-24,2024-10-29,185.3800048828125,189.42800292968752,1.8836217176895393,2,Trailing Stop,120,True
TSM,2024-10-25,2024-10-29,195.98844772821238,191.0299400006886,-2.83,1,Stop Loss,85,True
CRWD,2024-10-28,2024-10-30,303.239990234375,313.02880859375,2.928076333800563,1,Trailing Stop,95,True
TSM,2024-10-29,2024-10-31,191.18857712430793,187.36480558182177,-2.3,1,Stop Loss,130,True
MU,2024-10-29,2024-10-31,105.77546744257937,103.65995809372778,-2.3,1,Stop Loss,85,True
RIVN,2024-10-30,2024-11-01,10.380000114440918,10.172400112152099,-2.3,1,Stop Loss,90,True
S,2024-11-01,2024-11-05,25.899999618530273,25.38199962615967,-2.3,1,Stop Loss,130,True
TSLA,2024-11-05,2024-11-07,284.6700134277344,296.73400268554684,3.937885512614767,1,Trailing Stop,140,True
CRWD,2024-11-05,2024-11-07,317.1700134277344,330.01000366210934,3.7482989219598766,1,Trailing Stop,100,True
NET,2024-11-11,2024-11-13,92.88999938964844,97.91399841308593,5.108546728871404,1,Trailing Stop,120,True
ABNB,2024-11-11,2024-11-13,135.64999389648438,132.93699401855469,-2.3,1,Stop Loss,120,True
SNOW,2024-11-11,2024-11-13,123.0,132.2719970703125,7.238209000254061,1,Trailing Stop,85,True
MRVL,2024-11-12,2024-11-15,91.09926829220188,89.15885387757798,-2.4299999999999997,2,Stop Loss,95,True
NVDA,2024-11-12,2024-11-15,149.01896932454213,145.26369129756367,-2.8200000000000003,2,Stop Loss,85,True
INTC,2024-11-13,2024-11-15,25.1200008392334,24.61760082244873,-2.3,1,Stop Loss,125,True
NET,2024-11-13,2024-11-15,94.45999908447266,91.84345710983277,-3.0700000000000003,1,Stop Loss,115,True
PATH,2024-11-13,2024-11-15,13.579999923706055,13.307041925239563,-2.3099999999999996,1,Stop Loss,110,True
MRVL,2024-11-14,2024-11-21,88.79813763560759,92.26478208558885,3.6039607612121287,4,Trailing Stop,110,True
MRVL,2024-11-18,2024-11-20,87.37362931015676,89.1667225275906,1.7522132725753636,1,Trailing Stop,145,True
TXN,2024-11-18,2024-11-20,198.12237023546137,194.15992283075215,-2.3,1,Stop Loss,140,True
INTC,2024-11-18,2024-11-20,24.5,24.009999999999998,-2.3,1,Stop Loss,125,True
NVDA,2024-11-19,2024-11-21,147.35954130772643,143.42504155481015,-2.9699999999999998,1,Stop Loss,100,True
ZS,2024-11-21,2024-11-25,210.0,215.04000244140622,2.1000011625743884,1,Trailing Stop,115,True
CRWD,2024-11-26,2024-11-29,359.2200012207031,352.03560119628906,-2.3,1,Stop Loss,95,True
BA,2024-11-27,2024-12-02,153.0,158.8800048828125,3.5431404462826803,1,Trailing Stop,85,True
MRVL,2024-11-29,2024-12-03,96.99657157853395,95.05664014696326,-2.3,1,Stop Loss,140,True
NET,2024-11-29,2024-12-03,106.02999877929688,103.90939880371094,-2.3,1,Stop Loss,125,True
ZS,2024-11-29,2024-12-03,207.5500030517578,203.39900299072266,-2.3,1,Stop Loss,110,True
COIN,2024-12-02,2024-12-04,296.7799987792969,324.95599975585935,9.193901574383323,1,Trailing Stop,170,True
ABNB,2024-12-02,2024-12-13,136.97000122070312,134.23060119628906,-2.3,8,Stop Loss,95,True
S,2024-12-03,2024-12-05,28.260000228881836,27.6948002243042,-2.3,1,Stop Loss,115,True
RIVN,2024-12-03,2024-12-05,11.829999923706055,12.646000289916993,6.597720807045488,1,Trailing Stop,100,True
ZS,2024-12-04,2024-12-06,205.6300048828125,213.23880615234376,3.400238821599734,1,Trailing Stop,155,True
ENPH,2024-12-04,2024-12-06,73.37999725341797,71.91239730834961,-2.3,1,Stop Loss,100,True
LRCX,2024-12-06,2024-12-10,75.54406987993252,74.03318848233387,-2.3,1,Stop Loss,105,True
ARM,2024-12-06,2024-12-10,140.14999389648438,137.30494902038575,-2.33,1,Stop Loss,95,True
KLAC,2024-12-06,2024-12-10,653.4249273237127,640.3564287772384,-2.3,1,Stop Loss,95,True
FSLR,2024-12-09,2024-12-11,200.4600067138672,205.09200134277344,2.0106826667515163,1,Trailing Stop,120,True
DXCM,2024-12-09,2024-12-11,78.79000091552734,80.6540023803711,2.0657842913876774,1,Trailing Stop,110,True
BA,2024-12-09,2024-12-11,160.0,167.44000244140625,4.350001525878906,1,Trailing Stop,90,True
DDOG,2024-12-11,2024-12-13,155.82000732421875,152.70360717773437,-2.3,1,Stop Loss,160,True
MU,2024-12-11,2024-12-16,100.93762460057363,108.68613138700894,7.376529754982246,2,Trailing Stop,110,True
TSM,2024-12-11,2024-12-13,192.0423883935221,198.28623008427576,2.9512830854608785,1,Trailing Stop,110,True
LRCX,2024-12-13,2024-12-17,75.57785469288336,77.53591876845285,2.2907907594443255,1,Trailing Stop,105,True
ENPH,2024-12-13,2024-12-17,72.95999908447266,71.5007991027832,-2.3,1,Stop Loss,90,True
FSLR,2024-12-13,2024-12-17,197.63999938964844,193.68719940185545,-2.3,1,Stop Loss,90,True
DDOG,2024-12-16,2024-12-18,156.36000061035156,153.23280059814454,-2.3,1,Stop Loss,155,True
CFLT,2024-12-16,2024-12-18,31.420000076293945,30.791600074768066,-2.3,1,Stop Loss,140,True
SNOW,2024-12-16,2024-12-18,171.0,167.57999999999998,-2.3,1,Stop Loss,125,True
ENPH,2024-12-17,2024-12-19,72.95999908447266,71.5007991027832,-2.3,1,Stop Loss,125,True
DXCM,2024-12-17,2024-12-19,77.26000213623047,75.71480209350585,-2.3,1,Stop Loss,110,True
AMZN,2024-12-19,2024-12-23,219.83999633789062,225.47200317382814,2.26186632539841,1,Trailing Stop,95,True
ROKU,2024-12-24,2024-12-27,79.08000183105469,77.49840179443359,-2.3,1,Stop Loss,160,True
CHWY,2024-12-27,2024-12-31,33.5099983215332,34.2620002746582,1.9441121778325081,1,Trailing Stop,85,True
RIVN,2024-12-30,2025-01-02,13.725000381469727,13.450500373840331,-2.3,1,Stop Loss,145,True
NVDA,2024-12-30,2025-01-02,137.99226367763055,135.23241840407795,-2.3,1,Stop Loss,100,True
GOOGL,2024-12-30,2025-01-06,190.33457825065463,196.02428685488985,2.689319469183552,3,Trailing Stop,85,True
CHWY,2025-01-02,2025-01-06,34.79999923706055,37.248000335693355,6.734486069832408,1,Trailing Stop,130,True
NVDA,2025-01-02,2025-01-06,139.9717090810043,149.68905707845363,6.642365754658124,1,Trailing Stop,120,True
MRVL,2025-01-02,2025-01-06,114.66853511546259,121.28307351055453,5.468398792599555,1,Trailing Stop,120,True
CHWY,2025-01-08,2025-01-13,35.72999954223633,36.691599273681646,2.3912951126926654,1,Trailing Stop,110,True
MRVL,2025-01-08,2025-01-13,115.77327009924741,113.23783548407388,-2.49,1,Stop Loss,105,True
LCID,2025-01-10,2025-01-14,30.0,31.280000305175783,3.966667683919276,1,Trailing Stop,150,True
MU,2025-01-10,2025-01-15,95.52693209086259,101.97778730504939,6.452917813848483,2,Trailing Stop,120,True
TSM,2025-01-10,2025-01-14,197.85407856921526,202.3850251178888,1.9900445527527906,1,Trailing Stop,110,True
MRVL,2025-01-13,2025-01-16,116.35132568888689,119.64433311337804,2.530227678966341,2,Trailing Stop,130,True
ARM,2025-01-14,2025-01-16,143.0,148.60799560546874,3.6216752485795407,1,Trailing Stop,150,True
PATH,2025-01-14,2025-01-16,13.65999984741211,13.385433850479126,-2.3099999999999996,1,Stop Loss,115,True
PATH,2025-01-21,2025-01-23,13.300000190734863,13.708000373840333,2.7676705056718243,1,Trailing Stop,100,True
CRWD,2025-01-21,2025-01-24,368.760009765625,381.1919921875,3.071293549367364,2,Trailing Stop,95,True
ARM,2025-01-28,2025-01-30,150.66000366210938,154.03600463867187,1.940807709081153,1,Trailing Stop,165,True
COIN,2025-01-28,2025-01-30,281.82000732421875,301.16400146484375,6.563953458907826,1,Trailing Stop,165,True
KLAC,2025-01-28,2025-01-30,714.9688650252724,734.8231685202794,2.4769465869405662,1,Trailing Stop,150,True
PYPL,2025-01-29,2025-02-03,89.3035593967793,87.51748820884372,-2.3,2,Stop Loss,100,True
ARM,2025-01-30,2025-02-03,154.0,158.28800048828126,2.484415901481335,1,Trailing Stop,155,True
ORCL,2025-01-30,2025-02-03,168.70051413801968,164.65170179870722,-2.7,1,Stop Loss,145,True
PATH,2025-01-30,2025-02-03,14.90999984741211,14.537249851226806,-2.8,1,Stop Loss,115,True
PYPL,2025-02-03,2025-02-05,82.07027454854592,80.428869057575,-2.3,1,Stop Loss,95,True
PATH,2025-02-03,2025-02-05,14.390000343322754,14.79799976348877,2.5352981961903556,1,Trailing Stop,95,True
BA,2025-02-03,2025-02-05,176.89999389648438,180.86799926757814,1.9430782973433585,1,Trailing Stop,90,True
CFLT,2025-02-04,2025-02-06,28.969999313354492,29.91399955749512,2.9585442406464484,1,Trailing Stop,145,True
ROKU,2025-02-04,2025-02-07,80.12000274658203,84.1760025024414,4.762405912152077,2,Trailing Stop,135,True
CHWY,2025-02-04,2025-02-07,38.25,37.485,-2.3,2,Stop Loss,110,True
AMAT,2025-02-10,2025-02-14,179.99820440005053,176.14624282588946,-2.4400000000000004,3,Stop Loss,125,True
AMZN,2025-02-10,2025-02-14,231.9199981689453,227.2815982055664,-2.3,3,Stop Loss,110,True
KLAC,2025-02-10,2025-02-12,748.1552206139763,733.1921162016968,-2.3,1,Stop Loss,105,True
PATH,2025-02-12,2025-02-14,14.25,15.09000015258789,5.594737912897479,1,Trailing Stop,155,True
ROKU,2025-02-12,2025-02-14,81.76000213623047,100.31999969482422,22.400583504962047,1,Trailing Stop,110,True
SNOW,2025-02-12,2025-02-14,186.9600067138672,191.79200134277343,2.284507089958211,1,Trailing Stop,100,True
AMAT,2025-02-13,2025-02-18,173.10717316177923,169.64502969854365,-2.3,1,Stop Loss,130,True
ORCL,2025-02-13,2025-02-18,172.50201163070858,178.8298930686435,3.3682942871887374,1,Trailing Stop,130,True
LRCX,2025-02-13,2025-02-18,81.89996295477745,85.19775643261904,3.7266116843819947,1,Trailing Stop,95,True
KLAC,2025-02-18,2025-02-20,754.6794548585419,780.7526381651493,3.154868572180031,1,Trailing Stop,90,True
AVGO,2025-02-19,2025-02-21,226.60234108515445,222.07029426345136,-2.3,1,Stop Loss,105,True
ROKU,2025-02-24,2025-02-26,91.41500091552734,89.5867008972168,-2.3,1,Stop Loss,175,True
ENPH,2025-02-24,2025-02-26,65.95999908447266,64.6407991027832,-2.3,1,Stop Loss,105,True
DE,2025-02-25,2025-02-27,483.38696656019016,473.71922722898637,-2.3,1,Stop Loss,90,True
INTC,2025-02-26,2025-02-28,23.700000762939453,23.226000747680665,-2.3,1,Stop Loss,175,True
ABNB,2025-02-26,2025-02-28,144.6300048828125,141.73740478515626,-2.3,1,Stop Loss,160,True
UBER,2025-02-26,2025-02-28,75.94999694824219,74.43099700927735,-2.3,1,Stop Loss,150,True
INTC,2025-02-28,2025-03-04,25.0,24.5,-2.3,1,Stop Loss,155,True
ADI,2025-02-28,2025-03-04,228.07866923719345,223.5170958524496,-2.3,1,Stop Loss,135,True
UBER,2025-02-28,2025-03-04,77.05999755859375,75.51879760742187,-2.3,1,Stop Loss,135,True
NKE,2025-03-05,2025-03-07,75.35814968212574,77.13358858333802,2.0560011872656165,1,Trailing Stop,105,True
ADI,2025-03-07,2025-03-11,217.58978834579906,213.23799257888308,-2.3,1,Stop Loss,120,True
KLAC,2025-03-19,2025-03-24,704.4003593326197,725.3250425705991,2.670566803487202,2,Trailing Stop,90,True
QCOM,2025-03-19,2025-03-21,155.37394003580766,152.2664612350915,-2.3,1,Stop Loss,85,True
INTC,2025-03-20,2025-03-24,23.600000381469727,24.711999893188473,4.411862261628892,1,Trailing Stop,110,True
MU,2025-03-24,2025-03-26,95.86581941462131,93.94850302632888,-2.3,1,Stop Loss,180,True
INTC,2025-03-27,2025-03-31,23.350000381469727,22.883000373840332,-2.3,1,Stop Loss,150,True
ENPH,2025-03-27,2025-03-31,60.7400016784668,59.52520164489746,-2.3,1,Stop Loss,150,True
TSLA,2025-03-27,2025-03-31,275.5799865722656,268.938508895874,-2.71,1,Stop Loss,115,True
LCID,2025-03-31,2025-04-02,24.399999618530273,23.814399627685546,-2.7,1,Stop Loss,120,True
RIVN,2025-03-31,2025-04-02,12.46500015258789,12.215700149536133,-2.3,1,Stop Loss,110,True
AAPL,2025-03-31,2025-04-03,218.85612876373423,214.47900618845955,-2.3,2,Stop Loss,90,True
TSLA,2025-04-01,2025-04-03,254.60000610351562,271.9599914550781,6.518532967553918,1,Trailing Stop,145,True
CRWD,2025-04-01,2025-04-03,353.1600036621094,346.0968035888672,-2.3,1,Stop Loss,130,True
BA,2025-04-02,2025-04-04,160.0,156.8,-2.3,1,Stop Loss,110,True
FSLR,2025-04-09,2025-04-11,125.0,122.0,-2.7,1,Stop Loss,145,True
FSLR,2025-04-17,2025-04-22,126.45999908447266,138.46000518798826,9.189171430010722,1,Trailing Stop,105,True
MCD,2025-04-17,2025-04-22,305.66606561378126,312.74258695860885,2.015115134098335,1,Trailing Stop,85,True
CRWD,2025-04-22,2025-04-24,382.5,408.37919921875,6.4658037173202585,1,Trailing Stop,115,True
UBER,2025-04-22,2025-04-24,76.92500305175781,75.35573298950196,-2.34,1,Stop Loss,115,True
JPM,2025-04-22,2025-04-28,236.84324673802962,242.06480590736015,1.9046476905064795,3,Trailing Stop,115,True
INTC,2025-04-28,2025-04-30,20.309999465942383,19.903799476623536,-2.3,1,Stop Loss,125,True
LULU,2025-04-28,2025-04-30,267.9599914550781,262.60079162597657,-2.3,1,Stop Loss,90,True
MU,2025-04-30,2025-05-02,79.24367803770987,81.05610164080815,1.9871522977969287,1,Trailing Stop,120,True
TXN,2025-04-30,2025-05-02,157.24669716298547,161.5562240032167,2.4406151721994034,1,Trailing Stop,105,True
NKE,2025-05-01,2025-05-08,56.827940715229786,58.807637716452,3.1836683791564138,4,Trailing Stop,120,True
LCID,2025-05-01,2025-05-05,25.649999618530273,25.136999626159668,-2.3,1,Stop Loss,105,True
TSLA,2025-05-01,2025-05-05,284.8999938964844,279.2019940185547,-2.3,1,Stop Loss,100,True
QCOM,2025-05-02,2025-05-07,136.00133911897325,141.0362456468149,3.402100700227037,2,Trailing Stop,145,True
CHWY,2025-05-02,2025-05-06,36.439998626708984,38.071999359130864,4.178597129325059,1,Trailing Stop,105,True
RIVN,2025-05-06,2025-05-08,13.449999809265137,13.180999813079834,-2.3,1,Stop Loss,90,True
AMZN,2025-05-06,2025-05-08,185.55999755859375,192.57600097656248,3.480989173463052,1,Trailing Stop,85,True
PLTR,2025-05-07,2025-05-09,112.27999877929688,117.78400268554687,4.602034170011824,1,Trailing Stop,175,True
KLAC,2025-05-07,2025-05-12,698.9346327258701,746.2218858874519,6.465618835792961,2,Trailing Stop,110,True
SHOP,2025-05-07,2025-05-09,89.68499755859375,93.86500244140625,4.360762665552376,1,Trailing Stop,105,True
RIVN,2025-05-08,2025-05-12,13.710000038146973,14.725999641418456,7.110646246860293,1,Trailing Stop,145,True
CRWD,2025-05-08,2025-05-12,418.94500732421875,427.36500244140626,1.7098091563295161,1,Trailing Stop,120,True
UBER,2025-05-09,2025-05-13,84.61499786376953,90.65899810791016,6.842942027690524,1,Trailing Stop,95,True
NFLX,2025-05-13,2025-05-15,112.95999908447266,117.61599884033203,3.821812848438113,1,Trailing Stop,85,True
ENPH,2025-05-14,2025-05-16,47.33000183105469,50.970001220703125,7.390680855330373,1,Trailing Stop,125,True
INTC,2025-05-15,2025-05-19,21.530000686645508,21.099400672912598,-2.3,1,Stop Loss,90,True
ROKU,2025-05-16,2025-05-20,69.2300033569336,71.6540023803711,3.201370657083367,1,Trailing Stop,100,True
ORCL,2025-05-16,2025-05-23,157.27495804848607,154.12945888751634,-2.3,4,Stop Loss,85,True
PYPL,2025-05-16,2025-05-21,70.99587766611157,72.62730798625877,1.9979226030836614,2,Trailing Stop,85,True
BILL,2025-05-19,2025-05-21,46.43000030517578,45.501400299072266,-2.3,1,Stop Loss,110,True
AMAT,2025-05-19,2025-05-21,163.79058907444514,160.51477729295624,-2.3,1,Stop Loss,105,True
ENPH,2025-05-20,2025-05-22,48.349998474121094,47.38299850463867,-2.3,1,Stop Loss,125,True
S,2025-05-20,2025-05-27,19.719999313354492,20.171999740600583,1.992091495865285,3,Trailing Stop,95,True
DDOG,2025-05-20,2025-05-27,114.93000030517578,117.41800079345703,1.864796381862708,3,Trailing Stop,85,True
GOOGL,2025-05-21,2025-06-03,171.37672606938918,166.69814144769487,-3.0300000000000002,7,Stop Loss,110,True
PLTR,2025-05-22,2025-05-27,120.87999725341797,126.47999725341796,4.332693685672342,1,Trailing Stop,175,True
MRVL,2025-05-22,2025-05-27,60.017852778746196,64.30441266837113,6.842141364882199,1,Trailing Stop,170,True
SHOP,2025-05-22,2025-05-27,100.80999755859375,106.14600219726562,4.993130411565007,1,Trailing Stop,160,True
FSLR,2025-05-23,2025-05-28,158.5500030517578,155.37900299072265,-2.3,1,Stop Loss,175,True
ADI,2025-05-23,2025-05-30,212.58035205106998,208.32874501004858,-2.3,3,Stop Loss,145,True
AMD,2025-05-23,2025-05-30,113.18000030517578,110.91640029907227,-2.3,3,Stop Loss,125,True
LULU,2025-05-27,2025-05-30,321.20001220703125,314.7760119628906,-2.3,2,Stop Loss,125,True
AMAT,2025-05-27,2025-05-29,161.13144155617493,157.90881272505143,-2.3,1,Stop Loss,120,True
MU,2025-05-27,2025-05-29,96.5096115936768,98.84899060831572,2.123985524351852,1,Trailing Stop,110,True
RIVN,2025-05-28,2025-05-30,15.670000076293945,15.356600074768066,-2.3,1,Stop Loss,155,True
FSLR,2025-05-28,2025-05-30,158.0,154.84,-2.3,1,Stop Loss,150,True
CHWY,2025-05-29,2025-06-02,44.4900016784668,46.94200057983399,5.211348188044597,1,Trailing Stop,85,True
CRWD,2025-05-30,2025-06-03,471.0,487.16000976562503,3.130999950238861,1,Trailing Stop,100,True
ROKU,2025-05-30,2025-06-03,71.75,73.52600097656251,2.175262685104549,1,Trailing Stop,95,True
SMCI,2025-06-02,2025-06-04,41.33000183105469,44.04200134277343,6.2618180294417325,1,Trailing Stop,125,True
AMD,2025-06-02,2025-06-04,114.5,118.34000244140626,3.053713922625551,1,Trailing Stop,105,True
NVDA,2025-06-02,2025-06-04,138.75480693174418,141.64228718949522,1.780994757299786,1,Trailing Stop,95,True
PATH,2025-06-03,2025-06-05,13.039999961853027,13.327999687194824,1.908586857241607,1,Trailing Stop,155,True
GOOGL,2025-06-04,2025-06-09,169.8708734285067,174.93182216601494,2.6792916439192975,2,Trailing Stop,100,True
CRWD,2025-06-05,2025-06-11,463.1199951171875,476.57600097656245,2.6055117466845834,3,Trailing Stop,110,True
AVGO,2025-06-10,2025-06-12,244.89254626935502,254.06160891314101,3.4441166680920645,1,Trailing Stop,110,True
SNOW,2025-06-11,2025-06-13,206.13999938964844,211.06800231933593,2.090609752730483,1,Trailing Stop,85,True
INTC,2025-06-12,2025-06-16,20.329999923706055,20.810000228881837,2.0610443038716966,1,Trailing Stop,100,True
NET,2025-06-13,2025-06-17,174.11500549316406,180.8949981689453,3.5939737885184364,1,Trailing Stop,150,True
ENPH,2025-06-13,2025-06-17,46.5,45.06315,-3.3899999999999997,1,Stop Loss,100,True
NKE,2025-06-16,2025-06-18,60.59621595622836,59.38429163710379,-2.3,1,Stop Loss,130,True
SMCI,2025-06-16,2025-06-18,43.2400016784668,45.183998870849614,4.195830520170662,1,Trailing Stop,125,True
INTC,2025-06-16,2025-06-18,20.6299991607666,21.4060001373291,3.4615172473601987,1,Trailing Stop,120,True
AVGO,2025-06-18,2025-06-23,252.29417021235645,247.24828680810933,-2.3,1,Stop Loss,105,True
PLTR,2025-06-18,2025-06-23,140.69000244140625,137.52447738647462,-2.55,1,Stop Loss,100,True
KLAC,2025-06-23,2025-06-25,867.8918526779067,893.1544013547513,2.6107945418425293,1,Trailing Stop,110,True
INTC,2025-06-23,2025-06-25,21.34000015258789,22.484000396728515,5.060825847988066,1,Trailing Stop,100,True
PLTR,2025-06-23,2025-06-25,140.97999572753906,146.33199768066405,3.4962846611716287,1,Trailing Stop,100,True
SMCI,2025-06-24,2025-06-26,43.34000015258789,48.28400039672852,11.1074762961103,1,Trailing Stop,175,True
CRWD,2025-06-25,2025-06-30,497.0799865722656,507.43198852539064,1.7825626122084948,2,Trailing Stop,85,True
LCID,2025-06-26,2025-06-30,22.0,21.527,-2.45,1,Stop Loss,115,True
DXCM,2025-06-26,2025-06-30,85.0,86.99199829101563,2.043527401194863,1,Trailing Stop,110,True
BILL,2025-06-26,2025-06-30,45.400001525878906,46.680000305175774,2.519380476380035,1,Trailing Stop,105,True
UBER,2025-06-30,2025-07-07,92.8499984741211,96.26600189208985,3.3790559764207773,3,Trailing Stop,85,True
ABNB,2025-07-01,2025-07-14,135.22000122070312,138.6184020996094,2.2132383140268406,7,Trailing Stop,105,True
BA,2025-07-01,2025-07-03,210.39999389648438,216.22399291992187,2.4680604526551786,1,Trailing Stop,90,True
INTC,2025-07-01,2025-07-07,22.530000686645508,21.94196766872406,-2.91,2,Stop Loss,85,True
AMD,2025-07-02,2025-07-07,139.11000061035156,136.32780059814453,-2.3,1,Stop Loss,150,True
MU,2025-07-02,2025-07-07,122.08915464336626,119.64737155049893,-2.3,1,Stop Loss,135,True
SMCI,2025-07-02,2025-07-07,49.22999954223633,47.753099555969236,-3.3,1,Stop Loss,115,True
MRVL,2025-07-03,2025-07-08,74.2664848150757,72.78115511877418,-2.3,1,Stop Loss,155,True
INTC,2025-07-03,2025-07-08,22.209999084472656,23.474000549316408,5.391136951587872,1,Trailing Stop,120,True
AMD,2025-07-08,2025-07-10,138.69000244140625,144.39400634765624,3.812772230038587,1,Trailing Stop,120,True
CRWD,2025-07-08,2025-07-10,512.0,501.76,-2.3,1,Stop Loss,95,True
FSLR,2025-07-09,2025-07-11,166.58999633789062,163.25819641113281,-2.3,1,Stop Loss,120,True
SHOP,2025-07-09,2025-07-11,114.45999908447266,112.1707991027832,-2.3,1,Stop Loss,105,True
LULU,2025-07-10,2025-07-14,237.0399932861328,232.29919342041015,-2.3,1,Stop Loss,115,True
PYPL,2025-07-14,2025-07-16,73.59985455019678,72.12785745919284,-2.3,1,Stop Loss,130,True
BILL,2025-07-14,2025-07-16,46.439998626708984,45.511198654174805,-2.3,1,Stop Loss,120,True
SMCI,2025-07-14,2025-07-16,51.869998931884766,53.00600051879883,1.8900937156483268,1,Trailing Stop,100,True
BILL,2025-07-16,2025-07-18,46.22999954223633,45.3053995513916,-2.3,1,Stop Loss,125,True
INTC,2025-07-17,2025-07-21,23.219999313354492,23.707999801635744,1.801638685237119,1,Trailing Stop,100,True
SMCI,2025-07-23,2025-07-25,51.81999969482422,53.98000030517578,3.868275999753239,1,Trailing Stop,125,True
ARM,2025-07-23,2025-07-25,160.0,163.66400146484375,1.9900009155273437,1,Trailing Stop,105,True
AMD,2025-07-23,2025-07-25,159.1199951171875,165.5679931640625,3.752286478595117,1,Trailing Stop,100,True
TSLA,2025-07-25,2025-07-30,318.45001220703125,312.0810119628906,-2.3,2,Stop Loss,150,True
RIVN,2025-07-25,2025-07-29,14.045000076293945,13.73460557460785,-2.51,1,Stop Loss,95,True
SBUX,2025-07-25,2025-07-29,93.03135607191017,91.17072895047197,-2.3,1,Stop Loss,85,True
NOW,2025-07-28,2025-07-31,198.30599975585938,194.33987976074218,-2.3,2,Stop Loss,105,True
S,2025-07-30,2025-08-01,18.8799991607666,18.50239917755127,-2.3,1,Stop Loss,160,True
ROKU,2025-07-30,2025-08-01,92.58000183105469,90.7284017944336,-2.3,1,Stop Loss,95,True
PLTR,2025-07-30,2025-08-01,159.99000549316406,156.63021537780762,-2.4000000000000004,1,Stop Loss,85,True
MRVL,2025-08-04,2025-08-06,76.80385089512532,75.26777387722281,-2.3,1,Stop Loss,130,True
SHOP,2025-08-04,2025-08-06,125.0,150.11199951171875,19.789599609375,1,Trailing Stop,110,True
ORCL,2025-08-04,2025-08-07,254.2953393839517,248.72627145144315,-2.49,2,Stop Loss,95,True
META,2025-08-06,2025-08-12,772.3383525306105,788.4583187309626,1.7871637602268649,3,Trailing Stop,85,True
MRVL,2025-08-07,2025-08-11,76.09482748992104,79.13862578051152,3.7000068217430835,1,Trailing Stop,145,True
UBER,2025-08-11,2025-08-15,91.19000244140625,93.35800170898438,2.0774528013322113,3,Trailing Stop,125,True
NET,2025-08-12,2025-08-14,204.0,199.92,-2.3,1,Stop Loss,110,True
FSLR,2025-08-12,2025-08-14,185.36000061035156,181.65280059814452,-2.3,1,Stop Loss,100,True
MU,2025-08-14,2025-08-20,123.04320267804947,119.41342819904702,-3.25,3,Stop Loss,95,True
TSM,2025-08-14,2025-08-19,238.92918570386126,234.15060198978404,-2.3,2,Stop Loss,95,True
AVGO,2025-08-14,2025-08-18,309.90503379166023,303.70693311582704,-2.3,1,Stop Loss,85,True
MRVL,2025-08-18,2025-08-20,76.29455314943095,74.76866208644233,-2.3,1,Stop Loss,145,True
MU,2025-08-18,2025-08-20,122.81344538796367,120.35717648020439,-2.3,1,Stop Loss,125,True
SHOP,2025-08-18,2025-08-20,143.0,140.14,-2.3,1,Stop Loss,125,True
ROKU,2025-08-20,2025-08-22,88.13999938964844,94.2040008544922,6.5799654037165105,1,Trailing Stop,125,True
UBER,2025-08-21,2025-08-25,94.45999908447266,96.89199981689453,2.274635566370275,1,Trailing Stop,95,True
FSLR,2025-08-22,2025-08-26,200.0,196.0,-2.3,1,Stop Loss,130,True
MU,2025-08-22,2025-08-28,117.55886073202647,121.46683252293336,3.024268172192518,3,Trailing Stop,105,True
CHWY,2025-08-25,2025-08-27,39.900001525878906,40.747999572753905,1.8253083068806204,1,Trailing Stop,85,True
UBER,2025-08-26,2025-08-28,96.5,94.44455,-2.4299999999999997,1,Stop Loss,85,True
DDOG,2025-08-27,2025-08-29,134.3699951171875,140.8739990234375,4.540369236136161,1,Trailing Stop,125,True
BILL,2025-08-27,2025-08-29,44.81999969482422,48.836000061035165,8.660286464871865,1,Trailing Stop,115,True
PATH,2025-08-27,2025-09-02,11.199999809265137,10.964799813270568,-2.4000000000000004,2,Stop Loss,85,True
FSLR,2025-08-28,2025-09-02,197.14999389648438,193.2069940185547,-2.3,1,Stop Loss,125,True
INTC,2025-09-02,2025-09-05,24.09000015258789,24.5859992980957,1.758942060465394,2,Trailing Stop,115,True
S,2025-09-03,2025-09-05,18.049999237060547,18.60999984741211,2.802496587378018,1,Trailing Stop,120,True
ENPH,2025-09-03,2025-09-05,37.08000183105469,39.295999145507814,5.67625999197556,1,Trailing Stop,105,True
CHWY,2025-09-03,2025-09-05,41.150001525878906,42.150001525878906,2.130133567239622,1,Trailing Stop,105,True
ADI,2025-09-04,2025-09-15,245.35344016951828,240.44637136612792,-2.3,6,Stop Loss,115,True
NET,2025-09-04,2025-09-08,212.11000061035156,219.2140045166016,3.0492074328452636,1,Trailing Stop,85,True
SNOW,2025-09-05,2025-09-09,226.83999633789062,222.3031964111328,-2.3,1,Stop Loss,160,True
CFLT,2025-09-05,2025-09-09,19.200000762939453,19.992000579833984,3.824998882412955,1,Trailing Stop,125,True
CRM,2025-09-05,2025-09-10,249.9605628679778,244.96135161061827,-2.3,2,Stop Loss,105,True
CHWY,2025-09-09,2025-09-11,37.11000061035156,36.312135597229,-2.45,1,Stop Loss,110,True
RUN,2025-09-10,2025-09-15,16.174999237060547,15.851499252319336,-2.3,2,Stop Loss,135,True
ENPH,2025-09-11,2025-09-15,37.540000915527344,38.403999328613274,2.001540735254917,1,Trailing Stop,115,True
ROKU,2025-09-11,2025-09-15,96.30999755859375,94.38379760742187,-2.3,1,Stop Loss,110,True
PATH,2025-09-11,2025-09-15,11.760000228881836,11.5248002243042,-2.3,1,Stop Loss,85,True
RUN,2025-09-12,2025-09-16,16.006000518798828,16.77719955444336,4.518186996425305,1,Trailing Stop,160,True
LCID,2025-09-15,2025-09-17,19.809999465942383,21.081999588012696,6.121000284513652,1,Trailing Stop,145,True
SNOW,2025-09-15,2025-09-17,221.24000549316406,216.81520538330076,-2.3,1,Stop Loss,125,True
RIVN,2025-09-15,2025-09-17,13.770000457763672,14.458000183105469,4.696366757227632,1,Trailing Stop,125,True
SNOW,2025-09-17,2025-09-19,219.9949951171875,229.5510009765625,4.043737844710825,1,Trailing Stop,160,True
S,2025-09-17,2025-09-19,18.690000534057617,19.070000839233398,1.7331743944219251,1,Trailing Stop,95,True
NOW,2025-09-17,2025-09-22,191.30999755859375,187.21596361083985,-2.4400000000000004,2,Stop Loss,85,True
NET,2025-09-18,2025-09-22,224.0,228.8800048828125,1.8785736083984375,1,Trailing Stop,115,True
ARM,2025-09-22,2025-09-24,145.41000366210938,142.50180358886718,-2.3,1,Stop Loss,135,True
ARM,2025-09-24,2025-09-26,141.5,138.67,-2.3,1,Stop Loss,135,True
FSLR,2025-09-24,2025-09-26,214.69000244140625,221.64999999999998,2.9418824721441172,1,Trailing Stop,100,True
COIN,2025-09-24,2025-09-26,314.3299865722656,308.0433868408203,-2.3,1,Stop Loss,95,True
RUN,2025-09-25,2025-09-29,16.979999542236328,17.715999603271484,4.034511665942144,1,Trailing Stop,135,True
NET,2025-09-25,2025-09-30,218.00999450683594,213.6497946166992,-2.3,2,Stop Loss,100,True
ZS,2025-09-25,2025-09-29,287.0,298.047998046875,3.549476671385025,1,Trailing Stop,100,True
NOW,2025-09-26,2025-09-30,188.41200256347656,184.64376251220702,-2.3,1,Stop Loss,120,True
CFLT,2025-09-26,2025-09-30,19.93000030517578,19.531400299072267,-2.3,1,Stop Loss,120,True
LULU,2025-09-26,2025-10-06,177.72000122070312,173.7213011932373,-2.55,5,Stop Loss,115,True
SHOP,2025-09-29,2025-10-01,147.99000549316406,150.99320373535156,1.7293250427146025,1,Trailing Stop,160,True
FSLR,2025-09-29,2025-10-02,223.69000244140625,231.94599609375,3.390819241913304,2,Trailing Stop,85,True
BILL,2025-10-01,2025-10-06,54.0,55.24800109863281,2.011113145616319,2,Trailing Stop,95,True
FSLR,2025-10-01,2025-10-03,230.02000427246094,234.69999694824222,1.7346024645046876,1,Trailing Stop,85,True
PATH,2025-10-03,2025-10-07,14.1899995803833,15.046000099182127,5.732421029681974,1,Trailing Stop,130,True
NET,2025-10-06,2025-10-08,222.0,217.56,-2.3,1,Stop Loss,105,True
KLAC,2025-10-06,2025-10-08,1138.8992490215815,1103.7072622268145,-3.3899999999999997,1,Stop Loss,95,True
CRWD,2025-10-06,2025-10-08,497.0,507.4,1.7925553319919472,1,Trailing Stop,85,True
LCID,2025-10-08,2025-10-10,22.239999771118164,21.7951997756958,-2.3,1,Stop Loss,175,True
TSLA,2025-10-08,2025-10-10,431.80999755859375,423.1737976074219,-2.3,1,Stop Loss,150,True
LRCX,2025-10-08,2025-10-10,141.51701679635556,138.68667646042846,-2.3,1,Stop Loss,130,True
NET,2025-10-13,2025-10-15,217.3300018310547,223.4739959716797,2.527034504606112,1,Trailing Stop,125,True
SNOW,2025-10-13,2025-10-16,244.0399932861328,238.98836542510986,-2.37,2,Stop Loss,105,True
CRWD,2025-10-13,2025-10-15,500.0950012207031,488.4927971923828,-2.62,1,Stop Loss,95,True
TSLA,2025-10-15,2025-10-17,434.7300109863281,426.03541076660156,-2.3,1,Stop Loss,125,True
ORCL,2025-10-15,2025-10-17,304.79432018486835,297.7535713885979,-2.6100000000000003,1,Stop Loss,95,True
DDOG,2025-10-17,2025-10-21,155.14999389648438,158.26599731445313,1.7083812700938579,1,Trailing Stop,150,True
TSLA,2025-10-17,2025-10-22,443.8699951171875,434.01608122558594,-2.5200000000000005,2,Stop Loss,120,True
CFLT,2025-10-17,2025-10-24,22.510000228881836,23.35400047302246,3.4494457377113434,4,Trailing Stop,105,True
PATH,2025-10-20,2025-10-22,15.680000305175781,15.366400299072266,-2.3,1,Stop Loss,175,True
ARM,2025-10-20,2025-10-22,170.52999877929688,166.19853681030273,-2.84,1,Stop Loss,130,True
ENPH,2025-10-20,2025-10-22,37.869998931884766,36.908100959014895,-2.84,1,Stop Loss,115,True
PATH,2025-10-23,2025-10-27,15.5600004196167,17.11200008392334,9.674290632730417,1,Trailing Stop,165,True
FSLR,2025-10-23,2025-10-27,239.67999267578125,247.58399658203126,2.9977320376264682,1,Trailing Stop,160,True
RUN,2025-10-23,2025-10-27,20.6299991607666,20.21739917755127,-2.3,1,Stop Loss,135,True
ROKU,2025-10-27,2025-10-29,99.63999938964844,97.24863940429687,-2.7,1,Stop Loss,130,True
ADI,2025-10-27,2025-10-29,240.6600004632946,235.8468004540287,-2.3,1,Stop Loss,90,True
RUN,2025-10-29,2025-10-31,19.8799991607666,20.79599952697754,4.307647911870512,1,Trailing Stop,145,True
FSLR,2025-10-29,2025-10-31,237.13999938964844,263.16401062011715,10.674112885826677,1,Trailing Stop,110,True
NOW,2025-10-30,2025-11-03,188.64199829101562,184.86915832519531,-2.3,1,Stop Loss,115,True
CRM,2025-10-30,2025-11-03,254.38939627545577,259.7886796184894,1.8224482710699361,1,Trailing Stop,85,True
ARM,2025-10-31,2025-11-04,171.3000030517578,167.87400299072266,-2.3,1,Stop Loss,145,True
TSLA,2025-10-31,2025-11-04,455.989990234375,446.4597994384765,-2.3899999999999997,1,Stop Loss,105,True
RIVN,2025-10-31,2025-11-04,13.550000190734863,13.220735186100006,-2.7300000000000004,1,Stop Loss,100,True
LRCX,2025-11-03,2025-11-05,155.3742089346946,164.3913649505977,5.503508882026306,1,Trailing Stop,95,True
INTC,2025-11-05,2025-11-07,38.34000015258789,37.573200149536135,-2.3,1,Stop Loss,160,True
AVGO,2025-11-05,2025-11-07,359.42227629198584,352.2338307661461,-2.3,1,Stop Loss,145,True
AMD,2025-11-05,2025-11-07,253.47000122070312,248.40060119628905,-2.3,1,Stop Loss,140,True
NET,2025-11-07,2025-11-12,238.64999389648438,233.87699401855468,-2.3,2,Stop Loss,150,True
ZS,2025-11-07,2025-11-11,323.9800109863281,331.4040100097656,1.9914990961435517,1,Trailing Stop,120,True
AMZN,2025-11-07,2025-11-13,248.33999633789062,243.3731964111328,-2.3,3,Stop Loss,95,True
ROKU,2025-11-10,2025-11-12,104.55999755859375,107.31199951171875,2.331983566739111,1,Trailing Stop,145,True
CAT,2025-11-10,2025-11-13,567.3924431128899,556.044594250632,-2.3,2,Stop Loss,85,True
FSLR,2025-11-12,2025-11-14,267.5199890136719,262.1695892333984,-2.3,1,Stop Loss,130,True
LRCX,2025-11-12,2025-11-14,158.62884557167507,155.45626866024156,-2.3,1,Stop Loss,125,True
AMAT,2025-11-12,2025-11-14,226.94513905664746,222.40623627551452,-2.3,1,Stop Loss,110,True
MU,2025-11-14,2025-11-18,246.82028920231596,240.0327312492523,-3.05,1,Stop Loss,130,True
DDOG,2025-11-14,2025-11-18,184.17999267578125,180.49639282226562,-2.3,1,Stop Loss,125,True
CAT,2025-11-14,2025-11-18,551.3001310030844,540.2741283830227,-2.3,1,Stop Loss,115,True
FSLR,2025-11-17,2025-11-19,247.0,255.66398925781252,3.207687958628549,1,Trailing Stop,130,True
RIVN,2025-11-18,2025-11-20,14.829999923706055,15.470000076293946,4.015577585168009,1,Trailing Stop,125,True
SBUX,2025-11-21,2025-11-25,84.71368760911533,82.68903047525747,-2.6900000000000004,1,Stop Loss,85,True
SBUX,2025-12-02,2025-12-04,84.48516010620251,86.74260454852157,2.3720011413617765,1,Trailing Stop,90,True
TSM,2025-12-02,2025-12-05,291.3933558822439,298.27077584075647,2.0601842045059655,2,Trailing Stop,85,True
GS,2025-12-02,2025-12-04,812.9500122070312,837.7819946289062,2.7545521925093563,1,Trailing Stop,85,True
CHWY,2025-12-03,2025-12-08,33.529998779296875,34.58599853515625,2.849417817788299,2,Trailing Stop,95,True
AVGO,2025-12-03,2025-12-05,379.9529999571057,390.2133812789909,2.4004343492599105,1,Trailing Stop,90,True
MU,2025-12-05,2025-12-09,243.3916744750837,253.00378932447518,3.649237322978144,1,Trailing Stop,145,True
INTC,2025-12-05,2025-12-09,41.939998626708984,41.1011986541748,-2.3,1,Stop Loss,120,True
HD,2025-12-05,2025-12-10,351.95001220703125,344.9110119628906,-2.3,2,Stop Loss,105,True
COIN,2025-12-08,2025-12-10,270.6300048828125,277.67800292968747,2.3042929164217663,1,Trailing Stop,115,True
NET,2025-12-08,2025-12-10,205.0050048828125,213.24100341796876,3.7174621784791153,1,Trailing Stop,105,True
TSLA,2025-12-09,2025-12-12,446.07000732421875,459.6220092773437,2.738088580404127,2,Trailing Stop,105,True
SHOP,2025-12-09,2025-12-11,158.64999389648438,165.7860046386719,4.197958409531117,1,Trailing Stop,100,True
RIVN,2025-12-09,2025-12-11,17.6299991607666,17.27739917755127,-2.3,1,Stop Loss,100,True
AMAT,2025-12-15,2025-12-17,259.7900085449219,254.59420837402342,-2.3,1,Stop Loss,105,True
LRCX,2025-12-15,2025-12-17,164.5,161.21,-2.3,1,Stop Loss,105,True
META,2025-12-15,2025-12-17,643.5,657.683984375,1.9041933760683796,1,Trailing Stop,90,True
SHOP,2025-12-16,2025-12-18,166.52999877929688,171.67400512695315,2.788936759360488,1,Trailing Stop,100,True
ENPH,2025-12-16,2025-12-18,31.940000534057617,33.41199913024902,4.308636730052064,1,Trailing Stop,90,True
CRM,2025-12-16,2025-12-22,255.9168879687216,262.8873814999943,2.4237333130296044,3,Trailing Stop,85,True
FSLR,2025-12-18,2025-12-22,263.4700012207031,281.4859924316406,6.537966799812588,1,Trailing Stop,150,True
BILL,2025-12-18,2025-12-22,55.20000076293945,56.80799942016601,2.613041005438081,1,Trailing Stop,125,True
ROKU,2025-12-22,2025-12-26,109.0,111.98400268554687,2.43761714270355,2,Trailing Stop,100,True
ENPH,2025-12-24,2025-12-29,32.86000061035156,33.699999999999996,2.2562975473098943,1,Trailing Stop,110,True
FSLR,2025-12-24,2025-12-29,271.5899963378906,266.1581964111328,-2.3,1,Stop Loss,110,True
