symbol,entry_date,exit_date,entry_price,exit_price,return_pct,rsi,accumulation,price_above_ma20,is_winner,is_loser,month
META,2025-12-22,2026-01-13,214.9499969482422,220.97000122070312,2.800653341674852,44.959212268196936,1.4795816855900223,0.4401693070485323,True,False,2025-12
META,2025-12-23,2026-01-14,214.89999389648438,223.60000610351562,4.048400397452769,46.02262419615011,1.8352522460967378,0.4203237555254834,True,False,2025-12
META,2025-12-24,2026-01-15,215.0399932861328,227.9199981689453,5.989585790990204,40.01743356625852,1.6637646237275032,0.27699043490883274,True,False,2025-12
META,2025-12-26,2026-01-16,214.99000549316406,231.8300018310547,7.832920557986626,41.99435490965622,1.461104157787084,0.23615201841413871,True,False,2025-12
META,2025-12-29,2026-01-20,215.61000061035156,231.9199981689453,7.564583049219981,42.53313129076328,1.4140088807102764,0.5702301416507474,True,False,2025-12
META,2025-12-30,2026-01-21,215.33999633789062,249.8000030517578,16.002603928624524,43.629072756039534,1.5985281730500562,0.5479371330604912,True,False,2025-12
META,2025-12-31,2026-01-22,214.16000366210938,253.72999572753906,18.476835725059654,45.37015096204607,1.3333815283143173,0.022187022395628333,True,False,2025-12
META,2026-01-02,2026-01-23,223.47000122070312,259.67999267578125,16.203513338381587,56.55840936481476,1.6984527338733968,4.227495063361167,True,False,2026-01
AAPL,2025-12-22,2026-01-13,214.9499969482422,220.97000122070312,2.800653341674852,44.959212268196936,1.4795816855900223,0.4401693070485323,True,False,2025-12
AAPL,2025-12-23,2026-01-14,214.89999389648438,223.60000610351562,4.048400397452769,46.02262419615011,1.8352522460967378,0.4203237555254834,True,False,2025-12
AAPL,2025-12-24,2026-01-15,215.0399932861328,227.9199981689453,5.989585790990204,40.01743356625852,1.6637646237275032,0.27699043490883274,True,False,2025-12
AAPL,2025-12-26,2026-01-16,214.99000549316406,231.8300018310547,7.832920557986626,41.99435490965622,1.461104157787084,0.23615201841413871,True,False,2025-12
AAPL,2025-12-29,2026-01-20,215.61000061035156,231.9199981689453,7.564583049219981,42.53313129076328,1.4140088807102764,0.5702301416507474,True,False,2025-12
AAPL,2025-12-30,2026-01-21,215.33999633789062,249.8000030517578,16.002603928624524,43.629072756039534,1.5985281730500562,0.5479371330604912,True,False,2025-12
AAPL,2025-12-31,2026-01-22,214.16000366210938,253.72999572753906,18.476835725059654,45.37015096204607,1.3333815283143173,0.022187022395628333,True,False,2025-12
AAPL,2026-01-02,2026-01-23,223.47000122070312,259.67999267578125,16.203513338381587,56.55840936481476,1.6984527338733968,4.227495063361167,True,False,2026-01
GOOGL,2025-12-22,2026-01-13,214.9499969482422,220.97000122070312,2.800653341674852,44.959212268196936,1.4795816855900223,0.4401693070485323,True,False,2025-12
GOOGL,2025-12-23,2026-01-14,214.89999389648438,223.60000610351562,4.048400397452769,46.02262419615011,1.8352522460967378,0.4203237555254834,True,False,2025-12
GOOGL,2025-12-24,2026-01-15,215.0399932861328,227.9199981689453,5.989585790990204,40.01743356625852,1.6637646237275032,0.27699043490883274,True,False,2025-12
GOOGL,2025-12-26,2026-01-16,214.99000549316406,231.8300018310547,7.832920557986626,41.99435490965622,1.461104157787084,0.23615201841413871,True,False,2025-12
GOOGL,2025-12-29,2026-01-20,215.61000061035156,231.9199981689453,7.564583049219981,42.53313129076328,1.4140088807102764,0.5702301416507474,True,False,2025-12
GOOGL,2025-12-30,2026-01-21,215.33999633789062,249.8000030517578,16.002603928624524,43.629072756039534,1.5985281730500562,0.5479371330604912,True,False,2025-12
GOOGL,2025-12-31,2026-01-22,214.16000366210938,253.72999572753906,18.476835725059654,45.37015096204607,1.3333815283143173,0.022187022395628333,True,False,2025-12
GOOGL,2026-01-02,2026-01-23,223.47000122070312,259.67999267578125,16.203513338381587,56.55840936481476,1.6984527338733968,4.227495063361167,True,False,2026-01
NFLX,2025-12-22,2026-01-13,214.9499969482422,220.97000122070312,2.800653341674852,44.959212268196936,1.4795816855900223,0.4401693070485323,True,False,2025-12
NFLX,2025-12-23,2026-01-14,214.89999389648438,223.60000610351562,4.048400397452769,46.02262419615011,1.8352522460967378,0.4203237555254834,True,False,2025-12
NFLX,2025-12-24,2026-01-15,215.0399932861328,227.9199981689453,5.989585790990204,40.01743356625852,1.6637646237275032,0.27699043490883274,True,False,2025-12
NFLX,2025-12-26,2026-01-16,214.99000549316406,231.8300018310547,7.832920557986626,41.99435490965622,1.461104157787084,0.23615201841413871,True,False,2025-12
NFLX,2025-12-29,2026-01-20,215.61000061035156,231.9199981689453,7.564583049219981,42.53313129076328,1.4140088807102764,0.5702301416507474,True,False,2025-12
NFLX,2025-12-30,2026-01-21,215.33999633789062,249.8000030517578,16.002603928624524,43.629072756039534,1.5985281730500562,0.5479371330604912,True,False,2025-12
NFLX,2025-12-31,2026-01-22,214.16000366210938,253.72999572753906,18.476835725059654,45.37015096204607,1.3333815283143173,0.022187022395628333,True,False,2025-12
NFLX,2026-01-02,2026-01-23,223.47000122070312,259.67999267578125,16.203513338381587,56.55840936481476,1.6984527338733968,4.227495063361167,True,False,2026-01
AMZN,2025-12-22,2026-01-13,214.9499969482422,220.97000122070312,2.800653341674852,44.959212268196936,1.4795816855900223,0.4401693070485323,True,False,2025-12
AMZN,2025-12-23,2026-01-14,214.89999389648438,223.60000610351562,4.048400397452769,46.02262419615011,1.8352522460967378,0.4203237555254834,True,False,2025-12
AMZN,2025-12-24,2026-01-15,215.0399932861328,227.9199981689453,5.989585790990204,40.01743356625852,1.6637646237275032,0.27699043490883274,True,False,2025-12
AMZN,2025-12-26,2026-01-16,214.99000549316406,231.8300018310547,7.832920557986626,41.99435490965622,1.461104157787084,0.23615201841413871,True,False,2025-12
AMZN,2025-12-29,2026-01-20,215.61000061035156,231.9199981689453,7.564583049219981,42.53313129076328,1.4140088807102764,0.5702301416507474,True,False,2025-12
AMZN,2025-12-30,2026-01-21,215.33999633789062,249.8000030517578,16.002603928624524,43.629072756039534,1.5985281730500562,0.5479371330604912,True,False,2025-12
AMZN,2025-12-31,2026-01-22,214.16000366210938,253.72999572753906,18.476835725059654,45.37015096204607,1.3333815283143173,0.022187022395628333,True,False,2025-12
AMZN,2026-01-02,2026-01-23,223.47000122070312,259.67999267578125,16.203513338381587,56.55840936481476,1.6984527338733968,4.227495063361167,True,False,2026-01
NVDA,2025-12-22,2026-01-13,214.9499969482422,220.97000122070312,2.800653341674852,44.959212268196936,1.4795816855900223,0.4401693070485323,True,False,2025-12
NVDA,2025-12-23,2026-01-14,214.89999389648438,223.60000610351562,4.048400397452769,46.02262419615011,1.8352522460967378,0.4203237555254834,True,False,2025-12
NVDA,2025-12-24,2026-01-15,215.0399932861328,227.9199981689453,5.989585790990204,40.01743356625852,1.6637646237275032,0.27699043490883274,True,False,2025-12
NVDA,2025-12-26,2026-01-16,214.99000549316406,231.8300018310547,7.832920557986626,41.99435490965622,1.461104157787084,0.23615201841413871,True,False,2025-12
NVDA,2025-12-29,2026-01-20,215.61000061035156,231.9199981689453,7.564583049219981,42.53313129076328,1.4140088807102764,0.5702301416507474,True,False,2025-12
NVDA,2025-12-30,2026-01-21,215.33999633789062,249.8000030517578,16.002603928624524,43.629072756039534,1.5985281730500562,0.5479371330604912,True,False,2025-12
NVDA,2025-12-31,2026-01-22,214.16000366210938,253.72999572753906,18.476835725059654,45.37015096204607,1.3333815283143173,0.022187022395628333,True,False,2025-12
NVDA,2026-01-02,2026-01-23,223.47000122070312,259.67999267578125,16.203513338381587,56.55840936481476,1.6984527338733968,4.227495063361167,True,False,2026-01
AMD,2025-12-22,2026-01-13,214.9499969482422,220.97000122070312,2.800653341674852,44.959212268196936,1.4795816855900223,0.4401693070485323,True,False,2025-12
AMD,2025-12-23,2026-01-14,214.89999389648438,223.60000610351562,4.048400397452769,46.02262419615011,1.8352522460967378,0.4203237555254834,True,False,2025-12
AMD,2025-12-24,2026-01-15,215.0399932861328,227.9199981689453,5.989585790990204,40.01743356625852,1.6637646237275032,0.27699043490883274,True,False,2025-12
AMD,2025-12-26,2026-01-16,214.99000549316406,231.8300018310547,7.832920557986626,41.99435490965622,1.461104157787084,0.23615201841413871,True,False,2025-12
AMD,2025-12-29,2026-01-20,215.61000061035156,231.9199981689453,7.564583049219981,42.53313129076328,1.4140088807102764,0.5702301416507474,True,False,2025-12
AMD,2025-12-30,2026-01-21,215.33999633789062,249.8000030517578,16.002603928624524,43.629072756039534,1.5985281730500562,0.5479371330604912,True,False,2025-12
AMD,2025-12-31,2026-01-22,214.16000366210938,253.72999572753906,18.476835725059654,45.37015096204607,1.3333815283143173,0.022187022395628333,True,False,2025-12
AMD,2026-01-02,2026-01-23,223.47000122070312,259.67999267578125,16.203513338381587,56.55840936481476,1.6984527338733968,4.227495063361167,True,False,2026-01
TSLA,2025-12-22,2026-01-13,214.9499969482422,220.97000122070312,2.800653341674852,44.959212268196936,1.4795816855900223,0.4401693070485323,True,False,2025-12
TSLA,2025-12-23,2026-01-14,214.89999389648438,223.60000610351562,4.048400397452769,46.02262419615011,1.8352522460967378,0.4203237555254834,True,False,2025-12
TSLA,2025-12-24,2026-01-15,215.0399932861328,227.9199981689453,5.989585790990204,40.01743356625852,1.6637646237275032,0.27699043490883274,True,False,2025-12
TSLA,2025-12-26,2026-01-16,214.99000549316406,231.8300018310547,7.832920557986626,41.99435490965622,1.461104157787084,0.23615201841413871,True,False,2025-12
TSLA,2025-12-29,2026-01-20,215.61000061035156,231.9199981689453,7.564583049219981,42.53313129076328,1.4140088807102764,0.5702301416507474,True,False,2025-12
TSLA,2025-12-30,2026-01-21,215.33999633789062,249.8000030517578,16.002603928624524,43.629072756039534,1.5985281730500562,0.5479371330604912,True,False,2025-12
TSLA,2025-12-31,2026-01-22,214.16000366210938,253.72999572753906,18.476835725059654,45.37015096204607,1.3333815283143173,0.022187022395628333,True,False,2025-12
TSLA,2026-01-02,2026-01-23,223.47000122070312,259.67999267578125,16.203513338381587,56.55840936481476,1.6984527338733968,4.227495063361167,True,False,2026-01
QCOM,2025-11-03,2025-11-21,468.3699951171875,391.0899963378906,-16.4997757296475,58.74629207590983,1.4504700365902388,5.961627256751223,False,True,2025-11
QCOM,2025-11-05,2025-11-25,462.07000732421875,419.3999938964844,-9.234534324101734,55.982569442215464,1.4316522292713714,4.1293908283360015,False,True,2025-11
QCOM,2025-11-06,2025-11-26,445.9100036621094,426.5799865722656,-4.334959281265906,49.63013331777178,1.4371016505777283,0.37038818840596105,False,True,2025-11
QCOM,2025-12-10,2025-12-31,451.45001220703125,449.7200012207031,-0.38321208097226855,53.83011580095433,1.4593684179445288,6.433895595390959,False,True,2025-12
QCOM,2025-12-11,2026-01-02,446.8900146484375,438.07000732421875,-1.9736416198865694,54.18945392402861,1.6274747618877752,5.156900839304943,False,True,2025-12
QCOM,2025-12-12,2026-01-05,458.9599914550781,451.6700134277344,-1.588368956568903,56.10946878618568,1.6094557055924017,7.2780075583796915,False,True,2025-12
QCOM,2025-12-15,2026-01-06,475.30999755859375,432.9599914550781,-8.909975872808133,59.4489270920033,1.6320076978871971,10.185894930076502,False,True,2025-12
QCOM,2025-12-17,2026-01-08,467.260009765625,435.79998779296875,-6.732872772150225,54.11854114228566,1.6205684630479105,6.505411540986001,False,True,2025-12
ORCL,2025-11-03,2025-11-21,468.3699951171875,391.0899963378906,-16.4997757296475,58.74629207590983,1.4504700365902388,5.961627256751223,False,True,2025-11
ORCL,2025-11-05,2025-11-25,462.07000732421875,419.3999938964844,-9.234534324101734,55.982569442215464,1.4316522292713714,4.1293908283360015,False,True,2025-11
ORCL,2025-11-06,2025-11-26,445.9100036621094,426.5799865722656,-4.334959281265906,49.63013331777178,1.4371016505777283,0.37038818840596105,False,True,2025-11
ORCL,2025-12-10,2025-12-31,451.45001220703125,449.7200012207031,-0.38321208097226855,53.83011580095433,1.4593684179445288,6.433895595390959,False,True,2025-12
ORCL,2025-12-11,2026-01-02,446.8900146484375,438.07000732421875,-1.9736416198865694,54.18945392402861,1.6274747618877752,5.156900839304943,False,True,2025-12
ORCL,2025-12-12,2026-01-05,458.9599914550781,451.6700134277344,-1.588368956568903,56.10946878618568,1.6094557055924017,7.2780075583796915,False,True,2025-12
ORCL,2025-12-15,2026-01-06,475.30999755859375,432.9599914550781,-8.909975872808133,59.4489270920033,1.6320076978871971,10.185894930076502,False,True,2025-12
ORCL,2025-12-17,2026-01-08,467.260009765625,435.79998779296875,-6.732872772150225,54.11854114228566,1.6205684630479105,6.505411540986001,False,True,2025-12
TXN,2025-11-03,2025-11-21,468.3699951171875,391.0899963378906,-16.4997757296475,58.74629207590983,1.4504700365902388,5.961627256751223,False,True,2025-11
TXN,2025-11-05,2025-11-25,462.07000732421875,419.3999938964844,-9.234534324101734,55.982569442215464,1.4316522292713714,4.1293908283360015,False,True,2025-11
TXN,2025-11-06,2025-11-26,445.9100036621094,426.5799865722656,-4.334959281265906,49.63013331777178,1.4371016505777283,0.37038818840596105,False,True,2025-11
TXN,2025-12-10,2025-12-31,451.45001220703125,449.7200012207031,-0.38321208097226855,53.83011580095433,1.4593684179445288,6.433895595390959,False,True,2025-12
TXN,2025-12-11,2026-01-02,446.8900146484375,438.07000732421875,-1.9736416198865694,54.18945392402861,1.6274747618877752,5.156900839304943,False,True,2025-12
TXN,2025-12-12,2026-01-05,458.9599914550781,451.6700134277344,-1.588368956568903,56.10946878618568,1.6094557055924017,7.2780075583796915,False,True,2025-12
TXN,2025-12-15,2026-01-06,475.30999755859375,432.9599914550781,-8.909975872808133,59.4489270920033,1.6320076978871971,10.185894930076502,False,True,2025-12
TXN,2025-12-17,2026-01-08,467.260009765625,435.79998779296875,-6.732872772150225,54.11854114228566,1.6205684630479105,6.505411540986001,False,True,2025-12
MSFT,2025-11-03,2025-11-21,468.3699951171875,391.0899963378906,-16.4997757296475,58.74629207590983,1.4504700365902388,5.961627256751223,False,True,2025-11
MSFT,2025-11-05,2025-11-25,462.07000732421875,419.3999938964844,-9.234534324101734,55.982569442215464,1.4316522292713714,4.1293908283360015,False,True,2025-11
MSFT,2025-11-06,2025-11-26,445.9100036621094,426.5799865722656,-4.334959281265906,49.63013331777178,1.4371016505777283,0.37038818840596105,False,True,2025-11
MSFT,2025-12-10,2025-12-31,451.45001220703125,449.7200012207031,-0.38321208097226855,53.83011580095433,1.4593684179445288,6.433895595390959,False,True,2025-12
MSFT,2025-12-11,2026-01-02,446.8900146484375,438.07000732421875,-1.9736416198865694,54.18945392402861,1.6274747618877752,5.156900839304943,False,True,2025-12
MSFT,2025-12-12,2026-01-05,458.9599914550781,451.6700134277344,-1.588368956568903,56.10946878618568,1.6094557055924017,7.2780075583796915,False,True,2025-12
MSFT,2025-12-15,2026-01-06,475.30999755859375,432.9599914550781,-8.909975872808133,59.4489270920033,1.6320076978871971,10.185894930076502,False,True,2025-12
MSFT,2025-12-17,2026-01-08,467.260009765625,435.79998779296875,-6.732872772150225,54.11854114228566,1.6205684630479105,6.505411540986001,False,True,2025-12
AMAT,2025-11-03,2025-11-21,468.3699951171875,391.0899963378906,-16.4997757296475,58.74629207590983,1.4504700365902388,5.961627256751223,False,True,2025-11
AMAT,2025-11-05,2025-11-25,462.07000732421875,419.3999938964844,-9.234534324101734,55.982569442215464,1.4316522292713714,4.1293908283360015,False,True,2025-11
AMAT,2025-11-06,2025-11-26,445.9100036621094,426.5799865722656,-4.334959281265906,49.63013331777178,1.4371016505777283,0.37038818840596105,False,True,2025-11
AMAT,2025-12-10,2025-12-31,451.45001220703125,449.7200012207031,-0.38321208097226855,53.83011580095433,1.4593684179445288,6.433895595390959,False,True,2025-12
AMAT,2025-12-11,2026-01-02,446.8900146484375,438.07000732421875,-1.9736416198865694,54.18945392402861,1.6274747618877752,5.156900839304943,False,True,2025-12
AMAT,2025-12-12,2026-01-05,458.9599914550781,451.6700134277344,-1.588368956568903,56.10946878618568,1.6094557055924017,7.2780075583796915,False,True,2025-12
AMAT,2025-12-15,2026-01-06,475.30999755859375,432.9599914550781,-8.909975872808133,59.4489270920033,1.6320076978871971,10.185894930076502,False,True,2025-12
AMAT,2025-12-17,2026-01-08,467.260009765625,435.79998779296875,-6.732872772150225,54.11854114228566,1.6205684630479105,6.505411540986001,False,True,2025-12
MU,2025-11-03,2025-11-21,468.3699951171875,391.0899963378906,-16.4997757296475,58.74629207590983,1.4504700365902388,5.961627256751223,False,True,2025-11
MU,2025-11-05,2025-11-25,462.07000732421875,419.3999938964844,-9.234534324101734,55.982569442215464,1.4316522292713714,4.1293908283360015,False,True,2025-11
MU,2025-11-06,2025-11-26,445.9100036621094,426.5799865722656,-4.334959281265906,49.63013331777178,1.4371016505777283,0.37038818840596105,False,True,2025-11
MU,2025-12-10,2025-12-31,451.45001220703125,449.7200012207031,-0.38321208097226855,53.83011580095433,1.4593684179445288,6.433895595390959,False,True,2025-12
MU,2025-12-11,2026-01-02,446.8900146484375,438.07000732421875,-1.9736416198865694,54.18945392402861,1.6274747618877752,5.156900839304943,False,True,2025-12
MU,2025-12-12,2026-01-05,458.9599914550781,451.6700134277344,-1.588368956568903,56.10946878618568,1.6094557055924017,7.2780075583796915,False,True,2025-12
MU,2025-12-15,2026-01-06,475.30999755859375,432.9599914550781,-8.909975872808133,59.4489270920033,1.6320076978871971,10.185894930076502,False,True,2025-12
MU,2025-12-17,2026-01-08,467.260009765625,435.79998779296875,-6.732872772150225,54.11854114228566,1.6205684630479105,6.505411540986001,False,True,2025-12
CRM,2025-11-03,2025-11-21,468.3699951171875,391.0899963378906,-16.4997757296475,58.74629207590983,1.4504700365902388,5.961627256751223,False,True,2025-11
CRM,2025-11-05,2025-11-25,462.07000732421875,419.3999938964844,-9.234534324101734,55.982569442215464,1.4316522292713714,4.1293908283360015,False,True,2025-11
CRM,2025-11-06,2025-11-26,445.9100036621094,426.5799865722656,-4.334959281265906,49.63013331777178,1.4371016505777283,0.37038818840596105,False,True,2025-11
CRM,2025-12-10,2025-12-31,451.45001220703125,449.7200012207031,-0.38321208097226855,53.83011580095433,1.4593684179445288,6.433895595390959,False,True,2025-12
CRM,2025-12-11,2026-01-02,446.8900146484375,438.07000732421875,-1.9736416198865694,54.18945392402861,1.6274747618877752,5.156900839304943,False,True,2025-12
CRM,2025-12-12,2026-01-05,458.9599914550781,451.6700134277344,-1.588368956568903,56.10946878618568,1.6094557055924017,7.2780075583796915,False,True,2025-12
CRM,2025-12-15,2026-01-06,475.30999755859375,432.9599914550781,-8.909975872808133,59.4489270920033,1.6320076978871971,10.185894930076502,False,True,2025-12
CRM,2025-12-17,2026-01-08,467.260009765625,435.79998779296875,-6.732872772150225,54.11854114228566,1.6205684630479105,6.505411540986001,False,True,2025-12
CSCO,2025-11-03,2025-11-21,468.3699951171875,391.0899963378906,-16.4997757296475,58.74629207590983,1.4504700365902388,5.961627256751223,False,True,2025-11
CSCO,2025-11-05,2025-11-25,462.07000732421875,419.3999938964844,-9.234534324101734,55.982569442215464,1.4316522292713714,4.1293908283360015,False,True,2025-11
CSCO,2025-11-06,2025-11-26,445.9100036621094,426.5799865722656,-4.334959281265906,49.63013331777178,1.4371016505777283,0.37038818840596105,False,True,2025-11
CSCO,2025-12-10,2025-12-31,451.45001220703125,449.7200012207031,-0.38321208097226855,53.83011580095433,1.4593684179445288,6.433895595390959,False,True,2025-12
CSCO,2025-12-11,2026-01-02,446.8900146484375,438.07000732421875,-1.9736416198865694,54.18945392402861,1.6274747618877752,5.156900839304943,False,True,2025-12
CSCO,2025-12-12,2026-01-05,458.9599914550781,451.6700134277344,-1.588368956568903,56.10946878618568,1.6094557055924017,7.2780075583796915,False,True,2025-12
CSCO,2025-12-15,2026-01-06,475.30999755859375,432.9599914550781,-8.909975872808133,59.4489270920033,1.6320076978871971,10.185894930076502,False,True,2025-12
CSCO,2025-12-17,2026-01-08,467.260009765625,435.79998779296875,-6.732872772150225,54.11854114228566,1.6205684630479105,6.505411540986001,False,True,2025-12
WFC,2025-11-11,2025-12-02,193.1492462158203,181.4499053955078,-6.057150648799291,50.53488440806815,1.3041507839861106,0.8268247455265925,False,True,2025-11
WFC,2025-12-23,2026-01-14,189.2100067138672,183.13999938964844,-3.2080794402159283,55.202973568117066,1.5178013471562593,4.970582936125873,False,True,2025-12
WFC,2025-12-24,2026-01-15,188.61000061035156,187.0500030517578,-0.8271022499048399,53.90087855255651,1.3172500862732606,4.325171920960299,False,True,2025-12
WFC,2025-12-26,2026-01-16,190.52999877929688,186.22999572753906,-2.256864052541554,58.081549602455425,1.5492326243251433,5.088398668911173,False,True,2025-12
JPM,2025-11-11,2025-12-02,193.1492462158203,181.4499053955078,-6.057150648799291,50.53488440806815,1.3041507839861106,0.8268247455265925,False,True,2025-11
JPM,2025-12-23,2026-01-14,189.2100067138672,183.13999938964844,-3.2080794402159283,55.202973568117066,1.5178013471562593,4.970582936125873,False,True,2025-12
JPM,2025-12-24,2026-01-15,188.61000061035156,187.0500030517578,-0.8271022499048399,53.90087855255651,1.3172500862732606,4.325171920960299,False,True,2025-12
JPM,2025-12-26,2026-01-16,190.52999877929688,186.22999572753906,-2.256864052541554,58.081549602455425,1.5492326243251433,5.088398668911173,False,True,2025-12
MS,2025-11-11,2025-12-02,193.1492462158203,181.4499053955078,-6.057150648799291,50.53488440806815,1.3041507839861106,0.8268247455265925,False,True,2025-11
MS,2025-12-23,2026-01-14,189.2100067138672,183.13999938964844,-3.2080794402159283,55.202973568117066,1.5178013471562593,4.970582936125873,False,True,2025-12
MS,2025-12-24,2026-01-15,188.61000061035156,187.0500030517578,-0.8271022499048399,53.90087855255651,1.3172500862732606,4.325171920960299,False,True,2025-12
MS,2025-12-26,2026-01-16,190.52999877929688,186.22999572753906,-2.256864052541554,58.081549602455425,1.5492326243251433,5.088398668911173,False,True,2025-12
C,2025-11-11,2025-12-02,193.1492462158203,181.4499053955078,-6.057150648799291,50.53488440806815,1.3041507839861106,0.8268247455265925,False,True,2025-11
C,2025-12-23,2026-01-14,189.2100067138672,183.13999938964844,-3.2080794402159283,55.202973568117066,1.5178013471562593,4.970582936125873,False,True,2025-12
C,2025-12-24,2026-01-15,188.61000061035156,187.0500030517578,-0.8271022499048399,53.90087855255651,1.3172500862732606,4.325171920960299,False,True,2025-12
C,2025-12-26,2026-01-16,190.52999877929688,186.22999572753906,-2.256864052541554,58.081549602455425,1.5492326243251433,5.088398668911173,False,True,2025-12
NET,2025-11-11,2025-12-02,193.1492462158203,181.4499053955078,-6.057150648799291,50.53488440806815,1.3041507839861106,0.8268247455265925,False,True,2025-11
NET,2025-12-23,2026-01-14,189.2100067138672,183.13999938964844,-3.2080794402159283,55.202973568117066,1.5178013471562593,4.970582936125873,False,True,2025-12
NET,2025-12-24,2026-01-15,188.61000061035156,187.0500030517578,-0.8271022499048399,53.90087855255651,1.3172500862732606,4.325171920960299,False,True,2025-12
NET,2025-12-26,2026-01-16,190.52999877929688,186.22999572753906,-2.256864052541554,58.081549602455425,1.5492326243251433,5.088398668911173,False,True,2025-12
PYPL,2025-12-09,2025-12-30,220.94595336914062,196.69007873535156,-10.978193655017563,41.76066565659402,1.3286436925383696,3.8374829042275858,False,True,2025-12
PYPL,2025-12-10,2025-12-31,222.4220428466797,194.39613342285156,-12.600329115377736,43.39319629344026,1.785296023066851,4.8541007689225895,False,True,2025-12
AXP,2025-12-09,2025-12-30,220.94595336914062,196.69007873535156,-10.978193655017563,41.76066565659402,1.3286436925383696,3.8374829042275858,False,True,2025-12
AXP,2025-12-10,2025-12-31,222.4220428466797,194.39613342285156,-12.600329115377736,43.39319629344026,1.785296023066851,4.8541007689225895,False,True,2025-12
ZS,2025-12-09,2025-12-30,220.94595336914062,196.69007873535156,-10.978193655017563,41.76066565659402,1.3286436925383696,3.8374829042275858,False,True,2025-12
ZS,2025-12-10,2025-12-31,222.4220428466797,194.39613342285156,-12.600329115377736,43.39319629344026,1.785296023066851,4.8541007689225895,False,True,2025-12
SNOW,2025-12-09,2025-12-30,220.94595336914062,196.69007873535156,-10.978193655017563,41.76066565659402,1.3286436925383696,3.8374829042275858,False,True,2025-12
SNOW,2025-12-10,2025-12-31,222.4220428466797,194.39613342285156,-12.600329115377736,43.39319629344026,1.785296023066851,4.8541007689225895,False,True,2025-12
MA,2025-12-09,2025-12-30,220.94595336914062,196.69007873535156,-10.978193655017563,41.76066565659402,1.3286436925383696,3.8374829042275858,False,True,2025-12
MA,2025-12-10,2025-12-31,222.4220428466797,194.39613342285156,-12.600329115377736,43.39319629344026,1.785296023066851,4.8541007689225895,False,True,2025-12
GS,2025-12-09,2025-12-30,220.94595336914062,196.69007873535156,-10.978193655017563,41.76066565659402,1.3286436925383696,3.8374829042275858,False,True,2025-12
GS,2025-12-10,2025-12-31,222.4220428466797,194.39613342285156,-12.600329115377736,43.39319629344026,1.785296023066851,4.8541007689225895,False,True,2025-12
BAC,2025-12-09,2025-12-30,220.94595336914062,196.69007873535156,-10.978193655017563,41.76066565659402,1.3286436925383696,3.8374829042275858,False,True,2025-12
BAC,2025-12-10,2025-12-31,222.4220428466797,194.39613342285156,-12.600329115377736,43.39319629344026,1.785296023066851,4.8541007689225895,False,True,2025-12
DIS,2025-11-05,2025-11-25,38.380001068115234,35.83000183105469,-6.644083288416053,53.94202196517944,1.3891333123685776,0.3306920276317047,False,True,2025-11
DIS,2025-11-10,2025-12-01,38.45000076293945,40.0099983215332,4.057210735083715,55.28034035603519,1.9441487526158978,0.19544172752951955,True,False,2025-11
DIS,2025-12-04,2025-12-24,40.5,36.15999984741211,-10.716049759476274,56.774132363692466,1.5388741058673276,7.997118912309291,False,True,2025-12
DIS,2025-12-05,2025-12-26,41.40999984741211,36.20000076293945,-12.581499888120023,58.7351350509586,1.5507379276314128,9.81317573532084,False,True,2025-12
DIS,2025-12-09,2025-12-30,40.5,37.29999923706055,-7.901236451702354,52.14203625901404,1.4345855149979507,6.802388693289875,False,True,2025-12
DIS,2025-12-10,2025-12-31,40.779998779296875,36.900001525878906,-9.5144614260944,52.65466971316962,1.4673672618061326,7.131125837663427,False,True,2025-12
DIS,2025-12-11,2026-01-02,39.5099983215332,39.380001068115234,-0.3290236875234677,49.13285533665033,1.5513563835334743,3.5743732864850233,False,True,2025-12
DDOG,2025-12-23,2026-01-14,352.4200134277344,304.44000244140625,-13.61443991777348,57.633481623641224,1.9232554657082959,3.449393157338166,False,True,2025-12
DDOG,2025-12-24,2026-01-15,352.9800109863281,304.0899963378906,-13.850646814765707,56.705700255902016,2.1754544338443984,3.1078734589950394,False,True,2025-12
DDOG,2025-12-26,2026-01-16,353.79998779296875,296.1199951171875,-16.30299453530042,58.213570971193626,2.162920942593649,2.8026617151779036,False,True,2025-12
DDOG,2025-12-29,2026-01-20,353.1600036621094,290.3699951171875,-17.779478959626772,58.104564048116515,1.8449412551906008,2.126626592110398,False,True,2025-12
DDOG,2025-12-30,2026-01-21,352.510009765625,294.2300109863281,-16.532863511605182,59.87893658666094,1.9543586197790896,1.5033612578455857,False,True,2025-12
DDOG,2025-12-31,2026-01-22,349.989990234375,299.7300109863281,-14.36040476883058,56.94274799920884,1.7207440180470013,0.38491232748027726,False,True,2025-12
XOM,2025-10-29,2025-11-18,70.9503402709961,76.95819854736328,8.467694803745923,59.23697527997072,1.7705415463880785,2.2593687600566215,True,False,2025-10
XOM,2025-11-04,2025-11-24,71.93507385253906,75.8342056274414,5.42034860893483,59.6819036829305,1.3459589547235165,2.280525620101872,True,False,2025-11
XOM,2025-11-05,2025-11-25,71.71623992919922,75.91378021240234,5.852984327325419,57.891386074800046,1.3967286551335156,1.8419091146548292,True,False,2025-11
XOM,2025-11-06,2025-11-26,70.6618881225586,75.66510772705078,7.0805065324810155,53.67840645818369,1.4447617618414685,0.2681778432442782,True,False,2025-11
XOM,2025-11-07,2025-11-28,70.69172668457031,76.53048706054688,8.259467762089582,53.27728392108087,1.7652018485434093,0.0894314375335227,True,False,2025-11
XOM,2025-11-10,2025-12-01,71.70629119873047,75.63526916503906,5.4792653484470755,56.82821322168692,1.8235736502722764,1.1959849384695256,True,False,2025-11
XOM,2025-11-11,2025-12-02,71.32831573486328,76.46085357666016,7.195652650589973,54.541321158938416,1.4224787481380599,0.447535770557015,True,False,2025-11
XOM,2025-11-20,2025-12-11,75.03846740722656,78.84807586669922,5.076874023556846,59.455236085926515,1.799831038011348,2.2852870526815496,True,False,2025-11
XOM,2025-12-01,2025-12-19,75.63526916503906,78.00260162353516,3.1299319545362936,57.327299532804595,1.5538387438082655,1.3319435990745667,True,False,2025-12
XOM,2025-12-12,2026-01-05,77.38591003417969,75.58000183105469,-2.333639550568533,56.13081080417535,1.4257654864612839,0.33984742518072497,False,True,2025-12
XOM,2025-12-15,2026-01-06,77.83351135253906,75.2300033569336,-3.344970502246958,56.188278525878644,1.9130987689026915,0.9039473042479457,False,True,2025-12
XOM,2025-12-16,2026-01-07,77.13723754882812,74.72000122070312,-3.133682777523478,56.15312250659362,2.0547416207292986,0.016124402036937345,False,True,2025-12
XOM,2025-12-22,2026-01-13,77.69425201416016,75.47000122070312,-2.862825416031614,58.26641454361511,2.00716692118485,0.5969339845441091,False,True,2025-12
XOM,2025-12-23,2026-01-14,77.60472869873047,74.41000366210938,-4.116662850563327,58.59272448232172,1.6469989428223,0.3659796683005227,False,True,2025-12
XOM,2025-12-24,2026-01-15,77.60472869873047,75.25,-3.03425930122347,56.03904263406451,1.8502748919170573,0.2563544091130936,False,True,2025-12
XOM,2025-12-26,2026-01-16,77.74398803710938,75.19000244140625,-3.2851229531523853,51.67780595758911,1.8721974740079357,0.30157276812388667,False,True,2025-12
COP,2025-10-29,2025-11-18,70.9503402709961,76.95819854736328,8.467694803745923,59.23697527997072,1.7705415463880785,2.2593687600566215,True,False,2025-10
COP,2025-11-04,2025-11-24,71.93507385253906,75.8342056274414,5.42034860893483,59.6819036829305,1.3459589547235165,2.280525620101872,True,False,2025-11
COP,2025-11-05,2025-11-25,71.71623992919922,75.91378021240234,5.852984327325419,57.891386074800046,1.3967286551335156,1.8419091146548292,True,False,2025-11
COP,2025-11-06,2025-11-26,70.6618881225586,75.66510772705078,7.0805065324810155,53.67840645818369,1.4447617618414685,0.2681778432442782,True,False,2025-11
COP,2025-11-07,2025-11-28,70.69172668457031,76.53048706054688,8.259467762089582,53.27728392108087,1.7652018485434093,0.0894314375335227,True,False,2025-11
COP,2025-11-10,2025-12-01,71.70629119873047,75.63526916503906,5.4792653484470755,56.82821322168692,1.8235736502722764,1.1959849384695256,True,False,2025-11
COP,2025-11-11,2025-12-02,71.32831573486328,76.46085357666016,7.195652650589973,54.541321158938416,1.4224787481380599,0.447535770557015,True,False,2025-11
COP,2025-11-20,2025-12-11,75.03846740722656,78.84807586669922,5.076874023556846,59.455236085926515,1.799831038011348,2.2852870526815496,True,False,2025-11
COP,2025-12-01,2025-12-19,75.63526916503906,78.00260162353516,3.1299319545362936,57.327299532804595,1.5538387438082655,1.3319435990745667,True,False,2025-12
COP,2025-12-12,2026-01-05,77.38591003417969,75.58000183105469,-2.333639550568533,56.13081080417535,1.4257654864612839,0.33984742518072497,False,True,2025-12
COP,2025-12-15,2026-01-06,77.83351135253906,75.2300033569336,-3.344970502246958,56.188278525878644,1.9130987689026915,0.9039473042479457,False,True,2025-12
COP,2025-12-16,2026-01-07,77.13723754882812,74.72000122070312,-3.133682777523478,56.15312250659362,2.0547416207292986,0.016124402036937345,False,True,2025-12
COP,2025-12-22,2026-01-13,77.69425201416016,75.47000122070312,-2.862825416031614,58.26641454361511,2.00716692118485,0.5969339845441091,False,True,2025-12
COP,2025-12-23,2026-01-14,77.60472869873047,74.41000366210938,-4.116662850563327,58.59272448232172,1.6469989428223,0.3659796683005227,False,True,2025-12
COP,2025-12-24,2026-01-15,77.60472869873047,75.25,-3.03425930122347,56.03904263406451,1.8502748919170573,0.2563544091130936,False,True,2025-12
COP,2025-12-26,2026-01-16,77.74398803710938,75.19000244140625,-3.2851229531523853,51.67780595758911,1.8721974740079357,0.30157276812388667,False,True,2025-12
PARA,2025-10-29,2025-11-18,70.9503402709961,76.95819854736328,8.467694803745923,59.23697527997072,1.7705415463880785,2.2593687600566215,True,False,2025-10
PARA,2025-11-04,2025-11-24,71.93507385253906,75.8342056274414,5.42034860893483,59.6819036829305,1.3459589547235165,2.280525620101872,True,False,2025-11
PARA,2025-11-05,2025-11-25,71.71623992919922,75.91378021240234,5.852984327325419,57.891386074800046,1.3967286551335156,1.8419091146548292,True,False,2025-11
PARA,2025-11-06,2025-11-26,70.6618881225586,75.66510772705078,7.0805065324810155,53.67840645818369,1.4447617618414685,0.2681778432442782,True,False,2025-11
PARA,2025-11-07,2025-11-28,70.69172668457031,76.53048706054688,8.259467762089582,53.27728392108087,1.7652018485434093,0.0894314375335227,True,False,2025-11
PARA,2025-11-10,2025-12-01,71.70629119873047,75.63526916503906,5.4792653484470755,56.82821322168692,1.8235736502722764,1.1959849384695256,True,False,2025-11
PARA,2025-11-11,2025-12-02,71.32831573486328,76.46085357666016,7.195652650589973,54.541321158938416,1.4224787481380599,0.447535770557015,True,False,2025-11
PARA,2025-11-20,2025-12-11,75.03846740722656,78.84807586669922,5.076874023556846,59.455236085926515,1.799831038011348,2.2852870526815496,True,False,2025-11
PARA,2025-12-01,2025-12-19,75.63526916503906,78.00260162353516,3.1299319545362936,57.327299532804595,1.5538387438082655,1.3319435990745667,True,False,2025-12
PARA,2025-12-12,2026-01-05,77.38591003417969,75.58000183105469,-2.333639550568533,56.13081080417535,1.4257654864612839,0.33984742518072497,False,True,2025-12
PARA,2025-12-15,2026-01-06,77.83351135253906,75.2300033569336,-3.344970502246958,56.188278525878644,1.9130987689026915,0.9039473042479457,False,True,2025-12
PARA,2025-12-16,2026-01-07,77.13723754882812,74.72000122070312,-3.133682777523478,56.15312250659362,2.0547416207292986,0.016124402036937345,False,True,2025-12
PARA,2025-12-22,2026-01-13,77.69425201416016,75.47000122070312,-2.862825416031614,58.26641454361511,2.00716692118485,0.5969339845441091,False,True,2025-12
PARA,2025-12-23,2026-01-14,77.60472869873047,74.41000366210938,-4.116662850563327,58.59272448232172,1.6469989428223,0.3659796683005227,False,True,2025-12
PARA,2025-12-24,2026-01-15,77.60472869873047,75.25,-3.03425930122347,56.03904263406451,1.8502748919170573,0.2563544091130936,False,True,2025-12
PARA,2025-12-26,2026-01-16,77.74398803710938,75.19000244140625,-3.2851229531523853,51.67780595758911,1.8721974740079357,0.30157276812388667,False,True,2025-12
CMCSA,2025-10-29,2025-11-18,70.9503402709961,76.95819854736328,8.467694803745923,59.23697527997072,1.7705415463880785,2.2593687600566215,True,False,2025-10
CMCSA,2025-11-04,2025-11-24,71.93507385253906,75.8342056274414,5.42034860893483,59.6819036829305,1.3459589547235165,2.280525620101872,True,False,2025-11
CMCSA,2025-11-05,2025-11-25,71.71623992919922,75.91378021240234,5.852984327325419,57.891386074800046,1.3967286551335156,1.8419091146548292,True,False,2025-11
CMCSA,2025-11-06,2025-11-26,70.6618881225586,75.66510772705078,7.0805065324810155,53.67840645818369,1.4447617618414685,0.2681778432442782,True,False,2025-11
CMCSA,2025-11-07,2025-11-28,70.69172668457031,76.53048706054688,8.259467762089582,53.27728392108087,1.7652018485434093,0.0894314375335227,True,False,2025-11
CMCSA,2025-11-10,2025-12-01,71.70629119873047,75.63526916503906,5.4792653484470755,56.82821322168692,1.8235736502722764,1.1959849384695256,True,False,2025-11
CMCSA,2025-11-11,2025-12-02,71.32831573486328,76.46085357666016,7.195652650589973,54.541321158938416,1.4224787481380599,0.447535770557015,True,False,2025-11
CMCSA,2025-11-20,2025-12-11,75.03846740722656,78.84807586669922,5.076874023556846,59.455236085926515,1.799831038011348,2.2852870526815496,True,False,2025-11
CMCSA,2025-12-01,2025-12-19,75.63526916503906,78.00260162353516,3.1299319545362936,57.327299532804595,1.5538387438082655,1.3319435990745667,True,False,2025-12
CMCSA,2025-12-12,2026-01-05,77.38591003417969,75.58000183105469,-2.333639550568533,56.13081080417535,1.4257654864612839,0.33984742518072497,False,True,2025-12
CMCSA,2025-12-15,2026-01-06,77.83351135253906,75.2300033569336,-3.344970502246958,56.188278525878644,1.9130987689026915,0.9039473042479457,False,True,2025-12
CMCSA,2025-12-16,2026-01-07,77.13723754882812,74.72000122070312,-3.133682777523478,56.15312250659362,2.0547416207292986,0.016124402036937345,False,True,2025-12
CMCSA,2025-12-22,2026-01-13,77.69425201416016,75.47000122070312,-2.862825416031614,58.26641454361511,2.00716692118485,0.5969339845441091,False,True,2025-12
CMCSA,2025-12-23,2026-01-14,77.60472869873047,74.41000366210938,-4.116662850563327,58.59272448232172,1.6469989428223,0.3659796683005227,False,True,2025-12
CMCSA,2025-12-24,2026-01-15,77.60472869873047,75.25,-3.03425930122347,56.03904263406451,1.8502748919170573,0.2563544091130936,False,True,2025-12
CMCSA,2025-12-26,2026-01-16,77.74398803710938,75.19000244140625,-3.2851229531523853,51.67780595758911,1.8721974740079357,0.30157276812388667,False,True,2025-12
TMUS,2025-10-29,2025-11-18,70.9503402709961,76.95819854736328,8.467694803745923,59.23697527997072,1.7705415463880785,2.2593687600566215,True,False,2025-10
TMUS,2025-11-04,2025-11-24,71.93507385253906,75.8342056274414,5.42034860893483,59.6819036829305,1.3459589547235165,2.280525620101872,True,False,2025-11
TMUS,2025-11-05,2025-11-25,71.71623992919922,75.91378021240234,5.852984327325419,57.891386074800046,1.3967286551335156,1.8419091146548292,True,False,2025-11
TMUS,2025-11-06,2025-11-26,70.6618881225586,75.66510772705078,7.0805065324810155,53.67840645818369,1.4447617618414685,0.2681778432442782,True,False,2025-11
TMUS,2025-11-07,2025-11-28,70.69172668457031,76.53048706054688,8.259467762089582,53.27728392108087,1.7652018485434093,0.0894314375335227,True,False,2025-11
TMUS,2025-11-10,2025-12-01,71.70629119873047,75.63526916503906,5.4792653484470755,56.82821322168692,1.8235736502722764,1.1959849384695256,True,False,2025-11
TMUS,2025-11-11,2025-12-02,71.32831573486328,76.46085357666016,7.195652650589973,54.541321158938416,1.4224787481380599,0.447535770557015,True,False,2025-11
TMUS,2025-11-20,2025-12-11,75.03846740722656,78.84807586669922,5.076874023556846,59.455236085926515,1.799831038011348,2.2852870526815496,True,False,2025-11
TMUS,2025-12-01,2025-12-19,75.63526916503906,78.00260162353516,3.1299319545362936,57.327299532804595,1.5538387438082655,1.3319435990745667,True,False,2025-12
TMUS,2025-12-12,2026-01-05,77.38591003417969,75.58000183105469,-2.333639550568533,56.13081080417535,1.4257654864612839,0.33984742518072497,False,True,2025-12
TMUS,2025-12-15,2026-01-06,77.83351135253906,75.2300033569336,-3.344970502246958,56.188278525878644,1.9130987689026915,0.9039473042479457,False,True,2025-12
TMUS,2025-12-16,2026-01-07,77.13723754882812,74.72000122070312,-3.133682777523478,56.15312250659362,2.0547416207292986,0.016124402036937345,False,True,2025-12
TMUS,2025-12-22,2026-01-13,77.69425201416016,75.47000122070312,-2.862825416031614,58.26641454361511,2.00716692118485,0.5969339845441091,False,True,2025-12
TMUS,2025-12-23,2026-01-14,77.60472869873047,74.41000366210938,-4.116662850563327,58.59272448232172,1.6469989428223,0.3659796683005227,False,True,2025-12
TMUS,2025-12-24,2026-01-15,77.60472869873047,75.25,-3.03425930122347,56.03904263406451,1.8502748919170573,0.2563544091130936,False,True,2025-12
TMUS,2025-12-26,2026-01-16,77.74398803710938,75.19000244140625,-3.2851229531523853,51.67780595758911,1.8721974740079357,0.30157276812388667,False,True,2025-12
NFLX,2025-10-29,2025-11-18,70.9503402709961,76.95819854736328,8.467694803745923,59.23697527997072,1.7705415463880785,2.2593687600566215,True,False,2025-10
NFLX,2025-11-04,2025-11-24,71.93507385253906,75.8342056274414,5.42034860893483,59.6819036829305,1.3459589547235165,2.280525620101872,True,False,2025-11
NFLX,2025-11-05,2025-11-25,71.71623992919922,75.91378021240234,5.852984327325419,57.891386074800046,1.3967286551335156,1.8419091146548292,True,False,2025-11
NFLX,2025-11-06,2025-11-26,70.6618881225586,75.66510772705078,7.0805065324810155,53.67840645818369,1.4447617618414685,0.2681778432442782,True,False,2025-11
NFLX,2025-11-07,2025-11-28,70.69172668457031,76.53048706054688,8.259467762089582,53.27728392108087,1.7652018485434093,0.0894314375335227,True,False,2025-11
NFLX,2025-11-10,2025-12-01,71.70629119873047,75.63526916503906,5.4792653484470755,56.82821322168692,1.8235736502722764,1.1959849384695256,True,False,2025-11
NFLX,2025-11-11,2025-12-02,71.32831573486328,76.46085357666016,7.195652650589973,54.541321158938416,1.4224787481380599,0.447535770557015,True,False,2025-11
NFLX,2025-11-20,2025-12-11,75.03846740722656,78.84807586669922,5.076874023556846,59.455236085926515,1.799831038011348,2.2852870526815496,True,False,2025-11
NFLX,2025-12-01,2025-12-19,75.63526916503906,78.00260162353516,3.1299319545362936,57.327299532804595,1.5538387438082655,1.3319435990745667,True,False,2025-12
NFLX,2025-12-12,2026-01-05,77.38591003417969,75.58000183105469,-2.333639550568533,56.13081080417535,1.4257654864612839,0.33984742518072497,False,True,2025-12
NFLX,2025-12-15,2026-01-06,77.83351135253906,75.2300033569336,-3.344970502246958,56.188278525878644,1.9130987689026915,0.9039473042479457,False,True,2025-12
NFLX,2025-12-16,2026-01-07,77.13723754882812,74.72000122070312,-3.133682777523478,56.15312250659362,2.0547416207292986,0.016124402036937345,False,True,2025-12
EOG,2025-10-29,2025-11-18,70.9503402709961,76.95819854736328,8.467694803745923,59.23697527997072,1.7705415463880785,2.2593687600566215,True,False,2025-10
EOG,2025-11-04,2025-11-24,71.93507385253906,75.8342056274414,5.42034860893483,59.6819036829305,1.3459589547235165,2.280525620101872,True,False,2025-11
EOG,2025-11-05,2025-11-25,71.71623992919922,75.91378021240234,5.852984327325419,57.891386074800046,1.3967286551335156,1.8419091146548292,True,False,2025-11
EOG,2025-11-06,2025-11-26,70.6618881225586,75.66510772705078,7.0805065324810155,53.67840645818369,1.4447617618414685,0.2681778432442782,True,False,2025-11
EOG,2025-11-07,2025-11-28,70.69172668457031,76.53048706054688,8.259467762089582,53.27728392108087,1.7652018485434093,0.0894314375335227,True,False,2025-11
EOG,2025-11-10,2025-12-01,71.70629119873047,75.63526916503906,5.4792653484470755,56.82821322168692,1.8235736502722764,1.1959849384695256,True,False,2025-11
EOG,2025-11-11,2025-12-02,71.32831573486328,76.46085357666016,7.195652650589973,54.541321158938416,1.4224787481380599,0.447535770557015,True,False,2025-11
EOG,2025-11-20,2025-12-11,75.03846740722656,78.84807586669922,5.076874023556846,59.455236085926515,1.799831038011348,2.2852870526815496,True,False,2025-11
EOG,2025-12-01,2025-12-19,75.63526916503906,78.00260162353516,3.1299319545362936,57.327299532804595,1.5538387438082655,1.3319435990745667,True,False,2025-12
EOG,2025-12-12,2026-01-05,77.38591003417969,75.58000183105469,-2.333639550568533,56.13081080417535,1.4257654864612839,0.33984742518072497,False,True,2025-12
EOG,2025-12-15,2026-01-06,77.83351135253906,75.2300033569336,-3.344970502246958,56.188278525878644,1.9130987689026915,0.9039473042479457,False,True,2025-12
EOG,2025-12-16,2026-01-07,77.13723754882812,74.72000122070312,-3.133682777523478,56.15312250659362,2.0547416207292986,0.016124402036937345,False,True,2025-12
EOG,2025-12-22,2026-01-13,77.69425201416016,75.47000122070312,-2.862825416031614,58.26641454361511,2.00716692118485,0.5969339845441091,False,True,2025-12
EOG,2025-12-23,2026-01-14,77.60472869873047,74.41000366210938,-4.116662850563327,58.59272448232172,1.6469989428223,0.3659796683005227,False,True,2025-12
EOG,2025-12-24,2026-01-15,77.60472869873047,75.25,-3.03425930122347,56.03904263406451,1.8502748919170573,0.2563544091130936,False,True,2025-12
EOG,2025-12-26,2026-01-16,77.74398803710938,75.19000244140625,-3.2851229531523853,51.67780595758911,1.8721974740079357,0.30157276812388667,False,True,2025-12
LLY,2025-11-06,2025-11-26,1204.3792724609375,1159.0699462890625,-3.762047986702175,58.162647293769695,1.5602506625715207,4.8673254590824335,False,True,2025-11
LLY,2025-12-09,2025-12-30,1225.6099853515625,1243.6500244140625,1.4719233098713103,58.22657911225872,1.4500297827156656,4.97473561758547,True,False,2025-12
LLY,2025-12-10,2025-12-31,1238.9100341796875,1215.0799560546875,-1.9234712341948603,58.29483851770006,1.4354362520394686,5.887143147235296,False,True,2025-12
LLY,2025-12-12,2026-01-05,1193.9200439453125,1352.449951171875,13.278100826810807,48.98223644639866,1.9309790299755565,1.6797061597230907,True,False,2025-12
LLY,2025-12-15,2026-01-06,1225.1099853515625,1395.0,13.867327560772855,53.451441003713285,1.9200276598481925,3.925794126140291,True,False,2025-12
LLY,2025-12-16,2026-01-07,1223.3699951171875,1359.68994140625,11.142985918663497,54.14424268863447,2.0578248879696655,3.3849824614221187,True,False,2025-12
LLY,2025-12-18,2026-01-09,1222.3900146484375,1400.0,14.529731364227775,52.358581883463444,2.1710348310755965,2.850802785361829,True,False,2025-12
LLY,2025-12-19,2026-01-12,1245.6700439453125,1428.1700439453125,14.650749681832448,56.13421445593809,3.456850566313482,4.181846622348023,True,False,2025-12
LLY,2025-12-22,2026-01-13,1265.6600341796875,1441.8199462890625,13.9184225899611,57.51779882636334,3.2193399098769944,5.1128840117464325,True,False,2025-12
LLY,2025-12-23,2026-01-14,1268.75,1434.5,13.064039408866995,59.192821704963855,3.135671659968335,4.795006238058463,True,False,2025-12
LLY,2025-12-24,2026-01-15,1276.989990234375,1544.9599609375,20.98450048570409,59.72110204177905,2.9127024722932653,4.90761060038498,True,False,2025-12
LLY,2025-12-30,2026-01-21,1243.6500244140625,1520.0,22.220879681656257,56.492312395056985,2.4220291008801027,0.9580743909888306,True,False,2025-12
LLY,2026-01-02,2026-01-23,1274.469970703125,1512.780029296875,18.698758234552546,58.88322143969348,2.47901513440253,3.092022167505419,True,False,2026-01
AMGN,2025-10-29,2025-11-18,177.76170349121094,164.22088623046875,-7.61739845804959,59.846493534151264,1.653325143024383,6.204530768387426,False,True,2025-10
AMGN,2025-10-30,2025-11-19,176.35885620117188,165.2655487060547,-6.290190203129405,58.44240979670805,1.4677248038377,5.10368450767261,False,True,2025-10
AMGN,2025-11-03,2025-11-21,179.80128479003906,162.46983337402344,-9.639225568523736,59.896171983476364,1.6829009213292678,6.4038415218372,False,True,2025-11
AMGN,2025-11-04,2025-11-24,171.96133422851562,164.22088623046875,-4.50127235449381,48.75603882874566,1.411102581549395,1.543658214181558,False,True,2025-11
AMGN,2025-11-05,2025-11-25,178.80636596679688,162.46983337402344,-9.136437902779715,56.49389615787247,1.708500013507588,5.216326156286236,False,True,2025-11
AMGN,2025-11-06,2025-11-26,172.3195037841797,164.30047607421875,-4.653581013095483,49.77017339307369,1.702025602355077,1.1759065359768879,False,True,2025-11
AMGN,2025-11-11,2025-12-02,173.0955352783203,169.83221435546875,-1.8852715742231414,51.444712640433266,1.6776944792273394,0.4773195459492455,False,True,2025-11
AMGN,2025-11-12,2025-12-03,175.77186584472656,174.1800079345703,-0.9056386256731587,53.34374865236436,1.7091421624835867,1.6288112805815973,False,True,2025-11
AMGN,2025-11-13,2025-12-04,173.61289978027344,174.35000610351562,0.4245688679672294,50.83111553838699,1.6314499693919458,0.08058241279252447,True,False,2025-11
AMGN,2025-12-05,2025-12-26,174.80999755859375,174.80999755859375,0.0,58.39681670193511,1.5877918611388413,3.698133222826726,False,False,2025-12
AMGN,2025-12-08,2025-12-29,175.30999755859375,173.42999267578125,-1.0723888591602697,51.483611954624,1.535215961572859,3.8318594084727264,False,True,2025-12
AMGN,2025-12-09,2025-12-30,176.0,173.64999389648438,-1.3352307406338777,55.49255260235561,1.5245145775781546,4.077111078610387,False,True,2025-12
AMGN,2025-12-12,2026-01-05,178.2899932861328,176.30999755859375,-1.1105478726231264,54.74393506185121,1.6165117528053219,4.833379652396045,False,True,2025-12
AMGN,2025-12-15,2026-01-06,179.25999450683594,182.4499969482422,1.7795395175495232,55.22398070991891,2.05992628992629,5.213053270790226,True,False,2025-12
AMGN,2025-12-16,2026-01-07,176.1199951171875,180.19000244140625,2.310928592469373,53.541198755430386,2.225535399242028,3.061061388567394,True,False,2025-12
AMGN,2025-12-17,2026-01-08,172.33999633789062,181.8699951171875,5.529766149357641,44.25315502646848,1.7540622221603592,0.6100952497281062,True,False,2025-12
AMGN,2025-12-18,2026-01-09,174.19000244140625,177.77999877929688,2.0609657773546575,49.88378762764286,2.418136402984187,1.4258933144977681,True,False,2025-12
AMGN,2025-12-19,2026-01-12,175.25,169.27000427246094,-3.4122657503789227,52.47328316811284,2.7355091378060896,1.556098789696615,False,True,2025-12
AMGN,2025-12-22,2026-01-13,174.22000122070312,165.2899932861328,-5.125707652393892,50.206974839881184,2.163586857938998,0.6166656823266299,False,True,2025-12
AMGN,2025-12-23,2026-01-14,174.75,164.5399932861328,-5.8426361738868025,49.619867415503066,2.650970308624184,0.6168364685426863,False,True,2025-12
AMGN,2025-12-24,2026-01-15,174.77000427246094,161.38999938964844,-7.6557787696528825,47.89632078424129,2.5074858215340203,0.2732796524365129,False,True,2025-12
AMGN,2026-01-09,2026-01-30,177.77999877929688,152.75999450683594,-14.073576580187606,59.02277135865939,1.4931017562857434,0.8686577137510861,False,True,2026-01
COST,2025-10-29,2025-11-18,177.76170349121094,164.22088623046875,-7.61739845804959,59.846493534151264,1.653325143024383,6.204530768387426,False,True,2025-10
COST,2025-10-30,2025-11-19,176.35885620117188,165.2655487060547,-6.290190203129405,58.44240979670805,1.4677248038377,5.10368450767261,False,True,2025-10
COST,2025-11-03,2025-11-21,179.80128479003906,162.46983337402344,-9.639225568523736,59.896171983476364,1.6829009213292678,6.4038415218372,False,True,2025-11
COST,2025-11-04,2025-11-24,171.96133422851562,164.22088623046875,-4.50127235449381,48.75603882874566,1.411102581549395,1.543658214181558,False,True,2025-11
COST,2025-11-05,2025-11-25,178.80636596679688,162.46983337402344,-9.136437902779715,56.49389615787247,1.708500013507588,5.216326156286236,False,True,2025-11
COST,2025-11-06,2025-11-26,172.3195037841797,164.30047607421875,-4.653581013095483,49.77017339307369,1.702025602355077,1.1759065359768879,False,True,2025-11
COST,2025-11-11,2025-12-02,173.0955352783203,169.83221435546875,-1.8852715742231414,51.444712640433266,1.6776944792273394,0.4773195459492455,False,True,2025-11
COST,2025-11-12,2025-12-03,175.77186584472656,174.1800079345703,-0.9056386256731587,53.34374865236436,1.7091421624835867,1.6288112805815973,False,True,2025-11
COST,2025-11-13,2025-12-04,173.61289978027344,174.35000610351562,0.4245688679672294,50.83111553838699,1.6314499693919458,0.08058241279252447,True,False,2025-11
COST,2025-12-05,2025-12-26,174.80999755859375,174.80999755859375,0.0,58.39681670193511,1.5877918611388413,3.698133222826726,False,False,2025-12
COST,2025-12-08,2025-12-29,175.30999755859375,173.42999267578125,-1.0723888591602697,51.483611954624,1.535215961572859,3.8318594084727264,False,True,2025-12
COST,2025-12-09,2025-12-30,176.0,173.64999389648438,-1.3352307406338777,55.49255260235561,1.5245145775781546,4.077111078610387,False,True,2025-12
COST,2025-12-12,2026-01-05,178.2899932861328,176.30999755859375,-1.1105478726231264,54.74393506185121,1.6165117528053219,4.833379652396045,False,True,2025-12
COST,2025-12-15,2026-01-06,179.25999450683594,182.4499969482422,1.7795395175495232,55.22398070991891,2.05992628992629,5.213053270790226,True,False,2025-12
COST,2025-12-16,2026-01-07,176.1199951171875,180.19000244140625,2.310928592469373,53.541198755430386,2.225535399242028,3.061061388567394,True,False,2025-12
COST,2025-12-17,2026-01-08,172.33999633789062,181.8699951171875,5.529766149357641,44.25315502646848,1.7540622221603592,0.6100952497281062,True,False,2025-12
COST,2025-12-18,2026-01-09,174.19000244140625,177.77999877929688,2.0609657773546575,49.88378762764286,2.418136402984187,1.4258933144977681,True,False,2025-12
COST,2025-12-19,2026-01-12,175.25,169.27000427246094,-3.4122657503789227,52.47328316811284,2.7355091378060896,1.556098789696615,False,True,2025-12
COST,2025-12-22,2026-01-13,174.22000122070312,165.2899932861328,-5.125707652393892,50.206974839881184,2.163586857938998,0.6166656823266299,False,True,2025-12
COST,2025-12-23,2026-01-14,174.75,164.5399932861328,-5.8426361738868025,49.619867415503066,2.650970308624184,0.6168364685426863,False,True,2025-12
COST,2025-12-24,2026-01-15,174.77000427246094,161.38999938964844,-7.6557787696528825,47.89632078424129,2.5074858215340203,0.2732796524365129,False,True,2025-12
COST,2026-01-09,2026-01-30,177.77999877929688,152.75999450683594,-14.073576580187606,59.02277135865939,1.4931017562857434,0.8686577137510861,False,True,2026-01
BMY,2025-11-06,2025-11-26,1204.3792724609375,1159.0699462890625,-3.762047986702175,58.162647293769695,1.5602506625715207,4.8673254590824335,False,True,2025-11
BMY,2025-12-09,2025-12-30,1225.6099853515625,1243.6500244140625,1.4719233098713103,58.22657911225872,1.4500297827156656,4.97473561758547,True,False,2025-12
BMY,2025-12-10,2025-12-31,1238.9100341796875,1215.0799560546875,-1.9234712341948603,58.29483851770006,1.4354362520394686,5.887143147235296,False,True,2025-12
BMY,2025-12-12,2026-01-05,1193.9200439453125,1352.449951171875,13.278100826810807,48.98223644639866,1.9309790299755565,1.6797061597230907,True,False,2025-12
BMY,2025-12-15,2026-01-06,1225.1099853515625,1395.0,13.867327560772855,53.451441003713285,1.9200276598481925,3.925794126140291,True,False,2025-12
BMY,2025-12-16,2026-01-07,1223.3699951171875,1359.68994140625,11.142985918663497,54.14424268863447,2.0578248879696655,3.3849824614221187,True,False,2025-12
BMY,2025-12-18,2026-01-09,1222.3900146484375,1400.0,14.529731364227775,52.358581883463444,2.1710348310755965,2.850802785361829,True,False,2025-12
BMY,2025-12-19,2026-01-12,1245.6700439453125,1428.1700439453125,14.650749681832448,56.13421445593809,3.456850566313482,4.181846622348023,True,False,2025-12
BMY,2025-12-22,2026-01-13,1265.6600341796875,1441.8199462890625,13.9184225899611,57.51779882636334,3.2193399098769944,5.1128840117464325,True,False,2025-12
BMY,2025-12-23,2026-01-14,1268.75,1434.5,13.064039408866995,59.192821704963855,3.135671659968335,4.795006238058463,True,False,2025-12
BMY,2025-12-24,2026-01-15,1276.989990234375,1544.9599609375,20.98450048570409,59.72110204177905,2.9127024722932653,4.90761060038498,True,False,2025-12
BMY,2025-12-30,2026-01-21,1243.6500244140625,1520.0,22.220879681656257,56.492312395056985,2.4220291008801027,0.9580743909888306,True,False,2025-12
BMY,2026-01-02,2026-01-23,1274.469970703125,1512.780029296875,18.698758234552546,58.88322143969348,2.47901513440253,3.092022167505419,True,False,2026-01
ROST,2025-12-18,2026-01-09,176.19000244140625,190.30999755859375,8.014072831336298,56.21065116991124,1.4995579871531717,1.6239424842106283,True,False,2025-12
ROST,2025-12-19,2026-01-12,176.2899932861328,189.07000732421875,7.249426810824679,56.88759170473045,1.6395679276995982,1.0127596385944735,True,False,2025-12
ROST,2025-12-23,2026-01-14,177.0800018310547,193.4499969482422,9.244406453533637,57.69451956539927,1.3328974965177527,0.4512597205376638,True,False,2025-12
LOW,2025-10-29,2025-11-18,177.76170349121094,164.22088623046875,-7.61739845804959,59.846493534151264,1.653325143024383,6.204530768387426,False,True,2025-10
LOW,2025-10-30,2025-11-19,176.35885620117188,165.2655487060547,-6.290190203129405,58.44240979670805,1.4677248038377,5.10368450767261,False,True,2025-10
LOW,2025-11-03,2025-11-21,179.80128479003906,162.46983337402344,-9.639225568523736,59.896171983476364,1.6829009213292678,6.4038415218372,False,True,2025-11
LOW,2025-11-04,2025-11-24,171.96133422851562,164.22088623046875,-4.50127235449381,48.75603882874566,1.411102581549395,1.543658214181558,False,True,2025-11
LOW,2025-11-05,2025-11-25,178.80636596679688,162.46983337402344,-9.136437902779715,56.49389615787247,1.708500013507588,5.216326156286236,False,True,2025-11
LOW,2025-11-06,2025-11-26,172.3195037841797,164.30047607421875,-4.653581013095483,49.77017339307369,1.702025602355077,1.1759065359768879,False,True,2025-11
LOW,2025-11-11,2025-12-02,173.0955352783203,169.83221435546875,-1.8852715742231414,51.444712640433266,1.6776944792273394,0.4773195459492455,False,True,2025-11
LOW,2025-11-12,2025-12-03,175.77186584472656,174.1800079345703,-0.9056386256731587,53.34374865236436,1.7091421624835867,1.6288112805815973,False,True,2025-11
LOW,2025-11-13,2025-12-04,173.61289978027344,174.35000610351562,0.4245688679672294,50.83111553838699,1.6314499693919458,0.08058241279252447,True,False,2025-11
LOW,2025-12-05,2025-12-26,174.80999755859375,174.80999755859375,0.0,58.39681670193511,1.5877918611388413,3.698133222826726,False,False,2025-12
LOW,2025-12-08,2025-12-29,175.30999755859375,173.42999267578125,-1.0723888591602697,51.483611954624,1.535215961572859,3.8318594084727264,False,True,2025-12
LOW,2025-12-09,2025-12-30,176.0,173.64999389648438,-1.3352307406338777,55.49255260235561,1.5245145775781546,4.077111078610387,False,True,2025-12
LOW,2025-12-12,2026-01-05,178.2899932861328,176.30999755859375,-1.1105478726231264,54.74393506185121,1.6165117528053219,4.833379652396045,False,True,2025-12
LOW,2025-12-15,2026-01-06,179.25999450683594,182.4499969482422,1.7795395175495232,55.22398070991891,2.05992628992629,5.213053270790226,True,False,2025-12
LOW,2025-12-16,2026-01-07,176.1199951171875,180.19000244140625,2.310928592469373,53.541198755430386,2.225535399242028,3.061061388567394,True,False,2025-12
LOW,2025-12-17,2026-01-08,172.33999633789062,181.8699951171875,5.529766149357641,44.25315502646848,1.7540622221603592,0.6100952497281062,True,False,2025-12
LOW,2025-12-18,2026-01-09,174.19000244140625,177.77999877929688,2.0609657773546575,49.88378762764286,2.418136402984187,1.4258933144977681,True,False,2025-12
LOW,2025-12-19,2026-01-12,175.25,169.27000427246094,-3.4122657503789227,52.47328316811284,2.7355091378060896,1.556098789696615,False,True,2025-12
LOW,2025-12-22,2026-01-13,174.22000122070312,165.2899932861328,-5.125707652393892,50.206974839881184,2.163586857938998,0.6166656823266299,False,True,2025-12
LOW,2025-12-23,2026-01-14,174.75,164.5399932861328,-5.8426361738868025,49.619867415503066,2.650970308624184,0.6168364685426863,False,True,2025-12
LOW,2025-12-24,2026-01-15,174.77000427246094,161.38999938964844,-7.6557787696528825,47.89632078424129,2.5074858215340203,0.2732796524365129,False,True,2025-12
LOW,2026-01-09,2026-01-30,177.77999877929688,152.75999450683594,-14.073576580187606,59.02277135865939,1.4931017562857434,0.8686577137510861,False,True,2026-01
TGT,2025-11-12,2025-12-03,161.15469360351562,159.75,-0.8716429984791838,55.47069897128666,1.4061552817989567,4.287267830889087,False,True,2025-11
TGT,2025-12-12,2026-01-05,160.52000427246094,194.75999450683594,21.330668653769322,52.03625167613394,2.116684377333238,3.726674452202372,True,False,2025-12
TGT,2025-12-15,2026-01-06,164.3000030517578,206.9600067138672,25.96470046849032,53.847180369319815,2.7170010579192283,5.613624252818154,True,False,2025-12
TGT,2025-12-16,2026-01-07,163.25999450683594,203.0800018310547,24.390547999529318,54.086923302711284,2.9713391706765533,4.406765933404308,True,False,2025-12
TGT,2025-12-18,2026-01-09,164.6999969482422,218.36000061035156,32.58045212895317,52.719014732714946,3.146268631852503,4.389047279617608,True,False,2025-12
TGT,2025-12-19,2026-01-12,172.27000427246094,220.39999389648438,27.938694160535,58.82749456039999,3.6421768084193693,8.060036651574745,True,False,2025-12
TGT,2025-12-22,2026-01-13,175.25999450683594,214.3800048828125,22.321129523058787,58.997960790411454,3.3993765435440815,8.814650738609696,True,False,2025-12
AMZN,2025-11-12,2025-12-03,161.15469360351562,159.75,-0.8716429984791838,55.47069897128666,1.4061552817989567,4.287267830889087,False,True,2025-11
AMZN,2025-12-12,2026-01-05,160.52000427246094,194.75999450683594,21.330668653769322,52.03625167613394,2.116684377333238,3.726674452202372,True,False,2025-12
AMZN,2025-12-15,2026-01-06,164.3000030517578,206.9600067138672,25.96470046849032,53.847180369319815,2.7170010579192283,5.613624252818154,True,False,2025-12
AMZN,2025-12-16,2026-01-07,163.25999450683594,203.0800018310547,24.390547999529318,54.086923302711284,2.9713391706765533,4.406765933404308,True,False,2025-12
AMZN,2025-12-18,2026-01-09,164.6999969482422,218.36000061035156,32.58045212895317,52.719014732714946,3.146268631852503,4.389047279617608,True,False,2025-12
AMZN,2025-12-19,2026-01-12,172.27000427246094,220.39999389648438,27.938694160535,58.82749456039999,3.6421768084193693,8.060036651574745,True,False,2025-12
DRI,2025-11-04,2025-11-24,53.263206481933594,51.661529541015625,-3.007098232926032,59.90974613053176,1.5578483215852608,3.732552221795925,False,True,2025-11
DRI,2025-11-05,2025-11-25,52.17884063720703,52.208683013916016,0.05719248711652047,50.69869686441394,1.3908019649859178,1.3644089618831279,True,False,2025-11
DRI,2025-11-06,2025-11-26,53.01449966430664,52.71604919433594,-0.562960080469537,55.17117358521724,1.7573990161277435,2.64065451781232,False,True,2025-11
DRI,2025-11-07,2025-11-28,52.924964904785156,53.37263870239258,0.8458650816543969,53.702182464841314,1.4187548456131582,2.0202723822255546,True,False,2025-11
DRI,2025-11-10,2025-12-01,53.14382553100586,52.96475601196289,-0.3369526323213102,56.776515335923975,1.3663165010347986,1.9961990398845608,False,True,2025-11
DRI,2025-11-26,2025-12-17,52.71604919433594,54.54999923706055,3.4789216391460114,58.62992644682759,1.575554621833966,0.5254875507016336,True,False,2025-11
DRI,2025-12-09,2025-12-30,53.540000915527344,55.279998779296875,3.249902566335048,56.84082146539693,1.3395018196280204,1.6513672988480173,True,False,2025-12
DRI,2025-12-16,2026-01-07,54.810001373291016,55.63999938964844,1.5143185469100917,58.94998456815356,2.1524799872157008,3.027004672798649,True,False,2025-12
DRI,2025-12-17,2026-01-08,54.54999923706055,56.18000030517578,2.9880863261457815,59.30999765193835,1.756774180060703,2.233018507787728,True,False,2025-12
DRI,2025-12-18,2026-01-09,54.2599983215332,55.849998474121094,2.930335793904541,54.05540097472846,1.47249347350821,1.4510101933496806,True,False,2025-12
DRI,2026-01-07,2026-01-28,55.63999938964844,51.810001373291016,-6.883533534096291,58.09626963111387,1.449664366170027,0.508502379872944,False,True,2026-01
MAR,2025-11-04,2025-11-24,53.263206481933594,51.661529541015625,-3.007098232926032,59.90974613053176,1.5578483215852608,3.732552221795925,False,True,2025-11
MAR,2025-11-05,2025-11-25,52.17884063720703,52.208683013916016,0.05719248711652047,50.69869686441394,1.3908019649859178,1.3644089618831279,True,False,2025-11
MAR,2025-11-06,2025-11-26,53.01449966430664,52.71604919433594,-0.562960080469537,55.17117358521724,1.7573990161277435,2.64065451781232,False,True,2025-11
MAR,2025-11-07,2025-11-28,52.924964904785156,53.37263870239258,0.8458650816543969,53.702182464841314,1.4187548456131582,2.0202723822255546,True,False,2025-11
MAR,2025-11-10,2025-12-01,53.14382553100586,52.96475601196289,-0.3369526323213102,56.776515335923975,1.3663165010347986,1.9961990398845608,False,True,2025-11
MAR,2025-11-26,2025-12-17,52.71604919433594,54.54999923706055,3.4789216391460114,58.62992644682759,1.575554621833966,0.5254875507016336,True,False,2025-11
MAR,2025-12-09,2025-12-30,53.540000915527344,55.279998779296875,3.249902566335048,56.84082146539693,1.3395018196280204,1.6513672988480173,True,False,2025-12
MAR,2025-12-16,2026-01-07,54.810001373291016,55.63999938964844,1.5143185469100917,58.94998456815356,2.1524799872157008,3.027004672798649,True,False,2025-12
MAR,2025-12-17,2026-01-08,54.54999923706055,56.18000030517578,2.9880863261457815,59.30999765193835,1.756774180060703,2.233018507787728,True,False,2025-12
MAR,2025-12-18,2026-01-09,54.2599983215332,55.849998474121094,2.930335793904541,54.05540097472846,1.47249347350821,1.4510101933496806,True,False,2025-12
MAR,2026-01-07,2026-01-28,55.63999938964844,51.810001373291016,-6.883533534096291,58.09626963111387,1.449664366170027,0.508502379872944,False,True,2026-01
BA,2025-12-22,2026-01-13,202.05999755859375,188.7100067138672,-6.606943980020244,40.44594665183631,1.5665110527129387,0.7162678201901399,False,True,2025-12
BA,2025-12-23,2026-01-14,202.0800018310547,188.38999938964844,-6.774545881512574,41.16997626924656,1.4634286597619415,0.5235614254775226,False,True,2025-12
BA,2025-12-24,2026-01-15,202.66000366210938,184.13999938964844,-9.138460444982,43.79219445222638,1.7542299785805673,0.6826129829222904,False,True,2025-12
BA,2025-12-26,2026-01-16,202.38999938964844,184.1699981689453,-9.002421698527371,47.03232632452731,1.5589901666411456,0.41378098438926797,False,True,2025-12
BA,2026-01-07,2026-01-28,202.80999755859375,184.8800048828125,-8.840783438499427,58.22193216313986,1.5551437889119477,1.1748266661535054,False,True,2026-01
