symbol,entry_date,exit_date,entry_price,exit_price,pnl_pct,days_held,exit_reason,score
SHOP,2023-01-06,2023-01-10,37.70000076293945,36.62555074119568,-2.85,1,Stop Loss,120
DXCM,2023-01-06,2023-01-10,112.45999908447266,109.44607110900878,-2.68,1,Stop Loss,115
ABNB,2023-01-06,2023-01-10,90.25499725341797,88.14303031768799,-2.34,1,Stop Loss,100
AVGO,2023-01-10,2023-01-18,54.78525719479668,55.8989372365907,2.032809735353023,4,Trailing Stop,85
S,2023-01-13,2023-01-18,14.319999694824219,14.033599700927734,-2.0,1,Stop Loss,95
META,2023-01-19,2023-01-23,134.9473429258723,141.19966441085342,4.633156421920483,1,Trailing Stop,95
CRM,2023-01-19,2023-01-23,142.56776014967892,153.29345404870145,7.523225368597955,1,Trailing Stop,95
PYPL,2023-01-19,2023-01-23,76.83438248025382,78.99578575640162,2.813067804251915,1,Trailing Stop,95
CHWY,2023-01-20,2023-01-24,42.09000015258789,44.05959854125977,4.679492472158559,1,Trailing Stop,165
FSLR,2023-01-20,2023-01-24,168.33999633789062,174.06000366210935,3.3978896570352637,1,Trailing Stop,160
RUN,2023-01-20,2023-01-24,26.165000915527344,26.68899993896484,2.0026715272405573,1,Trailing Stop,160
SNOW,2023-01-25,2023-01-27,148.6699981689453,158.79000549316407,6.807027274405835,1,Trailing Stop,115
S,2023-01-25,2023-01-27,14.829999923706055,14.533399925231933,-2.0,1,Stop Loss,110
UBER,2023-01-25,2023-01-27,30.530000686645508,29.904135672569275,-2.05,1,Stop Loss,95
CRWD,2023-01-26,2023-01-30,103.61000061035156,101.36166359710693,-2.17,1,Stop Loss,100
GOOGL,2023-01-26,2023-02-01,96.58025989693051,99.66099206522452,3.189815570574911,3,Trailing Stop,85
LRCX,2023-01-30,2023-02-01,46.58814864584279,50.721308488042766,8.87169797971525,1,Trailing Stop,95
AMAT,2023-01-31,2023-02-02,109.12737280400113,119.1027299814436,9.141022019616265,1,Trailing Stop,120
CFLT,2023-01-31,2023-02-02,23.280000686645508,26.672000503540037,14.570445519103176,1,Trailing Stop,120
AMD,2023-01-31,2023-02-02,78.47000122070312,86.84600219726563,10.67414406303415,1,Trailing Stop,115
MU,2023-02-01,2023-02-03,62.64888557304099,61.214226093418354,-2.29,1,Stop Loss,100
QCOM,2023-02-03,2023-02-07,123.56572488389624,127.38470820616287,3.0906493899137426,1,Trailing Stop,85
SNOW,2023-02-07,2023-02-09,161.25999450683594,165.62799987792968,2.708672652787782,1,Trailing Stop,135
DDOG,2023-02-07,2023-02-09,81.5199966430664,84.60719757080078,3.7870474176435707,1,Trailing Stop,125
S,2023-02-07,2023-02-10,16.309999465942383,15.748935484313964,-3.44,2,Stop Loss,125
RIVN,2023-02-08,2023-02-10,20.489999771118164,20.0801997756958,-2.0,1,Stop Loss,105
SNOW,2023-02-09,2023-02-13,159.66000366210938,163.97999877929686,2.7057465978329507,1,Trailing Stop,145
S,2023-02-09,2023-02-13,15.65999984741211,15.340535850524903,-2.04,1,Stop Loss,130
PYPL,2023-02-10,2023-02-14,80.46399104766627,78.85471122671294,-2.0,1,Stop Loss,160
CHWY,2023-02-10,2023-02-14,45.31999969482422,47.78400115966797,5.4368964727181055,1,Trailing Stop,140
LOW,2023-02-10,2023-02-14,197.36295453205645,201.75337304889158,2.2245403283735388,1,Trailing Stop,110
PATH,2023-02-13,2023-02-15,15.100000381469727,16.731999588012695,10.80794149214532,1,Trailing Stop,175
SHOP,2023-02-13,2023-02-15,48.75,52.710000610351564,8.123078175080131,1,Trailing Stop,165
NFLX,2023-02-13,2023-02-16,35.755001068115234,35.03990104675293,-2.0,2,Stop Loss,140
UBER,2023-02-14,2023-02-16,35.0099983215332,36.385999298095705,3.9303086047741402,1,Trailing Stop,115
ZS,2023-02-17,2023-02-23,130.2100067138672,133.5820037841797,2.5896604688166445,2,Trailing Stop,125
META,2023-02-17,2023-02-22,173.10081786312165,169.63880150585922,-2.0,1,Stop Loss,125
CRWD,2023-02-17,2023-02-22,112.0199966430664,117.05199737548828,4.492055778626323,1,Trailing Stop,95
DXCM,2023-02-21,2023-02-23,114.54000091552734,112.2492008972168,-2.0,1,Stop Loss,110
S,2023-02-22,2023-02-24,16.010000228881836,15.689800224304198,-2.0,1,Stop Loss,185
TSLA,2023-02-22,2023-02-24,203.91000366210938,199.8318035888672,-2.0,1,Stop Loss,155
UBER,2023-02-22,2023-02-24,34.790000915527344,34.094200897216794,-2.0,1,Stop Loss,125
DXCM,2023-02-23,2023-03-02,110.41999816894531,119.18000183105468,7.93334885652357,4,Trailing Stop,130
ADI,2023-02-23,2023-03-02,174.79529547887415,171.29938956929666,-2.0,4,Stop Loss,100
ABNB,2023-02-27,2023-03-01,125.11000061035156,122.60780059814454,-2.0,1,Stop Loss,150
DE,2023-02-27,2023-03-09,404.4675390704374,412.9828204458369,2.1053064962814236,7,Trailing Stop,90
ROKU,2023-03-02,2023-03-06,64.33999633789062,67.17999877929688,4.414054403254205,1,Trailing Stop,155
NVDA,2023-03-02,2023-03-06,23.296676418290033,24.038333221324105,3.18353051618901,1,Trailing Stop,115
COIN,2023-03-03,2023-03-07,64.5999984741211,63.04313851089478,-2.41,1,Stop Loss,95
COIN,2023-03-08,2023-03-10,62.38999938964844,61.142199401855464,-2.0,1,Stop Loss,165
ROKU,2023-03-08,2023-03-10,64.25,62.964999999999996,-2.0,1,Stop Loss,160
AMAT,2023-03-08,2023-03-10,115.80288921347211,113.48683142920267,-2.0,1,Stop Loss,115
CRWD,2023-03-13,2023-03-15,124.87999725341797,129.1280014038086,3.401668997293619,1,Trailing Stop,150
CRM,2023-03-13,2023-03-16,177.83921229306586,183.88574597952297,3.4000002634362043,2,Trailing Stop,145
ENPH,2023-03-13,2023-03-15,216.58999633789062,212.25819641113281,-2.0,1,Stop Loss,140
FSLR,2023-03-16,2023-03-20,205.69000244140625,201.57620239257812,-2.0,1,Stop Loss,115
GE,2023-03-16,2023-03-29,72.21283110375948,73.86808902580655,2.2921936403084686,8,Trailing Stop,95
TSM,2023-03-16,2023-03-21,85.43970894490646,88.46357629067049,3.539182638969303,2,Trailing Stop,85
FSLR,2023-03-20,2023-03-23,208.60000610351562,216.27999877929688,3.681683821222005,2,Trailing Stop,120
META,2023-03-20,2023-03-28,201.7904236343113,197.75461516162508,-2.0,5,Stop Loss,90
LRCX,2023-03-20,2023-03-23,50.280172346955794,51.49560323205323,2.417316465644576,2,Trailing Stop,85
AMZN,2023-03-21,2023-03-24,100.44999694824219,97.26573204498291,-3.17,2,Stop Loss,85
NOW,2023-03-21,2023-03-24,89.43599700927734,87.05699948883057,-2.66,2,Stop Loss,85
PATH,2023-03-23,2023-03-27,16.469999313354492,16.1405993270874,-2.0,1,Stop Loss,155
INTC,2023-03-23,2023-03-29,28.343835708876163,30.569178607476868,7.851241170946441,3,Trailing Stop,125
GE,2023-03-23,2023-03-27,71.25302808916034,73.18521467491945,2.7117255751451412,1,Trailing Stop,110
COIN,2023-03-24,2023-03-28,67.19999694824219,65.85599700927735,-2.0,1,Stop Loss,175
PATH,2023-03-27,2023-03-29,16.010000228881836,15.689800224304198,-2.0,1,Stop Loss,150
SMCI,2023-03-29,2023-03-31,10.732000350952148,10.517360343933106,-2.0,1,Stop Loss,175
AMD,2023-03-29,2023-03-31,98.0,96.03999999999999,-2.0,1,Stop Loss,125
CRWD,2023-03-29,2023-03-31,131.1300048828125,136.81800537109373,4.3376803755665625,1,Trailing Stop,105
SMCI,2023-03-31,2023-04-04,10.656999588012695,11.496999740600588,7.882144928791675,1,Trailing Stop,145
QCOM,2023-04-05,2023-04-13,114.98730599059633,112.6875598707844,-2.0,4,Stop Loss,90
ROKU,2023-04-06,2023-04-11,63.040000915527344,64.59200286865234,2.4619319964868964,1,Trailing Stop,145
PATH,2023-04-06,2023-04-11,16.190000534057617,16.67799949645996,3.0141997918763446,1,Trailing Stop,145
BILL,2023-04-06,2023-04-11,73.62999725341797,76.74999847412109,4.2374050483320955,1,Trailing Stop,125
RUN,2023-04-10,2023-04-12,19.18000030517578,20.227999877929687,5.464022711569508,1,Trailing Stop,145
SMCI,2023-04-10,2023-04-12,10.737000465393066,10.99060001373291,2.3619217411532465,1,Trailing Stop,125
RIVN,2023-04-10,2023-04-12,14.979999542236328,14.680399551391602,-2.0,1,Stop Loss,125
S,2023-04-11,2023-04-13,16.93000030517578,17.722000122070312,4.67808507157796,1,Trailing Stop,90
RIVN,2023-04-13,2023-04-17,13.862000465393066,13.584760456085204,-2.0,1,Stop Loss,115
LCID,2023-04-13,2023-04-17,76.69999694824219,79.06000061035155,3.076927973937097,1,Trailing Stop,115
BILL,2023-04-13,2023-04-17,76.02999877929688,77.60599975585937,2.0728672916823,1,Trailing Stop,110
NOW,2023-04-17,2023-04-20,95.6259994506836,93.71347946166992,-2.0,2,Stop Loss,110
MU,2023-04-20,2023-04-24,60.39523424632037,59.18732956139396,-2.0,1,Stop Loss,130
NET,2023-04-20,2023-04-24,62.540000915527344,63.86719818115234,2.122157413169275,1,Trailing Stop,115
S,2023-04-20,2023-04-24,18.06999969482422,17.658003701782224,-2.28,1,Stop Loss,100
CFLT,2023-04-21,2023-04-25,24.489999771118164,24.0001997756958,-2.0,1,Stop Loss,145
SNOW,2023-04-21,2023-04-25,144.85000610351562,141.9530059814453,-2.0,1,Stop Loss,125
FSLR,2023-04-21,2023-04-25,209.50999450683594,205.31979461669923,-2.0,1,Stop Loss,105
BILL,2023-05-01,2023-05-03,76.66999816894531,80.36200256347657,4.815448653586476,1,Trailing Stop,90
AMZN,2023-05-02,2023-05-09,103.73999786376953,106.1800003051758,2.3520363328043,4,Trailing Stop,115
BILL,2023-05-03,2023-05-05,79.97000122070312,95.90599975585937,19.927470666376124,1,Trailing Stop,115
SNOW,2023-05-03,2023-05-05,148.97999572753906,157.03600158691407,5.407441327967395,1,Trailing Stop,95
META,2023-05-05,2023-05-11,229.81466736120282,235.20898843056597,2.3472483855370365,3,Trailing Stop,100
LRCX,2023-05-10,2023-05-15,51.398722503247946,53.27010483267176,3.6409121438875487,2,Trailing Stop,85
KLAC,2023-05-10,2023-05-15,375.8924163301159,391.64678070035956,4.19118973563113,2,Trailing Stop,85
MU,2023-05-11,2023-05-15,61.22486836313111,63.500429599835,3.7167270384434334,1,Trailing Stop,85
DXCM,2023-05-12,2023-05-16,121.75,119.315,-2.0,1,Stop Loss,95
MRVL,2023-05-12,2023-05-16,39.947505974311106,41.524407095185104,3.9474332187046928,1,Trailing Stop,90
RIVN,2023-05-15,2023-05-18,13.220000267028809,13.49200038909912,2.0574895353723273,2,Trailing Stop,155
COIN,2023-05-15,2023-05-17,58.68000030517578,60.78400115966797,3.5855501764655093,1,Trailing Stop,125
AMD,2023-05-15,2023-05-17,97.38999938964844,102.78999938964843,5.544717151496313,1,Trailing Stop,100
RIVN,2023-05-17,2023-05-19,13.399999618530273,14.120000076293946,5.373137897466921,1,Trailing Stop,145
UBER,2023-05-17,2023-05-19,37.97999954223633,39.188001251220705,3.1806259177043876,1,Trailing Stop,110
CHWY,2023-05-17,2023-05-19,33.84000015258789,33.16320014953613,-2.0,1,Stop Loss,95
SHOP,2023-05-24,2023-05-26,59.470001220703125,58.28060119628906,-2.0,1,Stop Loss,145
SNOW,2023-05-24,2023-05-26,150.47000122070312,147.46060119628905,-2.0,1,Stop Loss,110
BILL,2023-05-24,2023-05-26,99.77999877929688,97.78439880371094,-2.0,1,Stop Loss,105
FSLR,2023-05-25,2023-05-30,201.0399932861328,208.51200256347656,3.716678037642544,1,Trailing Stop,115
SHOP,2023-05-26,2023-05-31,60.599998474121094,59.387998504638674,-2.0,1,Stop Loss,155
PATH,2023-05-26,2023-05-31,16.8799991607666,16.542399177551268,-2.0,1,Stop Loss,150
ROKU,2023-05-26,2023-05-31,57.4900016784668,56.34020164489746,-2.0,1,Stop Loss,100
LCID,2023-05-31,2023-06-02,67.80000305175781,66.44400299072265,-2.0,1,Stop Loss,115
MU,2023-06-01,2023-06-05,69.1261169073711,67.74359456922367,-2.0,1,Stop Loss,120
KLAC,2023-06-01,2023-06-07,444.25166296756487,458.647268058543,3.2404167031850015,3,Trailing Stop,105
TSM,2023-06-01,2023-06-05,97.13418696596553,95.19150322664622,-2.0,1,Stop Loss,100
CRM,2023-06-02,2023-06-07,207.94343720235133,203.7845684583043,-2.0,2,Stop Loss,95
AMD,2023-06-05,2023-06-07,117.91000366210938,123.85399780273437,5.041127941661755,1,Trailing Stop,125
CRWD,2023-06-05,2023-06-07,153.77999877929688,150.70439880371094,-2.0,1,Stop Loss,125
MU,2023-06-06,2023-06-08,67.56562769594285,66.21431514202399,-2.0,1,Stop Loss,135
INTC,2023-06-06,2023-06-08,30.41015482791563,31.053051172299668,2.114084416939167,1,Trailing Stop,110
LRCX,2023-06-06,2023-06-12,59.61567192056868,60.83187062213242,2.040065409619457,3,Trailing Stop,100
NET,2023-06-08,2023-06-13,63.91999816894531,68.33600158691407,6.908641339908876,2,Trailing Stop,175
CRWD,2023-06-08,2023-06-12,153.52999877929688,150.45939880371094,-2.0,1,Stop Loss,140
SNOW,2023-06-08,2023-06-12,174.30999755859375,170.82379760742188,-2.0,1,Stop Loss,135
SNOW,2023-06-12,2023-06-14,173.02999877929688,179.67000122070314,3.8374862672661285,1,Trailing Stop,175
PATH,2023-06-12,2023-06-14,18.190000534057617,17.826200523376464,-2.0,1,Stop Loss,175
ENPH,2023-06-12,2023-06-14,179.99000549316406,176.39020538330078,-2.0,1,Stop Loss,125
AMD,2023-06-14,2023-06-16,125.38999938964844,122.16747640533448,-2.57,1,Stop Loss,120
CFLT,2023-06-15,2023-06-20,35.0,34.3,-2.0,1,Stop Loss,140
BILL,2023-06-15,2023-06-20,114.5199966430664,112.22959671020507,-2.0,1,Stop Loss,110
DDOG,2023-06-15,2023-06-20,98.62999725341797,96.6573973083496,-2.0,1,Stop Loss,100
MRVL,2023-06-20,2023-06-22,60.04506832413251,58.844166957649854,-2.0,1,Stop Loss,130
DDOG,2023-06-20,2023-06-22,96.31999969482422,94.39359970092774,-2.0,1,Stop Loss,125
BILL,2023-06-20,2023-06-22,111.23999786376953,109.01519790649414,-2.0,1,Stop Loss,125
CFLT,2023-06-21,2023-06-23,34.68000030517578,33.986400299072265,-2.0,1,Stop Loss,155
RUN,2023-06-21,2023-06-23,18.459999084472656,18.0907991027832,-2.0,1,Stop Loss,150
BA,2023-06-21,2023-06-28,205.61000061035156,210.8740020751953,2.5601874661823842,4,Trailing Stop,110
INTC,2023-06-22,2023-06-26,31.566584883973874,32.96213669656563,4.420978125195503,1,Trailing Stop,155
QCOM,2023-06-22,2023-06-26,107.97781779343715,110.64295399264654,2.468225653816993,1,Trailing Stop,145
SNOW,2023-06-22,2023-06-26,175.75,172.23499999999999,-2.0,1,Stop Loss,140
DXCM,2023-06-23,2023-06-27,126.0,123.48,-2.0,1,Stop Loss,90
CAT,2023-06-26,2023-06-29,227.40961937183533,234.59543563125357,3.159855893197187,2,Trailing Stop,105
AMAT,2023-06-26,2023-06-28,137.09326131162763,141.6085998549254,3.293625448908033,1,Trailing Stop,85
LRCX,2023-06-26,2023-06-28,60.8353064477352,62.858545083607375,3.325763859857235,1,Trailing Stop,85
TSLA,2023-06-27,2023-06-29,249.6999969482422,258.5319915771484,3.5370423455539375,1,Trailing Stop,165
NVDA,2023-06-27,2023-06-30,40.63044011815251,42.14133990183837,3.7186399637616487,2,Trailing Stop,135
ORCL,2023-06-27,2023-06-30,113.11942946555854,116.9553091201998,3.3909998244900716,2,Trailing Stop,135
UBER,2023-06-28,2023-06-30,44.09000015258789,43.168519149398804,-2.09,1,Stop Loss,90
ORCL,2023-06-29,2023-07-03,116.08351579658388,113.7618454806522,-2.0,1,Stop Loss,110
UBER,2023-06-30,2023-07-06,43.16999816894531,42.3065982055664,-2.0,2,Stop Loss,120
INTC,2023-06-30,2023-07-05,32.87001385382122,32.21261357674479,-2.0,1,Stop Loss,110
ABNB,2023-06-30,2023-07-05,129.27999877929688,132.21599731445315,2.27103849232589,1,Trailing Stop,95
PLTR,2023-07-07,2023-07-11,15.369999885559082,16.61800022125244,8.119715972580586,1,Trailing Stop,170
UBER,2023-07-07,2023-07-11,42.58000183105469,44.251998901367195,3.926719113227179,1,Trailing Stop,125
DDOG,2023-07-07,2023-07-11,97.6500015258789,104.39400177001953,6.906298145170379,1,Trailing Stop,110
NET,2023-07-10,2023-07-12,66.0999984741211,64.30868851547241,-2.71,1,Stop Loss,120
TSLA,2023-07-11,2023-07-13,276.3299865722656,270.8033868408203,-2.0,1,Stop Loss,135
CRWD,2023-07-13,2023-07-17,150.4499969482422,154.53799743652343,2.7171821676324743,1,Trailing Stop,115
LCID,2023-07-17,2023-07-19,70.4000015258789,75.63999786376954,7.443176454995413,1,Trailing Stop,175
MRVL,2023-07-17,2023-07-20,64.84479204393715,63.113436096364026,-2.67,2,Stop Loss,95
INTC,2023-07-17,2023-07-20,33.59523025960864,32.58737335182038,-3.0,2,Stop Loss,95
SHOP,2023-07-19,2023-07-21,67.2699966430664,65.92459671020508,-2.0,1,Stop Loss,95
ENPH,2023-07-19,2023-07-21,178.6199951171875,174.83325122070312,-2.12,1,Stop Loss,85
CRWD,2023-07-21,2023-07-26,150.97000122070312,154.15399780273438,2.109026002706703,2,Trailing Stop,130
ZS,2023-07-21,2023-07-25,149.24000549316406,154.94800109863283,3.8247087881072352,1,Trailing Stop,125
ENPH,2023-07-21,2023-07-26,178.97999572753906,175.40039581298828,-2.0,2,Stop Loss,125
NVDA,2023-07-24,2023-07-27,44.90832769720461,46.87010274455585,4.368399243406591,2,Trailing Stop,120
NET,2023-07-25,2023-07-27,65.87999725341797,64.5623973083496,-2.0,1,Stop Loss,165
CFLT,2023-07-25,2023-07-27,35.83000183105469,35.11340179443359,-2.0,1,Stop Loss,140
INTC,2023-07-25,2023-07-27,33.04641865830602,34.073485035932265,3.1079506322483184,1,Trailing Stop,90
COIN,2023-07-26,2023-07-28,102.58999633789062,100.53819641113282,-2.0,1,Stop Loss,155
RUN,2023-07-26,2023-07-28,20.209999084472656,19.8057991027832,-2.0,1,Stop Loss,155
ROKU,2023-07-26,2023-07-28,73.52999877929688,86.4739990234375,17.603699794681816,1,Trailing Stop,155
FSLR,2023-07-27,2023-07-31,223.58999633789062,219.1181964111328,-2.0,1,Stop Loss,85
NET,2023-07-28,2023-08-02,67.87999725341797,66.52239730834961,-2.0,2,Stop Loss,115
SHOP,2023-07-28,2023-08-02,66.94999694824219,65.57752201080322,-2.05,2,Stop Loss,95
DDOG,2023-07-28,2023-08-02,113.43499755859375,111.16629760742187,-2.0,2,Stop Loss,90
UBER,2023-08-02,2023-08-04,46.220001220703125,45.29560119628906,-2.0,1,Stop Loss,125
SMCI,2023-08-03,2023-08-07,32.400001525878906,35.040000915527344,8.14814588060987,1,Trailing Stop,130
LRCX,2023-08-03,2023-08-11,67.62555166793986,66.27304063458106,-2.0,5,Stop Loss,120
INTC,2023-08-03,2023-08-07,33.91280775321122,34.75472365198989,2.482589778190665,1,Trailing Stop,115
S,2023-08-07,2023-08-09,15.130000114440918,14.8274001121521,-2.0,1,Stop Loss,130
AMAT,2023-08-07,2023-08-10,144.91877577386148,141.5566601759079,-2.32,2,Stop Loss,100
KLAC,2023-08-07,2023-08-11,489.0374490717016,479.25670009026754,-2.0,3,Stop Loss,100
INTC,2023-08-10,2023-08-14,33.893132309769804,34.87668443873724,2.901921604583967,1,Trailing Stop,105
KLAC,2023-08-14,2023-08-16,477.0587839067284,467.5176082285939,-2.0,1,Stop Loss,120
S,2023-08-25,2023-08-29,16.610000610351562,17.002000427246095,2.3600228927760147,1,Trailing Stop,130
ORCL,2023-08-25,2023-08-29,113.1178557964005,116.88165052997854,3.3273214976355705,1,Trailing Stop,125
NVDA,2023-08-28,2023-08-30,46.632074880156104,49.23897801213159,5.590364869406297,1,Trailing Stop,130
S,2023-08-31,2023-09-05,17.260000228881836,16.911348224258422,-2.02,1,Stop Loss,120
TSLA,2023-09-05,2023-09-07,255.13999938964844,247.66439740753174,-2.93,1,Stop Loss,110
NET,2023-09-05,2023-09-07,64.55999755859375,62.85561362304688,-2.64,1,Stop Loss,100
NVDA,2023-09-05,2023-09-07,48.40977397493204,47.4415784954334,-2.0,1,Stop Loss,85
ZS,2023-09-07,2023-09-11,160.50999450683594,166.10199890136718,3.483897941503628,1,Trailing Stop,100
TSLA,2023-09-07,2023-09-11,251.22000122070312,270.12400512695314,7.524880110816641,1,Trailing Stop,90
NET,2023-09-07,2023-09-11,63.400001525878906,65.28000030517579,2.965297687776075,1,Trailing Stop,90
ROKU,2023-09-08,2023-09-12,84.58000183105469,82.88840179443359,-2.0,1,Stop Loss,110
SMCI,2023-09-08,2023-09-12,28.547000885009766,27.684881458282472,-3.02,1,Stop Loss,95
KLAC,2023-09-08,2023-09-12,494.34758960998033,484.4606378177807,-2.0,1,Stop Loss,95
SHOP,2023-09-11,2023-09-13,63.72999954223633,62.4553995513916,-2.0,1,Stop Loss,125
NET,2023-09-11,2023-09-15,64.2699966430664,62.37403174209595,-2.95,3,Stop Loss,90
RUN,2023-09-12,2023-09-14,14.670000076293945,15.470000076293946,5.453306038442116,1,Trailing Stop,155
COIN,2023-09-12,2023-09-14,81.88999938964844,83.65799865722657,2.158992893827794,1,Trailing Stop,85
SMCI,2023-09-13,2023-09-15,27.177000045776367,26.63346004486084,-2.0,1,Stop Loss,150
SHOP,2023-09-13,2023-09-18,63.08000183105469,61.81840179443359,-2.0,2,Stop Loss,120
DXCM,2023-09-13,2023-09-15,106.2300033569336,104.10540328979492,-2.0,1,Stop Loss,110
S,2023-09-14,2023-09-18,17.09000015258789,16.74820014953613,-2.0,1,Stop Loss,115
ZS,2023-09-14,2023-09-18,158.3300018310547,155.16340179443358,-2.0,1,Stop Loss,85
CRWD,2023-09-18,2023-09-21,166.9499969482422,163.61099700927733,-2.0,2,Stop Loss,135
PATH,2023-09-18,2023-09-20,17.299999237060547,16.953999252319335,-2.0,1,Stop Loss,135
PLTR,2023-09-18,2023-09-20,15.34000015258789,15.033200149536132,-2.0,1,Stop Loss,120
TSLA,2023-09-19,2023-09-21,267.0400085449219,261.69920837402344,-2.0,1,Stop Loss,110
UBER,2023-09-19,2023-09-21,46.8650016784668,45.92770164489746,-2.0,1,Stop Loss,105
RIVN,2023-10-04,2023-10-06,21.200000762939453,20.438920735549925,-3.59,1,Stop Loss,150
S,2023-10-04,2023-10-06,16.600000381469727,16.26800037384033,-2.0,1,Stop Loss,135
AMD,2023-10-04,2023-10-06,103.41000366210938,106.97800292968749,3.450342463226769,1,Trailing Stop,125
S,2023-10-06,2023-10-10,16.170000076293945,17.150000381469724,6.06060791930675,1,Trailing Stop,95
DDOG,2023-10-10,2023-10-12,92.37000274658203,90.52260269165039,-2.0,1,Stop Loss,130
BILL,2023-10-16,2023-10-18,110.01000213623047,107.80980209350585,-2.0,1,Stop Loss,125
AMD,2023-10-16,2023-10-20,103.54000091552734,101.4692008972168,-2.0,3,Stop Loss,120
NET,2023-10-16,2023-10-18,62.0,64.12000122070313,3.419356807585695,1,Trailing Stop,120
NET,2023-10-19,2023-10-23,62.060001373291016,60.81880134582519,-2.0,1,Stop Loss,140
NOW,2023-10-19,2023-10-23,111.31999969482422,109.09359970092773,-2.0,1,Stop Loss,100
ZS,2023-10-23,2023-10-25,164.47000122070312,161.18060119628905,-2.0,1,Stop Loss,145
AVGO,2023-10-23,2023-10-25,84.10153211789734,82.41950147553939,-2.0,1,Stop Loss,135
CRWD,2023-10-23,2023-10-25,181.0,177.38,-2.0,1,Stop Loss,130
GE,2023-10-30,2023-11-01,86.27923106160972,84.55364644037752,-2.0,1,Stop Loss,105
NFLX,2023-10-30,2023-11-01,40.92399978637695,41.832801055908206,2.2207049024415753,1,Trailing Stop,85
ABNB,2023-11-07,2023-11-09,119.43000030517578,116.73088229827881,-2.26,1,Stop Loss,130
PYPL,2023-11-07,2023-11-09,54.20469458996045,55.561556410415335,2.50321827420867,1,Trailing Stop,100
CHWY,2023-11-10,2023-11-14,19.790000915527344,20.790000915527344,5.053056865780105,1,Trailing Stop,145
ARM,2023-11-10,2023-11-15,52.20000076293945,55.26399917602539,5.869728674910851,2,Trailing Stop,125
NET,2023-11-10,2023-11-14,62.86000061035156,69.33199768066406,10.295890880482608,1,Trailing Stop,125
RIVN,2023-11-17,2023-11-21,16.889999389648438,16.552199401855468,-2.0,1,Stop Loss,125
CHWY,2023-11-17,2023-11-27,20.420000076293945,20.011600074768065,-2.0,4,Stop Loss,115
MRVL,2023-11-17,2023-11-21,55.09083444911084,53.98901776012862,-2.0,1,Stop Loss,105
AMAT,2023-11-20,2023-11-28,148.58582280395268,145.61410634787362,-2.0,4,Stop Loss,105
MRVL,2023-11-22,2023-11-29,55.0908366380881,56.47257658940482,2.508112121066292,3,Trailing Stop,120
PYPL,2023-11-22,2023-11-28,55.87084157108886,58.025858799436755,3.8571411629908896,2,Trailing Stop,105
PATH,2023-11-22,2023-11-27,18.209999084472656,18.75399932861328,2.9873710680440517,1,Trailing Stop,100
SMCI,2023-11-24,2023-11-28,28.410999298095703,29.3213996887207,3.204394118886264,1,Trailing Stop,90
TSLA,2023-11-24,2023-11-28,236.88999938964844,244.9779998779297,3.414243112465766,1,Trailing Stop,90
RUN,2023-11-24,2023-11-28,11.350000381469727,11.123000373840332,-2.0,1,Stop Loss,90
FSLR,2023-11-27,2023-11-29,153.27000427246094,159.3100067138672,3.9407596222606234,1,Trailing Stop,110
NVDA,2023-11-27,2023-11-30,48.20490597283938,47.24080785338259,-2.0,2,Stop Loss,100
PYPL,2023-11-27,2023-11-29,56.33975691024834,59.316876337197726,5.284224835566944,1,Trailing Stop,90
AVGO,2023-11-28,2023-11-30,92.31116769448175,90.46494434059211,-2.0,1,Stop Loss,115
SMCI,2023-11-29,2023-12-01,28.988000869750977,28.408240852355956,-2.0,1,Stop Loss,105
MU,2023-11-29,2023-12-01,76.14140718645403,74.61857904272495,-2.0,1,Stop Loss,85
LCID,2023-12-01,2023-12-05,43.099998474121094,42.23799850463867,-2.0,1,Stop Loss,125
AMD,2023-12-01,2023-12-05,119.75,117.355,-2.0,1,Stop Loss,85
TSLA,2023-12-01,2023-12-05,235.75,244.47800292968748,3.70222817802226,1,Trailing Stop,85
TSLA,2023-12-05,2023-12-07,242.9199981689453,238.0615982055664,-2.0,1,Stop Loss,115
ARM,2023-12-05,2023-12-07,64.3499984741211,62.73481351242065,-2.51,1,Stop Loss,110
SHOP,2023-12-05,2023-12-07,73.7699966430664,71.77820673370361,-2.7,1,Stop Loss,100
PYPL,2023-12-06,2023-12-08,58.95371316253897,57.65673147296311,-2.2,1,Stop Loss,110
SHOP,2023-12-07,2023-12-11,71.26000213623047,73.1520004272461,2.655063477823955,1,Trailing Stop,120
ARM,2023-12-07,2023-12-11,62.439998626708984,66.29600143432617,6.1755331396944735,1,Trailing Stop,110
NET,2023-12-07,2023-12-11,75.9800033569336,78.36399993896484,3.1376631701789623,1,Trailing Stop,95
ROKU,2023-12-08,2023-12-12,103.36000061035156,101.29280059814452,-2.0,1,Stop Loss,110
PYPL,2023-12-08,2023-12-13,58.963690662589606,61.19054166459418,3.7766479285487318,2,Trailing Stop,100
RUN,2023-12-11,2023-12-13,13.119999885559082,12.8575998878479,-2.0,1,Stop Loss,175
ENPH,2023-12-11,2023-12-13,102.61000061035156,100.55780059814452,-2.0,1,Stop Loss,150
CFLT,2023-12-11,2023-12-13,22.700000762939453,22.246000747680664,-2.0,1,Stop Loss,125
ROKU,2023-12-13,2023-12-15,103.9800033569336,101.90040328979492,-2.0,1,Stop Loss,125
LCID,2023-12-13,2023-12-15,46.0,51.279998779296875,11.478258215862772,1,Trailing Stop,120
TSLA,2023-12-13,2023-12-15,241.22000122070312,251.54800415039065,4.281569885342123,1,Trailing Stop,105
UBER,2023-12-14,2023-12-20,62.15999984741211,60.91679985046387,-2.0,3,Stop Loss,90
LULU,2023-12-15,2023-12-19,490.010009765625,505.46599121093755,3.1542174929661626,1,Trailing Stop,85
ARM,2023-12-19,2023-12-21,69.5,71.45999755859376,2.820140372077346,1,Trailing Stop,110
CFLT,2023-12-21,2023-12-26,24.5,24.009999999999998,-2.0,1,Stop Loss,150
PATH,2023-12-21,2023-12-26,25.260000228881836,25.795200729370116,2.118766807754582,1,Trailing Stop,130
FSLR,2023-12-21,2023-12-28,171.22999572753906,175.11000061035153,2.265960976245266,3,Trailing Stop,115
SMCI,2023-12-26,2023-12-28,29.799999237060547,29.203999252319335,-2.0,1,Stop Loss,175
SMCI,2024-01-02,2024-01-04,27.725000381469727,29.183400344848632,5.260234240983604,1,Trailing Stop,125
ENPH,2024-01-02,2024-01-04,126.81999969482422,124.28359970092774,-2.0,1,Stop Loss,115
PYPL,2024-01-02,2024-01-04,60.56000315683308,59.34880309369642,-2.0,1,Stop Loss,85
MU,2024-01-03,2024-01-05,82.84343907523571,81.186570293731,-2.0,1,Stop Loss,130
MRVL,2024-01-04,2024-01-08,58.17985686619815,62.87796959582607,8.0751534683776,1,Trailing Stop,150
SMCI,2024-01-04,2024-01-08,28.8799991607666,31.521599197387694,9.146814797036761,1,Trailing Stop,140
INTC,2024-01-04,2024-01-08,46.408458630710044,47.77416924332345,2.942805369772976,1,Trailing Stop,130
DXCM,2024-01-16,2024-01-18,123.0,127.0,3.2520325203252036,1,Trailing Stop,110
CRWD,2024-01-18,2024-01-22,285.0,298.6,4.771929824561411,1,Trailing Stop,105
SHOP,2024-01-19,2024-01-24,80.91000366210938,82.87000122070312,2.4224415645547914,2,Trailing Stop,120
PYPL,2024-01-26,2024-01-30,61.058848582575386,63.69275791958779,4.313722577736348,1,Trailing Stop,160
ARM,2024-01-29,2024-01-31,73.49800109863281,72.02804107666016,-2.0,1,Stop Loss,160
KLAC,2024-01-29,2024-01-31,584.7782623625862,573.0826971153346,-2.0,1,Stop Loss,130
LRCX,2024-01-29,2024-01-31,82.50641923767316,80.8562908529197,-2.0,1,Stop Loss,105
QCOM,2024-01-31,2024-02-05,135.1210769960145,138.0216617191918,2.1466560122688025,2,Trailing Stop,130
MU,2024-01-31,2024-02-06,85.42391518060617,83.71543687699405,-2.0,3,Stop Loss,95
AMD,2024-02-01,2024-02-05,173.7899932861328,178.7659942626953,2.8632264047388842,1,Trailing Stop,150
SNOW,2024-02-01,2024-02-05,208.63999938964844,218.26640319824216,4.613882207033466,1,Trailing Stop,120
PYPL,2024-02-01,2024-02-06,61.64748727840884,63.19590647493791,2.51173123980899,2,Trailing Stop,120
MRVL,2024-02-02,2024-02-06,67.25213706089028,65.90709431967247,-2.0,1,Stop Loss,115
RUN,2024-02-06,2024-02-08,15.359999656677246,15.67199993133545,2.0312518335413596,1,Trailing Stop,140
BILL,2024-02-06,2024-02-08,77.4800033569336,75.93040328979492,-2.0,1,Stop Loss,140
NET,2024-02-06,2024-02-08,81.9800033569336,89.26000213623047,8.880212833854632,1,Trailing Stop,125
AMD,2024-02-07,2024-02-09,170.3300018310547,174.14600524902343,2.2403589367384176,1,Trailing Stop,120
NFLX,2024-02-07,2024-02-13,56.05500030517578,54.93390029907226,-2.0,3,Stop Loss,100
LRCX,2024-02-07,2024-02-09,83.57662046165022,88.42799844377703,5.804707052438066,1,Trailing Stop,85
BILL,2024-02-08,2024-02-12,70.6500015258789,69.23700149536133,-2.0,1,Stop Loss,155
MRVL,2024-02-12,2024-02-14,67.32170004596898,68.7446402765775,2.113642747638425,1,Trailing Stop,130
UBER,2024-02-13,2024-02-15,74.5999984741211,80.41199798583985,7.790884223321999,1,Trailing Stop,95
CRWD,2024-02-13,2024-02-15,327.760009765625,336.314404296875,2.6099567599375826,1,Trailing Stop,85
ROKU,2024-02-14,2024-02-16,91.75,89.91499999999999,-2.0,1,Stop Loss,150
QCOM,2024-02-14,2024-02-20,148.67445404925797,144.46696699966398,-2.83,2,Stop Loss,105
LRCX,2024-02-14,2024-02-16,90.02634827975277,93.02726555161163,3.333376649393413,1,Trailing Stop,85
INTC,2024-02-20,2024-02-22,44.02081187474342,43.01713736399927,-2.28,1,Stop Loss,90
QCOM,2024-02-20,2024-02-22,143.71543047551742,148.07398666191418,3.0327684174033447,1,Trailing Stop,85
AMAT,2024-02-21,2024-02-26,195.1238798652765,199.61919745170937,2.303827491302786,2,Trailing Stop,115
ABNB,2024-02-21,2024-02-23,151.02000427246094,154.44400329589845,2.26724866015773,1,Trailing Stop,110
TSLA,2024-02-21,2024-02-26,194.0,200.2239990234375,3.2082469192976806,2,Trailing Stop,105
ENPH,2024-02-26,2024-02-28,121.73999786376953,119.30519790649414,-2.0,1,Stop Loss,175
PLTR,2024-02-26,2024-02-28,23.760000228881836,24.62400016784668,3.636363344452315,1,Trailing Stop,145
NET,2024-02-26,2024-02-28,100.55000305175781,98.53900299072265,-2.0,1,Stop Loss,115
ABNB,2024-02-27,2024-02-29,152.02999877929688,158.40599975585937,4.1939097729117165,1,Trailing Stop,95
AMAT,2024-02-29,2024-03-04,200.5265298511226,208.08426767074508,3.768946595362511,1,Trailing Stop,100
NVDA,2024-02-29,2024-03-04,79.95544705800646,86.10802424743417,7.6950069267502395,1,Trailing Stop,90
UBER,2024-02-29,2024-03-04,79.5,81.61199951171874,2.656603159394636,1,Trailing Stop,85
ENPH,2024-03-05,2024-03-07,127.31999969482422,130.4239974975586,2.4379498980320466,1,Trailing Stop,125
ABNB,2024-03-05,2024-03-07,160.10000610351562,164.32799682617187,2.640843573686411,1,Trailing Stop,85
INTC,2024-03-06,2024-03-08,45.07976813297767,44.08801323405216,-2.2,1,Stop Loss,100
MU,2024-03-06,2024-03-08,98.187394689769,100.5058642595714,2.361270076599746,1,Trailing Stop,85
AMAT,2024-03-06,2024-03-08,209.83591065651265,203.68771847427683,-2.93,1,Stop Loss,85
INTC,2024-03-11,2024-03-13,44.59482621316421,43.70292968890092,-2.0,1,Stop Loss,110
AMD,2024-03-12,2024-03-14,198.72999572753906,194.75539581298827,-2.0,1,Stop Loss,145
CRWD,2024-03-12,2024-03-15,329.7300109863281,320.4645976776123,-2.81,2,Stop Loss,115
AMAT,2024-03-12,2024-03-15,199.73925754680187,195.7444723958658,-2.0,2,Stop Loss,110
PLTR,2024-03-13,2024-03-15,24.829999923706055,24.333399925231934,-2.0,1,Stop Loss,145
FSLR,2024-03-13,2024-03-15,157.75,154.595,-2.0,1,Stop Loss,110
BILL,2024-03-13,2024-03-15,67.06999969482422,65.60787370147705,-2.18,1,Stop Loss,85
AMD,2024-03-15,2024-03-19,193.2899932861328,189.42419342041015,-2.0,1,Stop Loss,180
MU,2024-03-15,2024-03-19,96.0932470499314,94.17138210893278,-2.0,1,Stop Loss,150
BILL,2024-03-15,2024-03-19,64.9000015258789,67.64079742431642,4.223106061630241,1,Trailing Stop,135
CRWD,2024-03-18,2024-03-20,318.1499938964844,326.40599975585934,2.595004248864201,1,Trailing Stop,155
ABNB,2024-03-18,2024-03-20,161.49000549316406,164.89800109863282,2.11034459690635,1,Trailing Stop,95
META,2024-03-18,2024-03-20,485.29799633874035,501.2277228172583,3.2824628576044956,1,Trailing Stop,85
TSM,2024-03-20,2024-03-22,139.25461453860677,136.46952224783465,-2.0,1,Stop Loss,140
QCOM,2024-03-20,2024-03-25,164.6039440512514,161.31186517022638,-2.0,2,Stop Loss,110
PYPL,2024-03-25,2024-04-01,66.58606596679505,64.93473153081852,-2.48,3,Stop Loss,85
BA,2024-03-27,2024-04-02,192.0,187.46880000000002,-2.36,2,Stop Loss,120
BILL,2024-03-27,2024-04-01,67.01000213623047,65.66980209350587,-2.0,1,Stop Loss,85
COIN,2024-03-28,2024-04-02,261.8699951171875,256.5278472167969,-2.04,1,Stop Loss,125
NVDA,2024-03-28,2024-04-02,90.25295469319977,88.44789559933577,-2.0,1,Stop Loss,110
SHOP,2024-04-01,2024-04-03,76.61000061035156,78.75400085449219,2.7985905587513207,1,Trailing Stop,110
PYPL,2024-04-02,2024-04-04,64.33128345751112,65.83181332214617,2.3325041628092347,1,Trailing Stop,95
ENPH,2024-04-03,2024-04-05,120.58999633789062,117.62348242797852,-2.46,1,Stop Loss,130
RUN,2024-04-03,2024-04-05,12.59000015258789,12.313020149230956,-2.2,1,Stop Loss,115
MRVL,2024-04-05,2024-04-10,72.67760509170598,71.22405298987186,-2.0,2,Stop Loss,115
NET,2024-04-05,2024-04-10,96.5999984741211,94.66799850463867,-2.0,2,Stop Loss,110
AVGO,2024-04-05,2024-04-11,130.9694732891963,135.54339762772443,3.4923591151873774,3,Trailing Stop,105
RUN,2024-04-08,2024-04-10,11.880000114440918,12.207999992370606,2.7609417068185285,1,Trailing Stop,140
MRVL,2024-04-09,2024-04-11,71.74356055377969,70.15802786554116,-2.21,1,Stop Loss,100
GE,2024-04-10,2024-04-16,155.15631188957153,150.50162253288437,-3.0,3,Stop Loss,85
NET,2024-04-11,2024-04-15,94.94000244140625,93.04120239257813,-2.0,1,Stop Loss,115
KLAC,2024-04-11,2024-04-17,674.1541036500207,660.6710215770203,-2.0,3,Stop Loss,95
TSLA,2024-04-11,2024-04-15,172.33999633789062,168.8931964111328,-2.0,1,Stop Loss,90
AMAT,2024-04-16,2024-04-18,202.8095762325345,198.7533847078838,-2.0,1,Stop Loss,90
DDOG,2024-04-16,2024-04-18,127.22799682617188,124.68343688964843,-2.0,1,Stop Loss,85
FSLR,2024-04-17,2024-04-19,178.47999572753906,174.91039581298827,-2.0,1,Stop Loss,145
DDOG,2024-04-18,2024-04-22,124.83000183105469,122.3334017944336,-2.0,1,Stop Loss,115
GE,2024-04-22,2024-04-24,156.18437322433655,159.7547401292555,2.2859949630112055,1,Trailing Stop,120
BILL,2024-04-26,2024-05-01,62.939998626708984,64.4599967956543,2.4149955546714934,2,Trailing Stop,115
FSLR,2024-04-26,2024-04-30,180.14999389648438,176.54699401855467,-2.0,1,Stop Loss,110
PLTR,2024-05-01,2024-05-03,22.600000381469727,23.431999588012697,3.6814123561924657,1,Trailing Stop,130
DDOG,2024-05-01,2024-05-03,127.66000366210938,125.10680358886718,-2.0,1,Stop Loss,125
BILL,2024-05-01,2024-05-03,63.630001068115234,62.357401046752926,-2.0,1,Stop Loss,95
NVDA,2024-05-02,2024-05-06,87.7442309865165,91.28722298174495,4.0378631796008255,1,Trailing Stop,125
ADI,2024-05-02,2024-05-07,193.4518675409695,198.68469846990243,2.7049782436578056,2,Trailing Stop,110
KLAC,2024-05-02,2024-05-06,684.5554503045712,703.2305337906481,2.7280600100062062,1,Trailing Stop,95
S,2024-05-06,2024-05-08,21.5,21.06355,-2.03,1,Stop Loss,100
LCID,2024-05-08,2024-05-10,27.0,26.46,-2.0,1,Stop Loss,125
NVDA,2024-05-08,2024-05-13,90.48283300975697,88.65507978295989,-2.02,2,Stop Loss,85
TSM,2024-05-08,2024-05-10,139.6356160562191,145.54380258334552,4.2311458165141085,1,Trailing Stop,85
S,2024-05-09,2024-05-14,21.3799991607666,21.931999588012694,2.5818542980069035,2,Trailing Stop,120
FSLR,2024-05-09,2024-05-13,197.0,192.4296,-2.32,1,Stop Loss,95
AVGO,2024-05-10,2024-05-14,132.37871030716437,135.0490486320331,2.0171962082668955,1,Trailing Stop,85
MU,2024-05-10,2024-05-15,122.12501587520583,126.11471165758512,3.266894791200011,2,Trailing Stop,85
TSLA,2024-05-13,2024-05-15,174.5,178.9,2.5214899713467083,1,Trailing Stop,165
ENPH,2024-05-13,2024-05-15,114.54000091552734,120.2040023803711,4.944998620194636,1,Trailing Stop,155
RUN,2024-05-13,2024-05-15,12.520000457763672,12.269600448608399,-2.0,1,Stop Loss,155
META,2024-05-14,2024-05-21,472.1855971099574,462.74188516775826,-2.0,4,Stop Loss,115
TSLA,2024-05-16,2024-05-21,173.5500030517578,184.21400451660156,6.144627644669891,2,Trailing Stop,105
BA,2024-05-16,2024-05-20,183.25,187.55400390625,2.3487060879945365,1,Trailing Stop,85
ROKU,2024-05-17,2024-05-21,61.18000030517578,59.956400299072264,-2.0,1,Stop Loss,85
PATH,2024-05-17,2024-05-21,20.3700008392334,19.96260082244873,-2.0,1,Stop Loss,85
CHWY,2024-05-20,2024-05-22,16.110000610351562,16.98999938964844,5.462437901656123,1,Trailing Stop,115
SMCI,2024-05-20,2024-05-22,88.9000015258789,90.71200103759766,2.0382446351154195,1,Trailing Stop,105
LCID,2024-05-20,2024-05-22,28.5,27.93,-2.0,1,Stop Loss,100
RUN,2024-05-21,2024-05-23,11.8100004196167,12.738000297546387,7.8577463586559855,1,Trailing Stop,140
CFLT,2024-05-22,2024-05-24,32.25,31.605,-2.0,1,Stop Loss,90
RIVN,2024-05-24,2024-05-29,10.4399995803833,10.213451589488983,-2.17,1,Stop Loss,150
TSLA,2024-05-24,2024-05-30,176.39999389648438,181.41599731445314,2.843539450977685,2,Trailing Stop,135
SMCI,2024-05-24,2024-05-29,89.9000015258789,88.10200149536132,-2.0,1,Stop Loss,120
MRVL,2024-05-30,2024-06-03,75.8714366260065,74.35400789348637,-2.0,1,Stop Loss,110
AMD,2024-05-30,2024-06-03,166.64999389648438,163.31699401855468,-2.0,1,Stop Loss,95
AMD,2024-06-05,2024-06-10,165.4600067138672,162.15080657958984,-2.0,2,Stop Loss,105
MU,2024-06-07,2024-06-11,128.86062555738968,133.74046330995924,3.786911425784023,1,Trailing Stop,95
RUN,2024-06-10,2024-06-12,13.989999771118164,16.02200050354004,14.52466594471906,1,Trailing Stop,140
COIN,2024-06-10,2024-06-12,242.92999267578125,259.1940063476562,6.694938526417865,1,Trailing Stop,115
ENPH,2024-06-10,2024-06-12,129.38999938964844,139.1820037841797,7.567821656017914,1,Trailing Stop,115
TSLA,2024-06-12,2024-06-14,188.38999938964844,184.30193640289306,-2.17,1,Stop Loss,120
NOW,2024-06-14,2024-06-20,144.6840057373047,147.69839782714843,2.08343145773612,2,Trailing Stop,115
PLTR,2024-06-14,2024-06-18,23.469999313354492,25.51399955749512,8.708991495272796,1,Trailing Stop,95
COIN,2024-06-17,2024-06-20,238.25,233.48499999999999,-2.0,1,Stop Loss,105
DDOG,2024-06-17,2024-06-24,117.0,119.58400268554686,2.2085493038862083,3,Trailing Stop,90
UBER,2024-06-17,2024-06-25,70.5999984741211,72.47200164794921,2.6515626264699064,4,Trailing Stop,85
MRVL,2024-06-18,2024-06-21,72.72877581113703,71.25238166217095,-2.03,1,Stop Loss,130
TSLA,2024-06-21,2024-06-26,184.97000122070312,195.20199584960938,5.531704904244231,2,Trailing Stop,95
TSM,2024-06-21,2024-06-27,167.0153477437282,170.97440483892362,2.370475018421827,3,Trailing Stop,85
PLTR,2024-06-24,2024-06-27,24.15999984741211,25.151999664306643,4.105959532945906,2,Trailing Stop,120
AMAT,2024-06-25,2024-06-28,231.68102407197716,236.64195956259925,2.141278298683996,2,Trailing Stop,135
KLAC,2024-06-25,2024-06-28,803.7733481807381,825.1156921569556,2.6552689292975087,2,Trailing Stop,135
TSM,2024-06-25,2024-06-28,168.67148382080708,172.35616844089637,2.184533233847527,2,Trailing Stop,130
CRWD,2024-06-27,2024-07-01,389.3299865722656,381.5433868408203,-2.0,1,Stop Loss,95
AAPL,2024-07-01,2024-07-05,214.4911227279333,222.66788608843083,3.812168660643913,2,Trailing Stop,85
ARM,2024-07-02,2024-07-05,162.4199981689453,178.60399475097657,9.964288119986959,1,Trailing Stop,115
CFLT,2024-07-02,2024-07-05,29.079999923706055,28.44023992538452,-2.2,1,Stop Loss,105
SHOP,2024-07-02,2024-07-05,66.26000213623047,67.6863998413086,2.152728130230752,1,Trailing Stop,95
CRWD,2024-07-03,2024-07-08,387.8699951171875,380.11259521484374,-2.0,1,Stop Loss,105
S,2024-07-05,2024-07-09,20.219999313354492,19.8155993270874,-2.0,1,Stop Loss,110
CFLT,2024-07-05,2024-07-09,29.100000381469727,28.398690372276306,-2.41,1,Stop Loss,110
NVDA,2024-07-08,2024-07-10,130.29424856790877,134.0926225842602,2.915227692780112,1,Trailing Stop,130
GE,2024-07-08,2024-07-12,162.27025130371263,158.99239222737762,-2.02,3,Stop Loss,85
ROKU,2024-07-09,2024-07-11,63.470001220703125,61.527819183349614,-3.06,1,Stop Loss,95
SNOW,2024-07-10,2024-07-12,139.0,136.22,-2.0,1,Stop Loss,110
S,2024-07-10,2024-07-15,20.3799991607666,21.543999099731444,5.711481780655078,2,Trailing Stop,110
MRVL,2024-07-10,2024-07-12,74.83713731969372,72.84646946698987,-2.66,1,Stop Loss,85
ARM,2024-07-12,2024-07-16,182.11000061035156,178.15821359710694,-2.17,1,Stop Loss,130
NVDA,2024-07-12,2024-07-16,130.50415923151834,127.89407604688797,-2.0,1,Stop Loss,120
LRCX,2024-07-12,2024-07-17,105.36612274280218,103.25880028794613,-2.0,2,Stop Loss,120
ARM,2024-07-16,2024-07-18,169.97999572753906,166.5803958129883,-2.0,1,Stop Loss,105
SNOW,2024-07-16,2024-07-18,134.0,131.32,-2.0,1,Stop Loss,100
BA,2024-07-16,2024-07-18,185.32000732421875,180.79819914550782,-2.44,1,Stop Loss,90
PLTR,2024-07-18,2024-07-22,28.309999465942383,27.743799476623536,-2.0,1,Stop Loss,110
BILL,2024-07-19,2024-07-24,54.0099983215332,52.92979835510254,-2.0,2,Stop Loss,105
INTC,2024-07-22,2024-07-24,32.75223342263411,32.09718875418143,-2.0,1,Stop Loss,160
LCID,2024-07-25,2024-07-29,35.400001525878906,34.692001495361325,-2.0,1,Stop Loss,165
RIVN,2024-07-25,2024-07-31,16.31999969482422,16.90399932861328,3.5784291955242757,3,Trailing Stop,150
GE,2024-07-25,2024-07-29,165.78631971049904,170.13194264376193,2.6212192543096093,1,Trailing Stop,130
LCID,2024-07-29,2024-07-31,34.599998474121094,36.51999969482422,5.549136720740562,1,Trailing Stop,155
RUN,2024-07-30,2024-08-01,16.93000030517578,18.594000244140627,9.828705900590762,1,Trailing Stop,155
MS,2024-07-30,2024-08-02,98.94027170103799,96.96146626701723,-2.0,2,Stop Loss,85
ENPH,2024-07-31,2024-08-02,115.7699966430664,113.01467072296143,-2.38,1,Stop Loss,130
SBUX,2024-08-02,2024-08-06,70.61290333223633,72.24985063364662,2.3181985503533116,1,Trailing Stop,105
PYPL,2024-08-06,2024-08-09,63.1989029444425,64.91892612500907,2.7216029083267763,2,Trailing Stop,120
NOW,2024-08-06,2024-08-08,161.1280059814453,157.9054458618164,-2.0,1,Stop Loss,115
META,2024-08-06,2024-08-09,500.6666011821778,512.7749839802872,2.4184522733329805,2,Trailing Stop,110
PYPL,2024-08-13,2024-08-15,64.90994630862731,67.35229922238491,3.76267899243815,1,Trailing Stop,95
LRCX,2024-08-19,2024-08-22,86.73484833384485,84.1328028838295,-3.0,2,Stop Loss,115
KLAC,2024-08-19,2024-08-22,810.0199444975916,789.3644359129031,-2.55,2,Stop Loss,90
FSLR,2024-08-19,2024-08-21,227.02000427246094,222.29798818359373,-2.08,1,Stop Loss,90
SMCI,2024-08-21,2024-08-23,62.9370002746582,61.25028866729736,-2.68,1,Stop Loss,135
FSLR,2024-08-21,2024-08-23,222.0,229.42399902343752,3.3441437042511337,1,Trailing Stop,115
CFLT,2024-08-21,2024-08-23,22.0,21.4786,-2.37,1,Stop Loss,110
SMCI,2024-08-23,2024-08-27,61.0,59.78,-2.0,1,Stop Loss,140
TSLA,2024-08-23,2024-08-27,218.75,213.696875,-2.31,1,Stop Loss,120
AMAT,2024-08-23,2024-08-27,198.21502978239786,194.2507291867499,-2.0,1,Stop Loss,115
BILL,2024-08-26,2024-08-28,51.369998931884766,53.20120010375977,3.564728849426539,1,Trailing Stop,140
CHWY,2024-08-27,2024-08-29,26.25,29.033999633789062,10.605712890624998,1,Trailing Stop,150
AVGO,2024-08-27,2024-08-29,157.7037910925091,154.54971527065894,-2.0,1,Stop Loss,135
PLTR,2024-08-27,2024-08-29,30.6200008392334,31.579999923706055,3.1352026719823263,1,Trailing Stop,125
RIVN,2024-08-29,2024-09-03,14.199999809265137,13.915999813079834,-2.0,1,Stop Loss,125
PLTR,2024-08-29,2024-09-03,31.049999237060547,30.428999252319336,-2.0,1,Stop Loss,120
CFLT,2024-08-29,2024-09-03,21.1200008392334,20.69760082244873,-2.0,1,Stop Loss,120
RUN,2024-08-30,2024-09-04,20.270000457763672,19.8646004486084,-2.0,1,Stop Loss,145
NVDA,2024-08-30,2024-09-04,115.96036355880885,113.64115628763267,-2.0,1,Stop Loss,135
FSLR,2024-08-30,2024-09-04,226.64999389648438,222.1169940185547,-2.0,1,Stop Loss,125
RUN,2024-09-04,2024-09-06,19.6299991607666,19.237399177551268,-2.0,1,Stop Loss,175
LCID,2024-09-04,2024-09-06,38.599998474121094,37.82799850463867,-2.0,1,Stop Loss,160
MRVL,2024-09-04,2024-09-06,69.39516308502841,68.00725982332784,-2.0,1,Stop Loss,135
ROKU,2024-09-09,2024-09-11,66.06999969482422,69.37399749755859,5.000753470554655,1,Trailing Stop,150
AXP,2024-09-11,2024-09-16,250.24003082804967,257.0847860426978,2.7352758837179887,2,Trailing Stop,90
ADI,2024-09-13,2024-09-17,217.85953097133347,223.07115639687615,2.39219528395498,1,Trailing Stop,115
FSLR,2024-09-16,2024-09-18,233.36000061035156,248.00799865722658,6.276996061262972,1,Trailing Stop,110
ARM,2024-09-18,2024-09-20,144.99000549316406,142.09020538330077,-2.0,1,Stop Loss,120
CHWY,2024-09-23,2024-09-25,30.149999618530273,29.546999626159668,-2.0,1,Stop Loss,150
ENPH,2024-09-23,2024-09-25,117.5,115.14999999999999,-2.0,1,Stop Loss,120
ARM,2024-09-23,2024-09-25,142.27999877929688,148.2480041503906,4.194549776705608,1,Trailing Stop,95
ROKU,2024-09-24,2024-09-26,75.9000015258789,74.2757414932251,-2.14,1,Stop Loss,100
QCOM,2024-09-24,2024-09-26,161.79300304891538,169.16455074201826,4.556159756101579,1,Trailing Stop,85
ORCL,2024-09-24,2024-10-07,165.22923258278107,168.88676907043015,2.213613432972056,8,Trailing Stop,85
PLTR,2024-09-25,2024-09-30,37.2599983215332,36.51479835510254,-2.0,2,Stop Loss,100
SHOP,2024-09-26,2024-09-30,80.81999969482422,78.7105977027893,-2.61,1,Stop Loss,85
CRWD,2024-09-27,2024-10-01,284.0,278.32,-2.0,1,Stop Loss,125
MRVL,2024-09-30,2024-10-02,71.69440175961272,70.26051372442046,-2.0,1,Stop Loss,115
AVGO,2024-09-30,2024-10-02,170.16231456579885,166.75906827448287,-2.0,1,Stop Loss,105
SHOP,2024-09-30,2024-10-02,80.0,78.4,-2.0,1,Stop Loss,95
NVDA,2024-10-02,2024-10-04,120.87860561160097,124.17347878608221,2.7257703361239165,1,Trailing Stop,165
CRWD,2024-10-02,2024-10-04,279.0,289.847998046875,3.8881713429659417,1,Trailing Stop,120
MRVL,2024-10-02,2024-10-04,70.69906550216146,73.26306775570339,3.626642354223962,1,Trailing Stop,115
INTC,2024-10-03,2024-10-07,22.700000762939453,22.246000747680664,-2.0,1,Stop Loss,130
PATH,2024-10-04,2024-10-08,12.479999542236328,12.230399551391601,-2.0,1,Stop Loss,140
TSLA,2024-10-08,2024-10-10,243.82000732421875,238.94360717773438,-2.0,1,Stop Loss,160
NET,2024-10-08,2024-10-10,81.94000244140625,91.34000244140626,11.471808298665561,1,Trailing Stop,105
AMD,2024-10-11,2024-10-15,167.77000427246094,164.41460418701172,-2.0,1,Stop Loss,125
SMCI,2024-10-11,2024-10-15,48.18000030517578,46.27207229309082,-3.96,1,Stop Loss,95
INTC,2024-10-11,2024-10-15,23.579999923706055,23.035301925468445,-2.31,1,Stop Loss,85
ROKU,2024-10-15,2024-10-17,79.01000213623047,77.01104908218385,-2.53,1,Stop Loss,85
NVDA,2024-10-16,2024-10-21,139.2923118529861,142.787112272941,2.508968638300309,2,Trailing Stop,105
S,2024-10-16,2024-10-21,26.5,27.1,2.2641509433962317,2,Trailing Stop,100
CRWD,2024-10-16,2024-10-23,310.0,303.8,-2.0,4,Stop Loss,95
SNOW,2024-10-17,2024-10-22,120.0,117.6,-2.0,2,Stop Loss,130
ZS,2024-10-18,2024-10-23,188.55999755859375,184.78879760742188,-2.0,2,Stop Loss,125
LULU,2024-10-18,2024-10-22,291.42999267578125,301.87799072265625,3.5850798852053987,1,Trailing Stop,105
NET,2024-10-18,2024-10-22,90.16000366210938,88.35680358886718,-2.0,1,Stop Loss,85
ARM,2024-10-21,2024-10-23,150.4600067138672,147.45080657958985,-2.0,1,Stop Loss,125
ROKU,2024-10-22,2024-10-24,76.33000183105469,74.8034017944336,-2.0,1,Stop Loss,105
QCOM,2024-10-22,2024-10-24,164.77043829678834,161.47502953085257,-2.0,1,Stop Loss,90
TSM,2024-10-23,2024-10-25,195.69340070179263,200.60342928269114,2.509041471654253,1,Trailing Stop,95
MU,2024-10-24,2024-10-29,107.84598547787697,105.68906576831942,-2.0,2,Stop Loss,135
CRWD,2024-10-24,2024-10-28,305.2200012207031,299.11560119628905,-2.0,1,Stop Loss,120
ZS,2024-10-24,2024-10-29,185.3800048828125,189.42800292968752,2.1836217176895394,2,Trailing Stop,120
TSM,2024-10-25,2024-10-29,195.9884633459766,191.0299552233234,-2.53,1,Stop Loss,85
CRWD,2024-10-28,2024-10-30,303.239990234375,313.02880859375,3.2280763338005634,1,Trailing Stop,95
TSM,2024-10-29,2024-10-31,191.18857712430793,187.36480558182177,-2.0,1,Stop Loss,130
MU,2024-10-29,2024-10-31,105.77546744257937,103.65995809372778,-2.0,1,Stop Loss,85
RIVN,2024-10-30,2024-11-01,10.380000114440918,10.172400112152099,-2.0,1,Stop Loss,90
S,2024-11-01,2024-11-05,25.899999618530273,25.38199962615967,-2.0,1,Stop Loss,130
TSLA,2024-11-05,2024-11-07,284.6700134277344,296.73400268554684,4.237885512614767,1,Trailing Stop,140
CRWD,2024-11-05,2024-11-07,317.1700134277344,330.01000366210934,4.048298921959876,1,Trailing Stop,100
NET,2024-11-11,2024-11-13,92.88999938964844,97.91399841308593,5.4085467288714035,1,Trailing Stop,120
ABNB,2024-11-11,2024-11-13,135.64999389648438,132.93699401855469,-2.0,1,Stop Loss,120
SNOW,2024-11-11,2024-11-13,123.0,132.2719970703125,7.538209000254061,1,Trailing Stop,85
MRVL,2024-11-12,2024-11-15,91.09926829220188,89.15885387757798,-2.13,2,Stop Loss,95
NVDA,2024-11-12,2024-11-15,149.01895377365864,145.26367613856243,-2.52,2,Stop Loss,85
INTC,2024-11-13,2024-11-15,25.1200008392334,24.61760082244873,-2.0,1,Stop Loss,125
NET,2024-11-13,2024-11-15,94.45999908447266,91.84345710983277,-2.77,1,Stop Loss,115
PATH,2024-11-13,2024-11-15,13.579999923706055,13.307041925239563,-2.01,1,Stop Loss,110
MRVL,2024-11-14,2024-11-21,88.79813763560759,92.26478822522354,3.9039676753601684,4,Trailing Stop,110
MRVL,2024-11-18,2024-11-20,87.37361432976242,89.166713421204,2.052220347294006,1,Trailing Stop,145
TXN,2024-11-18,2024-11-20,198.12238586002974,194.15993814282913,-2.0,1,Stop Loss,140
INTC,2024-11-18,2024-11-20,24.5,24.009999999999998,-2.0,1,Stop Loss,125
NVDA,2024-11-19,2024-11-21,147.35954130772643,143.42504155481015,-2.67,1,Stop Loss,100
ZS,2024-11-21,2024-11-25,210.0,215.04000244140622,2.4000011625743887,1,Trailing Stop,115
CRWD,2024-11-26,2024-11-29,359.2200012207031,352.03560119628906,-2.0,1,Stop Loss,95
BA,2024-11-27,2024-12-02,153.0,158.8800048828125,3.84314044628268,1,Trailing Stop,85
MRVL,2024-11-29,2024-12-03,96.99657924809992,95.05664766313792,-2.0,1,Stop Loss,140
NET,2024-11-29,2024-12-03,106.02999877929688,103.90939880371094,-2.0,1,Stop Loss,125
ZS,2024-11-29,2024-12-03,207.5500030517578,203.39900299072266,-2.0,1,Stop Loss,110
COIN,2024-12-02,2024-12-04,296.7799987792969,324.95599975585935,9.493901574383324,1,Trailing Stop,170
ABNB,2024-12-02,2024-12-13,136.97000122070312,134.23060119628906,-2.0,8,Stop Loss,95
S,2024-12-03,2024-12-05,28.260000228881836,27.6948002243042,-2.0,1,Stop Loss,115
RIVN,2024-12-03,2024-12-05,11.829999923706055,12.646000289916993,6.897720807045488,1,Trailing Stop,100
ZS,2024-12-04,2024-12-06,205.6300048828125,213.23880615234376,3.7002388215997337,1,Trailing Stop,155
ENPH,2024-12-04,2024-12-06,73.37999725341797,71.91239730834961,-2.0,1,Stop Loss,100
LRCX,2024-12-06,2024-12-10,75.54406987993252,74.03318848233387,-2.0,1,Stop Loss,105
ARM,2024-12-06,2024-12-10,140.14999389648438,137.30494902038575,-2.03,1,Stop Loss,95
KLAC,2024-12-06,2024-12-10,653.4249273237127,640.3564287772384,-2.0,1,Stop Loss,95
FSLR,2024-12-09,2024-12-11,200.4600067138672,205.09200134277344,2.3106826667515166,1,Trailing Stop,120
DXCM,2024-12-09,2024-12-11,78.79000091552734,80.6540023803711,2.365784291387677,1,Trailing Stop,110
BA,2024-12-09,2024-12-11,160.0,167.44000244140625,4.650001525878906,1,Trailing Stop,90
DDOG,2024-12-11,2024-12-13,155.82000732421875,152.70360717773437,-2.0,1,Stop Loss,160
MU,2024-12-11,2024-12-16,100.93762460057363,108.68612512168785,7.676523547860654,2,Trailing Stop,110
TSM,2024-12-11,2024-12-13,192.0423883935221,198.2862546866138,3.2512958963503125,1,Trailing Stop,110
LRCX,2024-12-13,2024-12-17,75.57785469288336,77.53591876845285,2.5907907594443254,1,Trailing Stop,105
ENPH,2024-12-13,2024-12-17,72.95999908447266,71.5007991027832,-2.0,1,Stop Loss,90
FSLR,2024-12-13,2024-12-17,197.63999938964844,193.68719940185545,-2.0,1,Stop Loss,90
DDOG,2024-12-16,2024-12-18,156.36000061035156,153.23280059814454,-2.0,1,Stop Loss,155
CFLT,2024-12-16,2024-12-18,31.420000076293945,30.791600074768066,-2.0,1,Stop Loss,140
SNOW,2024-12-16,2024-12-18,171.0,167.57999999999998,-2.0,1,Stop Loss,125
ENPH,2024-12-17,2024-12-19,72.95999908447266,71.5007991027832,-2.0,1,Stop Loss,125
DXCM,2024-12-17,2024-12-19,77.26000213623047,75.71480209350585,-2.0,1,Stop Loss,110
AMZN,2024-12-19,2024-12-23,219.83999633789062,225.47200317382814,2.5618663253984097,1,Trailing Stop,95
ROKU,2024-12-24,2024-12-27,79.08000183105469,77.49840179443359,-2.0,1,Stop Loss,160
CHWY,2024-12-27,2024-12-31,33.5099983215332,34.2620002746582,2.244112177832508,1,Trailing Stop,85
RIVN,2024-12-30,2025-01-02,13.725000381469727,13.450500373840331,-2.0,1,Stop Loss,145
NVDA,2024-12-30,2025-01-02,137.99226367763055,135.23241840407795,-2.0,1,Stop Loss,100
GOOGL,2024-12-30,2025-01-06,190.33457825065463,196.02428685488985,2.989319469183552,3,Trailing Stop,85
CHWY,2025-01-02,2025-01-06,34.79999923706055,37.248000335693355,7.034486069832408,1,Trailing Stop,130
NVDA,2025-01-02,2025-01-06,139.9717090810043,149.68905707845363,6.942365754658124,1,Trailing Stop,120
MRVL,2025-01-02,2025-01-06,114.66853511546259,121.2830671813816,5.768393273061935,1,Trailing Stop,120
CHWY,2025-01-08,2025-01-13,35.72999954223633,36.691599273681646,2.6912951126926656,1,Trailing Stop,110
MRVL,2025-01-08,2025-01-13,115.7732623470562,113.23782790165566,-2.19,1,Stop Loss,105
LCID,2025-01-10,2025-01-14,30.0,31.280000305175783,4.266667683919276,1,Trailing Stop,150
MU,2025-01-10,2025-01-15,95.52693209086259,101.97778730504939,6.752917813848483,2,Trailing Stop,120
TSM,2025-01-10,2025-01-14,197.85406337408,202.38500958036465,2.2900445555763262,1,Trailing Stop,110
MRVL,2025-01-13,2025-01-16,116.35132568888689,119.64433311337804,2.8302276789663408,2,Trailing Stop,130
ARM,2025-01-14,2025-01-16,143.0,148.60799560546874,3.921675248579541,1,Trailing Stop,150
PATH,2025-01-14,2025-01-16,13.65999984741211,13.385433850479126,-2.01,1,Stop Loss,115
PATH,2025-01-21,2025-01-23,13.300000190734863,13.708000373840333,3.0676705056718245,1,Trailing Stop,100
CRWD,2025-01-21,2025-01-24,368.760009765625,381.1919921875,3.371293549367364,2,Trailing Stop,95
ARM,2025-01-28,2025-01-30,150.66000366210938,154.03600463867187,2.240807709081153,1,Trailing Stop,165
COIN,2025-01-28,2025-01-30,281.82000732421875,301.16400146484375,6.863953458907826,1,Trailing Stop,165
KLAC,2025-01-28,2025-01-30,714.9688650252724,734.8231685202794,2.776946586940566,1,Trailing Stop,150
PYPL,2025-01-29,2025-02-03,89.3035593967793,87.51748820884372,-2.0,2,Stop Loss,100
ARM,2025-01-30,2025-02-03,154.0,158.28800048828126,2.784415901481335,1,Trailing Stop,155
ORCL,2025-01-30,2025-02-03,168.70054471840706,164.65173164516528,-2.4,1,Stop Loss,145
PATH,2025-01-30,2025-02-03,14.90999984741211,14.537249851226806,-2.5,1,Stop Loss,115
PYPL,2025-02-03,2025-02-05,82.07027454854592,80.428869057575,-2.0,1,Stop Loss,95
PATH,2025-02-03,2025-02-05,14.390000343322754,14.79799976348877,2.8352981961903554,1,Trailing Stop,95
BA,2025-02-03,2025-02-05,176.89999389648438,180.86799926757814,2.2430782973433585,1,Trailing Stop,90
CFLT,2025-02-04,2025-02-06,28.969999313354492,29.91399955749512,3.2585442406464487,1,Trailing Stop,145
ROKU,2025-02-04,2025-02-07,80.12000274658203,84.1760025024414,5.062405912152077,2,Trailing Stop,135
CHWY,2025-02-04,2025-02-07,38.25,37.485,-2.0,2,Stop Loss,110
AMAT,2025-02-10,2025-02-14,179.99820440005053,176.14624282588946,-2.14,3,Stop Loss,125
AMZN,2025-02-10,2025-02-14,231.9199981689453,227.2815982055664,-2.0,3,Stop Loss,110
KLAC,2025-02-10,2025-02-12,748.1552206139763,733.1921162016968,-2.0,1,Stop Loss,105
PATH,2025-02-12,2025-02-14,14.25,15.09000015258789,5.894737912897479,1,Trailing Stop,155
ROKU,2025-02-12,2025-02-14,81.76000213623047,100.31999969482422,22.700583504962047,1,Trailing Stop,110
SNOW,2025-02-12,2025-02-14,186.9600067138672,191.79200134277343,2.584507089958211,1,Trailing Stop,100
AMAT,2025-02-13,2025-02-18,173.1071573943639,169.64501424647662,-2.0,1,Stop Loss,130
ORCL,2025-02-13,2025-02-18,172.5019963640346,178.82989001530868,3.6683016919527085,1,Trailing Stop,130
LRCX,2025-02-13,2025-02-18,81.8999553346026,85.19774878885475,4.026612030225181,1,Trailing Stop,95
KLAC,2025-02-18,2025-02-20,754.6794548585419,780.7526381651493,3.4548685721800307,1,Trailing Stop,90
AVGO,2025-02-19,2025-02-21,226.60232569783003,222.07027918387342,-2.0,1,Stop Loss,105
ROKU,2025-02-24,2025-02-26,91.41500091552734,89.5867008972168,-2.0,1,Stop Loss,175
ENPH,2025-02-24,2025-02-26,65.95999908447266,64.6407991027832,-2.0,1,Stop Loss,105
DE,2025-02-25,2025-02-27,483.38693531047517,473.7191966042657,-2.0,1,Stop Loss,90
INTC,2025-02-26,2025-02-28,23.700000762939453,23.226000747680665,-2.0,1,Stop Loss,175
ABNB,2025-02-26,2025-02-28,144.6300048828125,141.73740478515626,-2.0,1,Stop Loss,160
UBER,2025-02-26,2025-02-28,75.94999694824219,74.43099700927735,-2.0,1,Stop Loss,150
INTC,2025-02-28,2025-03-04,25.0,24.5,-2.0,1,Stop Loss,155
ADI,2025-02-28,2025-03-04,228.07866923719345,223.5170958524496,-2.0,1,Stop Loss,135
UBER,2025-02-28,2025-03-04,77.05999755859375,75.51879760742187,-2.0,1,Stop Loss,135
NKE,2025-03-05,2025-03-07,75.35814214796378,77.13359321186329,2.356017562658933,1,Trailing Stop,105
ADI,2025-03-07,2025-03-11,217.58978834579906,213.23799257888308,-2.0,1,Stop Loss,120
KLAC,2025-03-19,2025-03-24,704.4003593326197,725.3250425705991,2.970566803487202,2,Trailing Stop,90
QCOM,2025-03-19,2025-03-21,155.37392477218808,152.26644627674432,-2.0,1,Stop Loss,85
INTC,2025-03-20,2025-03-24,23.600000381469727,24.711999893188473,4.711862261628892,1,Trailing Stop,110
MU,2025-03-24,2025-03-26,95.86581941462131,93.94850302632888,-2.0,1,Stop Loss,180
INTC,2025-03-27,2025-03-31,23.350000381469727,22.883000373840332,-2.0,1,Stop Loss,150
ENPH,2025-03-27,2025-03-31,60.7400016784668,59.52520164489746,-2.0,1,Stop Loss,150
TSLA,2025-03-27,2025-03-31,275.5799865722656,268.938508895874,-2.41,1,Stop Loss,115
LCID,2025-03-31,2025-04-02,24.399999618530273,23.814399627685546,-2.4,1,Stop Loss,120
RIVN,2025-03-31,2025-04-02,12.46500015258789,12.215700149536133,-2.0,1,Stop Loss,110
AAPL,2025-03-31,2025-04-03,218.85611373602535,214.47899146130484,-2.0,2,Stop Loss,90
TSLA,2025-04-01,2025-04-03,254.60000610351562,271.9599914550781,6.818532967553918,1,Trailing Stop,145
CRWD,2025-04-01,2025-04-03,353.1600036621094,346.0968035888672,-2.0,1,Stop Loss,130
BA,2025-04-02,2025-04-04,160.0,156.8,-2.0,1,Stop Loss,110
FSLR,2025-04-09,2025-04-11,125.0,122.0,-2.4,1,Stop Loss,145
FSLR,2025-04-17,2025-04-22,126.45999908447266,138.46000518798826,9.489171430010723,1,Trailing Stop,105
MCD,2025-04-17,2025-04-22,305.66606561378126,312.74258695860885,2.315115134098335,1,Trailing Stop,85
CRWD,2025-04-22,2025-04-24,382.5,408.37919921875,6.765803717320258,1,Trailing Stop,115
UBER,2025-04-22,2025-04-24,76.92500305175781,75.35573298950196,-2.04,1,Stop Loss,115
JPM,2025-04-22,2025-04-28,236.84324673802962,242.06479351864402,2.204642459740435,3,Trailing Stop,115
INTC,2025-04-28,2025-04-30,20.309999465942383,19.903799476623536,-2.0,1,Stop Loss,125
LULU,2025-04-28,2025-04-30,267.9599914550781,262.60079162597657,-2.0,1,Stop Loss,90
MU,2025-04-30,2025-05-02,79.24367803770987,81.05610164080815,2.2871522977969287,1,Trailing Stop,120
TXN,2025-04-30,2025-05-02,157.24669716298547,161.5562240032167,2.740615172199403,1,Trailing Stop,105
NKE,2025-05-01,2025-05-08,56.827936947410606,58.807633834460844,3.4836684092232284,4,Trailing Stop,120
LCID,2025-05-01,2025-05-05,25.649999618530273,25.136999626159668,-2.0,1,Stop Loss,105
TSLA,2025-05-01,2025-05-05,284.8999938964844,279.2019940185547,-2.0,1,Stop Loss,100
QCOM,2025-05-02,2025-05-07,136.00135425301326,141.03624867362288,3.70209138597461,2,Trailing Stop,145
CHWY,2025-05-02,2025-05-06,36.439998626708984,38.071999359130864,4.478597129325059,1,Trailing Stop,105
RIVN,2025-05-06,2025-05-08,13.449999809265137,13.180999813079834,-2.0,1,Stop Loss,90
AMZN,2025-05-06,2025-05-08,185.55999755859375,192.57600097656248,3.7809891734630523,1,Trailing Stop,85
PLTR,2025-05-07,2025-05-09,112.27999877929688,117.78400268554687,4.902034170011824,1,Trailing Stop,175
KLAC,2025-05-07,2025-05-12,698.9346327258701,746.2218858874519,6.765618835792961,2,Trailing Stop,110
SHOP,2025-05-07,2025-05-09,89.68499755859375,93.86500244140625,4.660762665552376,1,Trailing Stop,105
RIVN,2025-05-08,2025-05-12,13.710000038146973,14.725999641418456,7.410646246860293,1,Trailing Stop,145
CRWD,2025-05-08,2025-05-12,418.94500732421875,427.36500244140626,2.009809156329516,1,Trailing Stop,120
UBER,2025-05-09,2025-05-13,84.61499786376953,90.65899810791016,7.142942027690524,1,Trailing Stop,95
NFLX,2025-05-13,2025-05-15,112.95999908447266,117.61599884033203,4.121812848438113,1,Trailing Stop,85
ENPH,2025-05-14,2025-05-16,47.33000183105469,50.970001220703125,7.690680855330373,1,Trailing Stop,125
INTC,2025-05-15,2025-05-19,21.530000686645508,21.099400672912598,-2.0,1,Stop Loss,90
ROKU,2025-05-16,2025-05-20,69.2300033569336,71.6540023803711,3.501370657083367,1,Trailing Stop,100
ORCL,2025-05-16,2025-05-23,157.27495804848607,154.12945888751634,-2.0,4,Stop Loss,85
PYPL,2025-05-16,2025-05-21,70.99587766611157,72.62730798625877,2.2979226030836615,2,Trailing Stop,85
BILL,2025-05-19,2025-05-21,46.43000030517578,45.501400299072266,-2.0,1,Stop Loss,110
AMAT,2025-05-19,2025-05-21,163.79061946680918,160.514807077473,-2.0,1,Stop Loss,105
ENPH,2025-05-20,2025-05-22,48.349998474121094,47.38299850463867,-2.0,1,Stop Loss,125
S,2025-05-20,2025-05-27,19.719999313354492,20.171999740600583,2.292091495865285,3,Trailing Stop,95
DDOG,2025-05-20,2025-05-27,114.93000030517578,117.41800079345703,2.164796381862708,3,Trailing Stop,85
GOOGL,2025-05-21,2025-06-03,171.37672606938918,166.69814144769487,-2.73,7,Stop Loss,110
PLTR,2025-05-22,2025-05-27,120.87999725341797,126.47999725341796,4.632693685672342,1,Trailing Stop,175
MRVL,2025-05-22,2025-05-27,60.017852778746196,64.3044095353225,7.142136144687745,1,Trailing Stop,170
SHOP,2025-05-22,2025-05-27,100.80999755859375,106.14600219726562,5.293130411565007,1,Trailing Stop,160
FSLR,2025-05-23,2025-05-28,158.5500030517578,155.37900299072265,-2.0,1,Stop Loss,175
ADI,2025-05-23,2025-05-30,212.58035205106998,208.32874501004858,-2.0,3,Stop Loss,145
AMD,2025-05-23,2025-05-30,113.18000030517578,110.91640029907227,-2.0,3,Stop Loss,125
LULU,2025-05-27,2025-05-30,321.20001220703125,314.7760119628906,-2.0,2,Stop Loss,125
AMAT,2025-05-27,2025-05-29,161.13144155617493,157.90881272505143,-2.0,1,Stop Loss,120
MU,2025-05-27,2025-05-29,96.5096115936768,98.84899060831572,2.4239855243518518,1,Trailing Stop,110
RIVN,2025-05-28,2025-05-30,15.670000076293945,15.356600074768066,-2.0,1,Stop Loss,155
FSLR,2025-05-28,2025-05-30,158.0,154.84,-2.0,1,Stop Loss,150
CHWY,2025-05-29,2025-06-02,44.4900016784668,46.94200057983399,5.511348188044597,1,Trailing Stop,85
CRWD,2025-05-30,2025-06-03,471.0,487.16000976562503,3.430999950238861,1,Trailing Stop,100
ROKU,2025-05-30,2025-06-03,71.75,73.52600097656251,2.4752626851045494,1,Trailing Stop,95
SMCI,2025-06-02,2025-06-04,41.33000183105469,44.04200134277343,6.561818029441732,1,Trailing Stop,125
AMD,2025-06-02,2025-06-04,114.5,118.34000244140626,3.353713922625551,1,Trailing Stop,105
NVDA,2025-06-02,2025-06-04,138.75480693174418,141.64228718949522,2.080994757299786,1,Trailing Stop,95
PATH,2025-06-03,2025-06-05,13.039999961853027,13.327999687194824,2.208586857241607,1,Trailing Stop,155
GOOGL,2025-06-04,2025-06-09,169.87088888051295,174.93182525641618,2.9792840958541658,2,Trailing Stop,100
CRWD,2025-06-05,2025-06-11,463.1199951171875,476.57600097656245,2.9055117466845837,3,Trailing Stop,110
AVGO,2025-06-10,2025-06-12,244.89254626935502,254.06160891314101,3.7441166680920643,1,Trailing Stop,110
SNOW,2025-06-11,2025-06-13,206.13999938964844,211.06800231933593,2.3906097527304833,1,Trailing Stop,85
INTC,2025-06-12,2025-06-16,20.329999923706055,20.810000228881837,2.3610443038716964,1,Trailing Stop,100
NET,2025-06-13,2025-06-17,174.11500549316406,180.8949981689453,3.8939737885184367,1,Trailing Stop,150
ENPH,2025-06-13,2025-06-17,46.5,45.06315,-3.09,1,Stop Loss,100
NKE,2025-06-16,2025-06-18,60.59621595622836,59.38429163710379,-2.0,1,Stop Loss,130
SMCI,2025-06-16,2025-06-18,43.2400016784668,45.183998870849614,4.495830520170662,1,Trailing Stop,125
INTC,2025-06-16,2025-06-18,20.6299991607666,21.4060001373291,3.7615172473601985,1,Trailing Stop,120
AVGO,2025-06-18,2025-06-23,252.29418566768663,247.2483019543329,-2.0,1,Stop Loss,105
PLTR,2025-06-18,2025-06-23,140.69000244140625,137.52447738647462,-2.25,1,Stop Loss,100
KLAC,2025-06-23,2025-06-25,867.8918526779067,893.1544013547513,2.9107945418425296,1,Trailing Stop,110
INTC,2025-06-23,2025-06-25,21.34000015258789,22.484000396728515,5.360825847988066,1,Trailing Stop,100
PLTR,2025-06-23,2025-06-25,140.97999572753906,146.33199768066405,3.796284661171629,1,Trailing Stop,100
SMCI,2025-06-24,2025-06-26,43.34000015258789,48.28400039672852,11.407476296110302,1,Trailing Stop,175
CRWD,2025-06-25,2025-06-30,497.0799865722656,507.43198852539064,2.082562612208495,2,Trailing Stop,85
LCID,2025-06-26,2025-06-30,22.0,21.527,-2.15,1,Stop Loss,115
DXCM,2025-06-26,2025-06-30,85.0,86.99199829101563,2.343527401194863,1,Trailing Stop,110
BILL,2025-06-26,2025-06-30,45.400001525878906,46.680000305175774,2.819380476380035,1,Trailing Stop,105
UBER,2025-06-30,2025-07-07,92.8499984741211,96.26600189208985,3.6790559764207775,3,Trailing Stop,85
ABNB,2025-07-01,2025-07-14,135.22000122070312,138.6184020996094,2.513238314026841,7,Trailing Stop,105
BA,2025-07-01,2025-07-03,210.39999389648438,216.22399291992187,2.768060452655179,1,Trailing Stop,90
INTC,2025-07-01,2025-07-07,22.530000686645508,21.94196766872406,-2.61,2,Stop Loss,85
AMD,2025-07-02,2025-07-07,139.11000061035156,136.32780059814453,-2.0,1,Stop Loss,150
MU,2025-07-02,2025-07-07,122.08915464336626,119.64737155049893,-2.0,1,Stop Loss,135
SMCI,2025-07-02,2025-07-07,49.22999954223633,47.753099555969236,-3.0,1,Stop Loss,115
MRVL,2025-07-03,2025-07-08,74.26647687858636,72.78114734101463,-2.0,1,Stop Loss,155
INTC,2025-07-03,2025-07-08,22.209999084472656,23.474000549316408,5.691136951587872,1,Trailing Stop,120
AMD,2025-07-08,2025-07-10,138.69000244140625,144.39400634765624,4.112772230038587,1,Trailing Stop,120
CRWD,2025-07-08,2025-07-10,512.0,501.76,-2.0,1,Stop Loss,95
FSLR,2025-07-09,2025-07-11,166.58999633789062,163.25819641113281,-2.0,1,Stop Loss,120
SHOP,2025-07-09,2025-07-11,114.45999908447266,112.1707991027832,-2.0,1,Stop Loss,105
LULU,2025-07-10,2025-07-14,237.0399932861328,232.29919342041015,-2.0,1,Stop Loss,115
PYPL,2025-07-14,2025-07-16,73.59985455019678,72.12785745919284,-2.0,1,Stop Loss,130
BILL,2025-07-14,2025-07-16,46.439998626708984,45.511198654174805,-2.0,1,Stop Loss,120
SMCI,2025-07-14,2025-07-16,51.869998931884766,53.00600051879883,2.190093715648327,1,Trailing Stop,100
BILL,2025-07-16,2025-07-18,46.22999954223633,45.3053995513916,-2.0,1,Stop Loss,125
INTC,2025-07-17,2025-07-21,23.219999313354492,23.707999801635744,2.101638685237119,1,Trailing Stop,100
SMCI,2025-07-23,2025-07-25,51.81999969482422,53.98000030517578,4.168275999753239,1,Trailing Stop,125
ARM,2025-07-23,2025-07-25,160.0,163.66400146484375,2.2900009155273438,1,Trailing Stop,105
AMD,2025-07-23,2025-07-25,159.1199951171875,165.5679931640625,4.052286478595117,1,Trailing Stop,100
TSLA,2025-07-25,2025-07-30,318.45001220703125,312.0810119628906,-2.0,2,Stop Loss,150
RIVN,2025-07-25,2025-07-29,14.045000076293945,13.73460557460785,-2.21,1,Stop Loss,95
SBUX,2025-07-25,2025-07-29,93.03135607191017,91.17072895047197,-2.0,1,Stop Loss,85
NOW,2025-07-28,2025-07-31,198.30599975585938,194.33987976074218,-2.0,2,Stop Loss,105
S,2025-07-30,2025-08-01,18.8799991607666,18.50239917755127,-2.0,1,Stop Loss,160
ROKU,2025-07-30,2025-08-01,92.58000183105469,90.7284017944336,-2.0,1,Stop Loss,95
PLTR,2025-07-30,2025-08-01,159.99000549316406,156.63021537780762,-2.1,1,Stop Loss,85
MRVL,2025-08-04,2025-08-06,76.80385089512532,75.26777387722281,-2.0,1,Stop Loss,130
SHOP,2025-08-04,2025-08-06,125.0,150.11199951171875,20.089599609375,1,Trailing Stop,110
ORCL,2025-08-04,2025-08-07,254.2953393839517,248.72627145144315,-2.19,2,Stop Loss,95
META,2025-08-06,2025-08-12,772.3383525306105,788.4583187309626,2.087163760226865,3,Trailing Stop,85
MRVL,2025-08-07,2025-08-11,76.09481997298457,79.13862427712422,4.000015119584062,1,Trailing Stop,145
UBER,2025-08-11,2025-08-15,91.19000244140625,93.35800170898438,2.3774528013322116,3,Trailing Stop,125
NET,2025-08-12,2025-08-14,204.0,199.92,-2.0,1,Stop Loss,110
FSLR,2025-08-12,2025-08-14,185.36000061035156,181.65280059814452,-2.0,1,Stop Loss,100
MU,2025-08-14,2025-08-20,123.04320267804947,119.41342819904702,-2.95,3,Stop Loss,95
TSM,2025-08-14,2025-08-19,238.92917035245162,234.15058694540258,-2.0,2,Stop Loss,95
AVGO,2025-08-14,2025-08-18,309.9050647764562,303.7069634809271,-2.0,1,Stop Loss,85
MRVL,2025-08-18,2025-08-20,76.29455314943095,74.76866208644233,-2.0,1,Stop Loss,145
MU,2025-08-18,2025-08-20,122.81344538796367,120.35717648020439,-2.0,1,Stop Loss,125
SHOP,2025-08-18,2025-08-20,143.0,140.14,-2.0,1,Stop Loss,125
ROKU,2025-08-20,2025-08-22,88.13999938964844,94.2040008544922,6.87996540371651,1,Trailing Stop,125
UBER,2025-08-21,2025-08-25,94.45999908447266,96.89199981689453,2.574635566370275,1,Trailing Stop,95
FSLR,2025-08-22,2025-08-26,200.0,196.0,-2.0,1,Stop Loss,130
MU,2025-08-22,2025-08-28,117.55886073202647,121.46683252293336,3.324268172192518,3,Trailing Stop,105
CHWY,2025-08-25,2025-08-27,39.900001525878906,40.747999572753905,2.1253083068806204,1,Trailing Stop,85
UBER,2025-08-26,2025-08-28,96.5,94.44455,-2.13,1,Stop Loss,85
DDOG,2025-08-27,2025-08-29,134.3699951171875,140.8739990234375,4.840369236136161,1,Trailing Stop,125
BILL,2025-08-27,2025-08-29,44.81999969482422,48.836000061035165,8.960286464871865,1,Trailing Stop,115
PATH,2025-08-27,2025-09-02,11.199999809265137,10.964799813270568,-2.1,2,Stop Loss,85
FSLR,2025-08-28,2025-09-02,197.14999389648438,193.2069940185547,-2.0,1,Stop Loss,125
INTC,2025-09-02,2025-09-05,24.09000015258789,24.5859992980957,2.058942060465394,2,Trailing Stop,115
S,2025-09-03,2025-09-05,18.049999237060547,18.60999984741211,3.102496587378018,1,Trailing Stop,120
ENPH,2025-09-03,2025-09-05,37.08000183105469,39.295999145507814,5.97625999197556,1,Trailing Stop,105
CHWY,2025-09-03,2025-09-05,41.150001525878906,42.150001525878906,2.430133567239622,1,Trailing Stop,105
ADI,2025-09-04,2025-09-15,245.35344016951828,240.44637136612792,-2.0,6,Stop Loss,115
NET,2025-09-04,2025-09-08,212.11000061035156,219.2140045166016,3.3492074328452635,1,Trailing Stop,85
SNOW,2025-09-05,2025-09-09,226.83999633789062,222.3031964111328,-2.0,1,Stop Loss,160
CFLT,2025-09-05,2025-09-09,19.200000762939453,19.992000579833984,4.124998882412955,1,Trailing Stop,125
CRM,2025-09-05,2025-09-10,249.9605628679778,244.96135161061827,-2.0,2,Stop Loss,105
CHWY,2025-09-09,2025-09-11,37.11000061035156,36.312135597229,-2.15,1,Stop Loss,110
RUN,2025-09-10,2025-09-15,16.174999237060547,15.851499252319336,-2.0,2,Stop Loss,135
ENPH,2025-09-11,2025-09-15,37.540000915527344,38.403999328613274,2.3015407352549166,1,Trailing Stop,115
ROKU,2025-09-11,2025-09-15,96.30999755859375,94.38379760742187,-2.0,1,Stop Loss,110
PATH,2025-09-11,2025-09-15,11.760000228881836,11.5248002243042,-2.0,1,Stop Loss,85
RUN,2025-09-12,2025-09-16,16.006000518798828,16.77719955444336,4.818186996425305,1,Trailing Stop,160
LCID,2025-09-15,2025-09-17,19.809999465942383,21.081999588012696,6.421000284513652,1,Trailing Stop,145
SNOW,2025-09-15,2025-09-17,221.24000549316406,216.81520538330076,-2.0,1,Stop Loss,125
RIVN,2025-09-15,2025-09-17,13.770000457763672,14.458000183105469,4.996366757227632,1,Trailing Stop,125
SNOW,2025-09-17,2025-09-19,219.9949951171875,229.5510009765625,4.343737844710825,1,Trailing Stop,160
S,2025-09-17,2025-09-19,18.690000534057617,19.070000839233398,2.033174394421925,1,Trailing Stop,95
NOW,2025-09-17,2025-09-22,191.30999755859375,187.21596361083985,-2.14,2,Stop Loss,85
NET,2025-09-18,2025-09-22,224.0,228.8800048828125,2.1785736083984375,1,Trailing Stop,115
ARM,2025-09-22,2025-09-24,145.41000366210938,142.50180358886718,-2.0,1,Stop Loss,135
ARM,2025-09-24,2025-09-26,141.5,138.67,-2.0,1,Stop Loss,135
FSLR,2025-09-24,2025-09-26,214.69000244140625,221.64999999999998,3.2418824721441175,1,Trailing Stop,100
COIN,2025-09-24,2025-09-26,314.3299865722656,308.0433868408203,-2.0,1,Stop Loss,95
RUN,2025-09-25,2025-09-29,16.979999542236328,17.715999603271484,4.334511665942144,1,Trailing Stop,135
NET,2025-09-25,2025-09-30,218.00999450683594,213.6497946166992,-2.0,2,Stop Loss,100
ZS,2025-09-25,2025-09-29,287.0,298.047998046875,3.8494766713850255,1,Trailing Stop,100
NOW,2025-09-26,2025-09-30,188.41200256347656,184.64376251220702,-2.0,1,Stop Loss,120
CFLT,2025-09-26,2025-09-30,19.93000030517578,19.531400299072267,-2.0,1,Stop Loss,120
LULU,2025-09-26,2025-10-06,177.72000122070312,173.7213011932373,-2.25,5,Stop Loss,115
SHOP,2025-09-29,2025-10-01,147.99000549316406,150.99320373535156,2.0293250427146026,1,Trailing Stop,160
FSLR,2025-09-29,2025-10-02,223.69000244140625,231.94599609375,3.690819241913304,2,Trailing Stop,85
BILL,2025-10-01,2025-10-06,54.0,55.24800109863281,2.311113145616319,2,Trailing Stop,95
FSLR,2025-10-01,2025-10-03,230.02000427246094,234.69999694824222,2.0346024645046876,1,Trailing Stop,85
PATH,2025-10-03,2025-10-07,14.1899995803833,15.046000099182127,6.032421029681974,1,Trailing Stop,130
NET,2025-10-06,2025-10-08,222.0,217.56,-2.0,1,Stop Loss,105
KLAC,2025-10-06,2025-10-08,1138.8992490215815,1103.7072622268145,-3.09,1,Stop Loss,95
CRWD,2025-10-06,2025-10-08,497.0,507.4,2.092555331991947,1,Trailing Stop,85
LCID,2025-10-08,2025-10-10,22.239999771118164,21.7951997756958,-2.0,1,Stop Loss,175
TSLA,2025-10-08,2025-10-10,431.80999755859375,423.1737976074219,-2.0,1,Stop Loss,150
LRCX,2025-10-08,2025-10-10,141.51701679635556,138.68667646042846,-2.0,1,Stop Loss,130
NET,2025-10-13,2025-10-15,217.3300018310547,223.4739959716797,2.8270345046061123,1,Trailing Stop,125
SNOW,2025-10-13,2025-10-16,244.0399932861328,238.98836542510986,-2.07,2,Stop Loss,105
CRWD,2025-10-13,2025-10-15,500.0950012207031,488.4927971923828,-2.32,1,Stop Loss,95
TSLA,2025-10-15,2025-10-17,434.7300109863281,426.03541076660156,-2.0,1,Stop Loss,125
ORCL,2025-10-15,2025-10-17,304.79432018486835,297.7535713885979,-2.31,1,Stop Loss,95
DDOG,2025-10-17,2025-10-21,155.14999389648438,158.26599731445313,2.008381270093858,1,Trailing Stop,150
TSLA,2025-10-17,2025-10-22,443.8699951171875,434.01608122558594,-2.22,2,Stop Loss,120
CFLT,2025-10-17,2025-10-24,22.510000228881836,23.35400047302246,3.7494457377113433,4,Trailing Stop,105
PATH,2025-10-20,2025-10-22,15.680000305175781,15.366400299072266,-2.0,1,Stop Loss,175
ARM,2025-10-20,2025-10-22,170.52999877929688,166.19853681030273,-2.54,1,Stop Loss,130
ENPH,2025-10-20,2025-10-22,37.869998931884766,36.908100959014895,-2.54,1,Stop Loss,115
PATH,2025-10-23,2025-10-27,15.5600004196167,17.11200008392334,9.974290632730417,1,Trailing Stop,165
FSLR,2025-10-23,2025-10-27,239.67999267578125,247.58399658203126,3.2977320376264685,1,Trailing Stop,160
RUN,2025-10-23,2025-10-27,20.6299991607666,20.21739917755127,-2.0,1,Stop Loss,135
ROKU,2025-10-27,2025-10-29,99.63999938964844,97.24863940429687,-2.4,1,Stop Loss,130
ADI,2025-10-27,2025-10-29,240.6600004632946,235.8468004540287,-2.0,1,Stop Loss,90
RUN,2025-10-29,2025-10-31,19.8799991607666,20.79599952697754,4.607647911870512,1,Trailing Stop,145
FSLR,2025-10-29,2025-10-31,237.13999938964844,263.16401062011715,10.974112885826678,1,Trailing Stop,110
NOW,2025-10-30,2025-11-03,188.64199829101562,184.86915832519531,-2.0,1,Stop Loss,115
CRM,2025-10-30,2025-11-03,254.38939627545577,259.7886796184894,2.122448271069936,1,Trailing Stop,85
ARM,2025-10-31,2025-11-04,171.3000030517578,167.87400299072266,-2.0,1,Stop Loss,145
TSLA,2025-10-31,2025-11-04,455.989990234375,446.4597994384765,-2.09,1,Stop Loss,105
RIVN,2025-10-31,2025-11-04,13.550000190734863,13.220735186100006,-2.43,1,Stop Loss,100
LRCX,2025-11-03,2025-11-05,155.3742089346946,164.3913649505977,5.803508882026306,1,Trailing Stop,95
INTC,2025-11-05,2025-11-07,38.34000015258789,37.573200149536135,-2.0,1,Stop Loss,160
AVGO,2025-11-05,2025-11-07,359.42227629198584,352.2338307661461,-2.0,1,Stop Loss,145
AMD,2025-11-05,2025-11-07,253.47000122070312,248.40060119628905,-2.0,1,Stop Loss,140
NET,2025-11-07,2025-11-12,238.64999389648438,233.87699401855468,-2.0,2,Stop Loss,150
ZS,2025-11-07,2025-11-11,323.9800109863281,331.4040100097656,2.2914990961435517,1,Trailing Stop,120
AMZN,2025-11-07,2025-11-13,248.33999633789062,243.3731964111328,-2.0,3,Stop Loss,95
ROKU,2025-11-10,2025-11-12,104.55999755859375,107.31199951171875,2.6319835667391107,1,Trailing Stop,145
CAT,2025-11-10,2025-11-13,567.3924431128899,556.044594250632,-2.0,2,Stop Loss,85
FSLR,2025-11-12,2025-11-14,267.5199890136719,262.1695892333984,-2.0,1,Stop Loss,130
LRCX,2025-11-12,2025-11-14,158.62884557167507,155.45626866024156,-2.0,1,Stop Loss,125
AMAT,2025-11-12,2025-11-14,226.94513905664746,222.40623627551452,-2.0,1,Stop Loss,110
MU,2025-11-14,2025-11-18,246.82028920231596,240.0327312492523,-2.75,1,Stop Loss,130
DDOG,2025-11-14,2025-11-18,184.17999267578125,180.49639282226562,-2.0,1,Stop Loss,125
CAT,2025-11-14,2025-11-18,551.3001310030844,540.2741283830227,-2.0,1,Stop Loss,115
FSLR,2025-11-17,2025-11-19,247.0,255.66398925781252,3.507687958628549,1,Trailing Stop,130
RIVN,2025-11-18,2025-11-20,14.829999923706055,15.470000076293946,4.3155775851680085,1,Trailing Stop,125
SBUX,2025-11-21,2025-11-25,84.71368760911533,82.68903047525747,-2.39,1,Stop Loss,85
SBUX,2025-12-02,2025-12-04,84.48516010620251,86.74260454852157,2.672001141361777,1,Trailing Stop,90
TSM,2025-12-02,2025-12-05,291.3933558822439,298.27077584075647,2.3601842045059658,2,Trailing Stop,85
GS,2025-12-02,2025-12-04,812.9500122070312,837.7819946289062,3.0545521925093566,1,Trailing Stop,85
CHWY,2025-12-03,2025-12-08,33.529998779296875,34.58599853515625,3.149417817788299,2,Trailing Stop,95
AVGO,2025-12-03,2025-12-05,379.9529999571057,390.2133812789909,2.7004343492599108,1,Trailing Stop,90
MU,2025-12-05,2025-12-09,243.3916744750837,253.00378932447518,3.949237322978144,1,Trailing Stop,145
INTC,2025-12-05,2025-12-09,41.939998626708984,41.1011986541748,-2.0,1,Stop Loss,120
HD,2025-12-05,2025-12-10,351.95001220703125,344.9110119628906,-2.0,2,Stop Loss,105
COIN,2025-12-08,2025-12-10,270.6300048828125,277.67800292968747,2.6042929164217665,1,Trailing Stop,115
NET,2025-12-08,2025-12-10,205.0050048828125,213.24100341796876,4.017462178479115,1,Trailing Stop,105
TSLA,2025-12-09,2025-12-12,446.07000732421875,459.6220092773437,3.038088580404127,2,Trailing Stop,105
SHOP,2025-12-09,2025-12-11,158.64999389648438,165.7860046386719,4.497958409531117,1,Trailing Stop,100
RIVN,2025-12-09,2025-12-11,17.6299991607666,17.27739917755127,-2.0,1,Stop Loss,100
AMAT,2025-12-15,2025-12-17,259.7900085449219,254.59420837402342,-2.0,1,Stop Loss,105
LRCX,2025-12-15,2025-12-17,164.5,161.21,-2.0,1,Stop Loss,105
META,2025-12-15,2025-12-17,643.5,657.683984375,2.2041933760683796,1,Trailing Stop,90
SHOP,2025-12-16,2025-12-18,166.52999877929688,171.67400512695315,3.0889367593604877,1,Trailing Stop,100
ENPH,2025-12-16,2025-12-18,31.940000534057617,33.41199913024902,4.608636730052064,1,Trailing Stop,90
CRM,2025-12-16,2025-12-22,255.9168879687216,262.8873814999943,2.7237333130296046,3,Trailing Stop,85
FSLR,2025-12-18,2025-12-22,263.4700012207031,281.4859924316406,6.8379667998125875,1,Trailing Stop,150
BILL,2025-12-18,2025-12-22,55.20000076293945,56.80799942016601,2.913041005438081,1,Trailing Stop,125
ROKU,2025-12-22,2025-12-26,109.0,111.98400268554687,2.73761714270355,2,Trailing Stop,100
ENPH,2025-12-24,2025-12-29,32.86000061035156,33.699999999999996,2.556297547309894,1,Trailing Stop,110
FSLR,2025-12-24,2025-12-29,271.5899963378906,266.1581964111328,-2.0,1,Stop Loss,110
