label,threshold,tp,sl,window,n,n_per_year,wr_cons,wr_mid,avg_cons,avg_mid,avg_opt,std,sharpe_mid
L_touch_3_in_5d,0.9,5.0,-2.0,5,1974,597.0,0.16,0.817,-0.894,1.408,3.709,2.036,4.91
L_touch_3_in_5d,0.9,4.0,-2.0,5,1974,597.0,0.16,0.863,-1.044,1.066,3.175,1.629,4.64
L_touch_3_in_5d,0.9,7.0,-2.0,5,1974,597.0,0.16,0.715,-0.604,1.897,4.398,2.907,4.63
L_touch_3_in_5d,0.9,7.0,none,5,1974,597.0,0.831,0.831,3.934,3.934,3.934,6.244,4.47
L_touch_3_in_5d,0.9,5.0,none,5,1974,597.0,0.874,0.874,3.059,3.059,3.059,5.252,4.13
L_touch_3_in_5d,0.9,7.0,-2.5,5,1974,597.0,0.195,0.722,-0.708,1.797,4.302,3.183,4.01
L_touch_3_in_5d,0.9,5.0,-2.5,5,1974,597.0,0.196,0.819,-1.047,1.29,3.626,2.287,4.0
L_touch_3_in_5d,0.9,4.0,none,5,1974,597.0,0.895,0.895,2.526,2.526,2.526,4.71,3.81
L_touch_3_in_5d,0.9,3.0,-2.0,5,1974,597.0,0.16,0.899,-1.2,0.647,2.493,1.27,3.62
L_touch_3_in_5d,0.9,4.0,-2.5,5,1974,597.0,0.196,0.864,-1.23,0.94,3.11,1.859,3.59
L_touch_3_in_5d,0.9,7.0,-3.0,5,1974,597.0,0.236,0.729,-0.727,1.74,4.207,3.474,3.56
L_touch_3_in_5d,0.9,5.0,-3.0,5,1974,597.0,0.237,0.822,-1.13,1.213,3.555,2.54,3.39
L_touch_3_in_5d,0.9,7.0,-7.0,5,1974,597.0,0.577,0.577,0.851,2.4,3.95,5.253,3.24
L_touch_3_in_5d,0.9,3.0,none,5,1974,597.0,0.91,0.91,1.862,1.862,1.862,4.203,3.15
L_touch_3_in_5d,0.9,7.0,-4.0,5,1974,597.0,0.328,0.752,-0.555,1.777,4.109,4.009,3.15
L_touch_3_in_5d,0.9,7.0,-5.0,5,1974,597.0,0.419,0.777,-0.212,1.931,4.074,4.466,3.07
L_touch_3_in_5d,0.9,4.0,-3.0,5,1974,597.0,0.237,0.865,-1.345,0.853,3.052,2.095,2.89
L_touch_3_in_5d,0.9,2.5,none,5,1974,597.0,0.924,0.924,1.549,1.549,1.549,3.899,2.82
L_touch_3_in_5d,0.9,5.0,-4.0,5,1974,597.0,0.331,0.833,-1.076,1.186,3.447,3.037,2.77
L_touch_3_in_5d,0.9,2.5,-2.0,5,1974,597.0,0.16,0.917,-1.28,0.423,2.126,1.096,2.74
L_touch_3_in_5d,0.9,5.0,-5.0,5,1974,597.0,0.424,0.424,-0.838,1.266,3.371,3.486,2.58
L_touch_3_in_5d,0.9,3.0,-2.5,5,1974,597.0,0.196,0.899,-1.421,0.511,2.443,1.476,2.46
L_touch_3_in_5d,0.9,2.0,none,5,1974,597.0,0.935,0.935,1.197,1.197,1.197,3.619,2.35
L_touch_3_in_5d,0.9,4.0,-4.0,5,1974,597.0,0.332,0.332,-1.359,0.791,2.941,2.579,2.18
L_touch_3_in_5d,0.9,1.5,none,5,1974,597.0,0.945,0.945,0.832,0.832,0.832,3.34,1.77
L_touch_3_in_5d,0.9,3.0,-3.0,5,1974,597.0,0.238,0.238,-1.574,0.41,2.393,1.697,1.71
L_touch_3_in_5d,0.9,2.5,-2.5,5,1974,597.0,0.197,0.197,-1.517,0.284,2.085,1.291,1.56
L_touch_3_in_5d,0.9,2.0,-2.0,5,1974,597.0,0.16,0.16,-1.36,0.18,1.72,0.942,1.36
L_touch_3_in_7d,0.9,5.0,-2.0,7,4082,1231.0,0.195,0.84,-0.64,1.616,3.873,2.077,4.67
L_touch_3_in_7d,0.9,7.0,-2.0,7,4082,1231.0,0.194,0.746,-0.282,2.202,4.686,2.972,4.45
L_touch_3_in_7d,0.9,4.0,-2.0,7,4082,1231.0,0.195,0.88,-0.83,1.225,3.279,1.667,4.41
L_touch_3_in_7d,0.9,7.0,-2.5,7,4082,1231.0,0.234,0.752,-0.33,2.133,4.595,3.25,3.94
L_touch_3_in_7d,0.9,5.0,-2.5,7,4082,1231.0,0.234,0.841,-0.749,1.526,3.8,2.326,3.93
L_touch_3_in_7d,0.9,7.0,-3.0,7,4082,1231.0,0.279,0.761,-0.288,2.121,4.53,3.526,3.61
L_touch_3_in_7d,0.9,4.0,-2.5,7,4082,1231.0,0.235,0.881,-0.975,1.124,3.222,1.895,3.56
L_touch_3_in_7d,0.9,3.0,-2.0,7,4082,1231.0,0.195,0.91,-1.024,0.764,2.552,1.308,3.5
L_touch_3_in_7d,0.9,5.0,-3.0,7,4082,1231.0,0.28,0.845,-0.772,1.485,3.742,2.577,3.46
L_touch_3_in_7d,0.9,7.0,-4.0,7,4082,1231.0,0.373,0.779,-0.028,2.205,4.438,4.049,3.27
L_touch_3_in_7d,0.9,7.0,none,7,4082,1231.0,0.832,0.832,3.775,3.775,3.775,7.247,3.13
L_touch_3_in_7d,0.9,7.0,-5.0,7,4082,1231.0,0.453,0.798,0.248,2.318,4.387,4.462,3.12
L_touch_3_in_7d,0.9,4.0,-3.0,7,4082,1231.0,0.281,0.882,-1.037,1.066,3.169,2.132,3.0
L_touch_3_in_7d,0.9,7.0,-7.0,7,4082,1231.0,0.579,0.579,0.933,2.581,4.229,5.2,2.98
L_touch_3_in_7d,0.9,5.0,none,7,4082,1231.0,0.877,0.877,2.964,2.964,2.964,6.043,2.94
L_touch_3_in_7d,0.9,5.0,-4.0,7,4082,1231.0,0.376,0.852,-0.651,1.492,3.635,3.06,2.93
L_touch_3_in_7d,0.9,2.5,-2.0,7,4082,1231.0,0.195,0.925,-1.121,0.52,2.16,1.139,2.74
L_touch_3_in_7d,0.9,4.0,none,7,4082,1231.0,0.9,0.9,2.445,2.445,2.445,5.408,2.71
L_touch_3_in_7d,0.9,5.0,-5.0,7,4082,1231.0,0.457,0.457,-0.47,1.545,3.56,3.466,2.67
L_touch_3_in_7d,0.9,3.0,-2.5,7,4082,1231.0,0.235,0.91,-1.207,0.65,2.507,1.515,2.57
L_touch_3_in_7d,0.9,4.0,-4.0,7,4082,1231.0,0.377,0.377,-0.994,1.037,3.069,2.592,2.4
L_touch_3_in_7d,0.9,3.0,none,7,4082,1231.0,0.918,0.918,1.779,1.779,1.779,4.921,2.17
L_touch_3_in_7d,0.9,3.0,-3.0,7,4082,1231.0,0.281,0.281,-1.313,0.576,2.464,1.732,1.99
L_touch_3_in_7d,0.9,2.5,none,7,4082,1231.0,0.929,0.929,1.458,1.458,1.458,4.593,1.91
L_touch_3_in_7d,0.9,2.5,-2.5,7,4082,1231.0,0.235,0.235,-1.324,0.399,2.123,1.335,1.79
L_touch_3_in_7d,0.9,2.0,none,7,4082,1231.0,0.941,0.941,1.166,1.166,1.166,3.958,1.77
L_touch_3_in_7d,0.9,2.0,-2.0,7,4082,1231.0,0.195,0.195,-1.219,0.268,1.754,0.977,1.64
L_touch_3_in_7d,0.9,1.5,none,7,4082,1231.0,0.95,0.95,0.801,0.801,0.801,3.614,1.33
L_touch_7_in_30d,0.9,7.0,-2.0,30,1895,585.0,0.167,0.916,-0.494,2.875,6.245,2.224,3.75
L_touch_7_in_30d,0.9,5.0,-2.0,30,1895,585.0,0.167,0.938,-0.829,1.868,4.564,1.636,3.31
L_touch_7_in_30d,0.9,7.0,-2.5,30,1895,585.0,0.191,0.916,-0.69,2.756,6.203,2.436,3.28
L_touch_7_in_30d,0.9,7.0,-3.0,30,1895,585.0,0.222,0.916,-0.784,2.689,6.161,2.677,2.91
L_touch_7_in_30d,0.9,4.0,-2.0,30,1895,585.0,0.167,0.95,-0.996,1.351,3.699,1.354,2.89
L_touch_7_in_30d,0.9,5.0,-2.5,30,1895,585.0,0.191,0.938,-1.071,1.731,4.533,1.823,2.75
L_touch_7_in_30d,0.9,7.0,-4.0,30,1895,585.0,0.282,0.916,-0.9,2.588,6.077,3.143,2.39
L_touch_7_in_30d,0.9,5.0,-3.0,30,1895,585.0,0.222,0.938,-1.227,1.637,4.502,2.034,2.33
L_touch_7_in_30d,0.9,4.0,-2.5,30,1895,585.0,0.191,0.95,-1.262,1.206,3.674,1.528,2.29
L_touch_7_in_30d,0.9,3.0,-2.0,30,1895,585.0,0.167,0.961,-1.164,0.822,2.807,1.088,2.19
L_touch_7_in_30d,0.9,7.0,-5.0,30,1895,585.0,0.34,0.916,-0.916,2.539,5.993,3.592,2.05
L_touch_7_in_30d,0.9,4.0,-3.0,30,1895,585.0,0.222,0.95,-1.449,1.1,3.649,1.723,1.85
L_touch_7_in_30d,0.9,5.0,-4.0,30,1895,585.0,0.282,0.938,-1.464,1.488,4.44,2.448,1.76
L_touch_7_in_30d,0.9,7.0,-7.0,30,1895,585.0,0.47,0.47,-0.417,2.704,5.825,4.454,1.76
L_touch_7_in_30d,0.9,2.5,-2.0,30,1895,585.0,0.167,0.966,-1.247,0.549,2.346,0.965,1.65
L_touch_7_in_30d,0.9,3.0,-2.5,30,1895,585.0,0.191,0.961,-1.452,0.668,2.788,1.248,1.55
L_touch_7_in_30d,0.9,7.0,none,30,1895,585.0,0.92,0.92,4.688,4.688,4.688,9.12,1.49
L_touch_7_in_30d,0.9,5.0,-5.0,30,1895,585.0,0.34,0.34,-1.596,1.391,4.377,2.852,1.41
L_touch_7_in_30d,0.9,5.0,none,30,1895,585.0,0.94,0.94,3.339,3.339,3.339,7.645,1.27
L_touch_7_in_30d,0.9,4.0,-4.0,30,1895,585.0,0.282,0.282,-1.746,0.927,3.599,2.11,1.27
L_touch_7_in_30d,0.9,4.0,none,30,1895,585.0,0.952,0.952,2.722,2.722,2.722,6.729,1.17
L_touch_7_in_30d,0.9,3.0,-3.0,30,1895,585.0,0.222,0.222,-1.67,0.549,2.769,1.428,1.11
L_touch_7_in_30d,0.9,2.5,-2.5,30,1895,585.0,0.191,0.191,-1.547,0.391,2.328,1.119,1.01
L_touch_7_in_30d,0.9,2.0,-2.0,30,1895,585.0,0.167,0.167,-1.331,0.273,1.878,0.847,0.94
L_touch_7_in_30d,0.9,3.0,none,30,1895,585.0,0.963,0.963,1.955,1.955,1.955,6.307,0.9
L_touch_7_in_30d,0.9,2.5,none,30,1895,585.0,0.966,0.966,1.552,1.552,1.552,6.013,0.75
L_touch_7_in_30d,0.9,2.0,none,30,1895,585.0,0.97,0.97,1.141,1.141,1.141,5.791,0.57
L_touch_7_in_30d,0.9,1.5,none,30,1895,585.0,0.974,0.974,0.79,0.79,0.79,5.098,0.45
L_touch_5_in_30d,0.9,7.0,-2.0,30,11732,3595.0,0.169,0.869,-0.481,2.669,5.818,2.459,3.15
L_touch_5_in_30d,0.9,5.0,-2.0,30,11732,3595.0,0.169,0.912,-0.818,1.783,4.384,1.751,2.95
L_touch_5_in_30d,0.9,7.0,-2.5,30,11732,3595.0,0.199,0.869,-0.609,2.573,5.755,2.708,2.75
L_touch_5_in_30d,0.9,4.0,-2.0,30,11732,3595.0,0.169,0.932,-0.987,1.302,3.59,1.429,2.64
L_touch_5_in_30d,0.9,5.0,-2.5,30,11732,3595.0,0.199,0.912,-1.005,1.667,4.34,1.966,2.46
L_touch_5_in_30d,0.9,7.0,-3.0,30,11732,3595.0,0.235,0.869,-0.655,2.519,5.693,2.974,2.45
L_touch_5_in_30d,0.9,5.0,-3.0,30,11732,3595.0,0.235,0.912,-1.121,1.587,4.296,2.195,2.1
L_touch_5_in_30d,0.9,4.0,-2.5,30,11732,3595.0,0.199,0.932,-1.205,1.176,3.556,1.626,2.1
L_touch_5_in_30d,0.9,7.0,-4.0,30,11732,3595.0,0.306,0.871,-0.644,2.464,5.571,3.489,2.05
L_touch_5_in_30d,0.9,3.0,-2.0,30,11732,3595.0,0.169,0.948,-1.156,0.793,2.742,1.137,2.02
L_touch_5_in_30d,0.9,7.0,-5.0,30,11732,3595.0,0.376,0.872,-0.501,2.477,5.456,3.977,1.81
L_touch_5_in_30d,0.9,4.0,-3.0,30,11732,3595.0,0.235,0.932,-1.356,1.083,3.522,1.837,1.71
L_touch_5_in_30d,0.9,5.0,-4.0,30,11732,3595.0,0.306,0.913,-1.248,1.482,4.212,2.644,1.62
L_touch_5_in_30d,0.9,7.0,-7.0,30,11732,3595.0,0.499,0.499,-0.018,2.618,5.254,4.821,1.57
L_touch_5_in_30d,0.9,2.5,-2.0,30,11732,3595.0,0.169,0.957,-1.24,0.533,2.307,0.996,1.55
L_touch_5_in_30d,0.9,7.0,none,30,11732,3595.0,0.889,0.889,4.449,4.449,4.449,8.293,1.55
L_touch_5_in_30d,0.9,3.0,-2.5,30,11732,3595.0,0.199,0.948,-1.404,0.656,2.716,1.316,1.44
L_touch_5_in_30d,0.9,5.0,-5.0,30,11732,3595.0,0.376,0.376,-1.237,1.445,4.128,3.078,1.36
L_touch_5_in_30d,0.9,5.0,none,30,11732,3595.0,0.92,0.92,3.267,3.267,3.267,7.002,1.35
L_touch_5_in_30d,0.9,4.0,none,30,11732,3595.0,0.936,0.936,2.659,2.659,2.659,6.204,1.24
L_touch_5_in_30d,0.9,4.0,-4.0,30,11732,3595.0,0.306,0.306,-1.553,0.951,3.455,2.253,1.22
L_touch_5_in_30d,0.9,3.0,none,30,11732,3595.0,0.95,0.95,1.982,1.982,1.982,5.439,1.06
L_touch_5_in_30d,0.9,3.0,-3.0,30,11732,3595.0,0.235,0.235,-1.591,0.55,2.69,1.509,1.06
L_touch_5_in_30d,0.9,2.5,-2.5,30,11732,3595.0,0.199,0.199,-1.504,0.391,2.286,1.166,0.97
L_touch_5_in_30d,0.9,2.5,none,30,11732,3595.0,0.958,0.958,1.634,1.634,1.634,5.05,0.94
L_touch_5_in_30d,0.9,2.0,-2.0,30,11732,3595.0,0.169,0.169,-1.325,0.268,1.862,0.861,0.9
L_touch_5_in_30d,0.9,2.0,none,30,11732,3595.0,0.966,0.966,1.289,1.289,1.289,4.635,0.81
L_touch_5_in_30d,0.9,1.5,none,30,11732,3595.0,0.974,0.974,0.967,0.967,0.967,3.972,0.71
L_touch_2_in_5d,0.9,5.0,-2.0,5,8369,2522.0,0.181,0.696,-0.757,1.044,2.844,2.372,3.12
L_touch_2_in_5d,0.9,4.0,-2.0,5,8369,2522.0,0.182,0.758,-0.919,0.81,2.539,1.932,2.98
L_touch_2_in_5d,0.9,7.0,-2.0,5,8369,2522.0,0.18,0.584,-0.477,1.341,3.159,3.201,2.97
L_touch_2_in_5d,0.9,7.0,-2.5,5,8369,2522.0,0.219,0.595,-0.56,1.227,3.014,3.499,2.49
L_touch_2_in_5d,0.9,5.0,-2.5,5,8369,2522.0,0.221,0.701,-0.882,0.919,2.719,2.644,2.47
L_touch_2_in_5d,0.9,3.0,-2.0,5,8369,2522.0,0.183,0.819,-1.088,0.503,2.094,1.505,2.37
L_touch_2_in_5d,0.9,4.0,-2.5,5,8369,2522.0,0.222,0.761,-1.071,0.681,2.433,2.185,2.21
L_touch_2_in_5d,0.9,7.0,-3.0,5,8369,2522.0,0.257,0.606,-0.609,1.136,2.881,3.789,2.13
L_touch_2_in_5d,0.9,7.0,none,5,8369,2522.0,0.714,0.714,2.19,2.19,2.19,7.324,2.12
L_touch_2_in_5d,0.9,5.0,-3.0,5,8369,2522.0,0.259,0.707,-0.975,0.815,2.605,2.905,1.99
L_touch_2_in_5d,0.9,5.0,none,5,8369,2522.0,0.767,0.767,1.767,1.767,1.767,6.356,1.97
L_touch_2_in_5d,0.9,4.0,none,5,8369,2522.0,0.801,0.801,1.479,1.479,1.479,5.778,1.82
L_touch_2_in_5d,0.9,2.5,-2.0,5,8369,2522.0,0.183,0.852,-1.178,0.327,1.832,1.292,1.8
L_touch_2_in_5d,0.9,7.0,-4.0,5,8369,2522.0,0.338,0.631,-0.529,1.079,2.688,4.352,1.76
L_touch_2_in_5d,0.9,4.0,-3.0,5,8369,2522.0,0.261,0.764,-1.188,0.573,2.334,2.434,1.67
L_touch_2_in_5d,0.9,7.0,-5.0,5,8369,2522.0,0.406,0.654,-0.412,1.075,2.561,4.818,1.58
L_touch_2_in_5d,0.9,3.0,none,5,8369,2522.0,0.839,0.839,1.106,1.106,1.106,5.181,1.52
L_touch_2_in_5d,0.9,7.0,-7.0,5,8369,2522.0,0.517,0.517,0.066,1.204,2.342,5.649,1.51
L_touch_2_in_5d,0.9,3.0,-2.5,5,8369,2522.0,0.223,0.82,-1.272,0.368,2.007,1.739,1.5
L_touch_2_in_5d,0.9,5.0,-4.0,5,8369,2522.0,0.343,0.72,-0.981,0.718,2.417,3.427,1.49
L_touch_2_in_5d,0.9,2.5,none,5,8369,2522.0,0.862,0.862,0.925,0.925,0.925,4.797,1.37
L_touch_2_in_5d,0.9,5.0,-5.0,5,8369,2522.0,0.414,0.414,-0.915,0.682,2.28,3.876,1.25
L_touch_2_in_5d,0.9,4.0,-4.0,5,8369,2522.0,0.347,0.347,-1.242,0.456,2.153,2.938,1.1
L_touch_2_in_5d,0.9,2.0,none,5,8369,2522.0,0.883,0.883,0.683,0.683,0.683,4.463,1.09
L_touch_2_in_5d,0.9,3.0,-3.0,5,8369,2522.0,0.263,0.263,-1.42,0.253,1.925,1.969,0.91
L_touch_2_in_5d,0.9,2.5,-2.5,5,8369,2522.0,0.224,0.224,-1.379,0.19,1.759,1.512,0.89
L_touch_2_in_5d,0.9,2.0,-2.0,5,8369,2522.0,0.183,0.183,-1.268,0.119,1.507,1.1,0.77
L_touch_2_in_5d,0.9,1.5,none,5,8369,2522.0,0.902,0.902,0.413,0.413,0.413,4.086,0.72
