year,mean,count,label_name,overall_rate
2020,0.6828950035471775,236808,L_touch_1.5_in_3d,0.634730241936253
2021,0.6286197979043435,246319,L_touch_1.5_in_3d,0.634730241936253
2022,0.657648544097891,247132,L_touch_1.5_in_3d,0.634730241936253
2023,0.6034052176459582,245858,L_touch_1.5_in_3d,0.634730241936253
2024,0.6002842494489656,249077,L_touch_1.5_in_3d,0.634730241936253
2025,0.6285590350993457,248979,L_touch_1.5_in_3d,0.634730241936253
2026,0.6576019652029154,98514,L_touch_1.5_in_3d,0.634730241936253
2020,0.6041561095908922,236808,L_touch_2_in_3d,0.5396032395511631
2021,0.5251076855622181,246319,L_touch_2_in_3d,0.5396032395511631
2022,0.5718482430442031,247132,L_touch_2_in_3d,0.5396032395511631
2023,0.501830324821645,245858,L_touch_2_in_3d,0.5396032395511631
2024,0.49571417674052604,249077,L_touch_2_in_3d,0.5396032395511631
2025,0.5310488033127292,248979,L_touch_2_in_3d,0.5396032395511631
2026,0.5666402744787543,98514,L_touch_2_in_3d,0.5396032395511631
2020,0.7599532110401676,236808,L_touch_1.5_in_5d,0.7177906347544044
2021,0.714118683495792,246319,L_touch_1.5_in_5d,0.7177906347544044
2022,0.7279874722820193,247132,L_touch_1.5_in_5d,0.7177906347544044
2023,0.691224202588486,245858,L_touch_1.5_in_5d,0.7177906347544044
2024,0.694435857184726,249077,L_touch_1.5_in_5d,0.7177906347544044
2025,0.716775310367541,248979,L_touch_1.5_in_5d,0.7177906347544044
2026,0.727957447672412,98514,L_touch_1.5_in_5d,0.7177906347544044
2020,0.6964080605384954,236808,L_touch_2_in_5d,0.6386757186903688
2021,0.6267198226689781,246319,L_touch_2_in_5d,0.6386757186903688
2022,0.6581381609827947,247132,L_touch_2_in_5d,0.6386757186903688
2023,0.6056707530363055,245858,L_touch_2_in_5d,0.6386757186903688
2024,0.6061780092100033,249077,L_touch_2_in_5d,0.6386757186903688
2025,0.6353628217640845,248979,L_touch_2_in_5d,0.6386757186903688
2026,0.6538766063706681,98514,L_touch_2_in_5d,0.6386757186903688
2020,0.5792667477450086,236808,L_touch_3_in_5d,0.4970327852903979
2021,0.47183936277753646,246319,L_touch_3_in_5d,0.4970327852903979
2022,0.5282602010261722,247132,L_touch_3_in_5d,0.4970327852903979
2023,0.4574917228644177,245858,L_touch_3_in_5d,0.4970327852903979
2024,0.45284389967760974,249077,L_touch_3_in_5d,0.4970327852903979
2025,0.4877961595154611,248979,L_touch_3_in_5d,0.4970327852903979
2026,0.5177639726333313,98514,L_touch_3_in_5d,0.4970327852903979
2020,0.7481377318333841,236808,L_touch_2_in_7d,0.6956749817350815
2021,0.6844985567495808,246319,L_touch_2_in_7d,0.6956749817350815
2022,0.7095843516825017,247132,L_touch_2_in_7d,0.6956749817350815
2023,0.6673404973602649,245858,L_touch_2_in_7d,0.6956749817350815
2024,0.6715674269402635,249077,L_touch_2_in_7d,0.6956749817350815
2025,0.6946288642817265,248979,L_touch_2_in_7d,0.6956749817350815
2026,0.6969263251923584,98514,L_touch_2_in_7d,0.6956749817350815
2020,0.6444714705584271,236808,L_touch_3_in_7d,0.5686077394929824
2021,0.5448260182933513,246319,L_touch_3_in_7d,0.5686077394929824
2022,0.5948116795882362,247132,L_touch_3_in_7d,0.5686077394929824
2023,0.5329092402931773,245858,L_touch_3_in_7d,0.5686077394929824
2024,0.5324136712743449,249077,L_touch_3_in_7d,0.5686077394929824
2025,0.5623044513794336,248979,L_touch_3_in_7d,0.5686077394929824
2026,0.5765068924213818,98514,L_touch_3_in_7d,0.5686077394929824
2020,0.47185905881558055,236808,L_touch_5_in_7d,0.37035087083443813
2021,0.3349518307560521,246319,L_touch_5_in_7d,0.37035087083443813
2022,0.4002435945162909,247132,L_touch_5_in_7d,0.37035087083443813
2023,0.3296211634358044,245858,L_touch_5_in_7d,0.37035087083443813
2024,0.3245703135978031,249077,L_touch_5_in_7d,0.37035087083443813
2025,0.3596568385285506,248979,L_touch_5_in_7d,0.37035087083443813
2026,0.38429055768723225,98514,L_touch_5_in_7d,0.37035087083443813
2020,0.7591255362994493,236808,L_touch_3_in_14d,0.6940802588181882
2021,0.6797689175418867,246319,L_touch_3_in_14d,0.6940802588181882
2022,0.7035592315038117,247132,L_touch_3_in_14d,0.6940802588181882
2023,0.6630209307811826,245858,L_touch_3_in_14d,0.6940802588181882
2024,0.6792839162186793,249077,L_touch_3_in_14d,0.6940802588181882
2025,0.6922511537117588,248979,L_touch_3_in_14d,0.6940802588181882
2026,0.6692754329333902,98514,L_touch_3_in_14d,0.6940802588181882
2020,0.622563426911253,236808,L_touch_5_in_14d,0.5246085203222256
2021,0.4955809336673176,246319,L_touch_5_in_14d,0.5246085203222256
2022,0.5419977987472282,247132,L_touch_5_in_14d,0.5246085203222256
2023,0.4847472931529582,245858,L_touch_5_in_14d,0.5246085203222256
2024,0.49670985277645063,249077,L_touch_5_in_14d,0.5246085203222256
2025,0.5157824555484599,248979,L_touch_5_in_14d,0.5246085203222256
2026,0.5104249142253893,98514,L_touch_5_in_14d,0.5246085203222256
2020,0.7557261579000709,236808,L_touch_5_in_30d,0.672685664725403
2021,0.6623524778843695,246319,L_touch_5_in_30d,0.672685664725403
2022,0.6631638152889954,247132,L_touch_5_in_30d,0.672685664725403
2023,0.6381122436528402,245858,L_touch_5_in_30d,0.672685664725403
2024,0.6755541459066875,249077,L_touch_5_in_30d,0.672685664725403
2025,0.6696066736552079,248979,L_touch_5_in_30d,0.672685664725403
2026,0.6096087865684066,98514,L_touch_5_in_30d,0.672685664725403
2020,0.6682037768994291,236808,L_touch_7_in_30d,0.560983208991999
2021,0.5412371761821053,246319,L_touch_7_in_30d,0.560983208991999
2022,0.5535139115938041,247132,L_touch_7_in_30d,0.560983208991999
2023,0.5191370628574218,245858,L_touch_7_in_30d,0.560983208991999
2024,0.5540254620057251,249077,L_touch_7_in_30d,0.560983208991999
2025,0.5541431205041389,248979,L_touch_7_in_30d,0.560983208991999
2026,0.5106685344215035,98514,L_touch_7_in_30d,0.560983208991999
2020,0.550078544643762,236808,L_touch_10_in_30d,0.42155749999841036
2021,0.3882688708544611,246319,L_touch_10_in_30d,0.42155749999841036
2022,0.41710502889144263,247132,L_touch_10_in_30d,0.42155749999841036
2023,0.37689641988464884,245858,L_touch_10_in_30d,0.42155749999841036
2024,0.40151840595478505,249077,L_touch_10_in_30d,0.42155749999841036
2025,0.41157687997782944,248979,L_touch_10_in_30d,0.42155749999841036
2026,0.3943703433014597,98514,L_touch_10_in_30d,0.42155749999841036
2020,0.40801408736191347,236808,L_touch_2_dd-3_in_5d,0.42325268791565007
2021,0.43556120315525804,246319,L_touch_2_dd-3_in_5d,0.42325268791565007
2022,0.3798374957512584,247132,L_touch_2_dd-3_in_5d,0.42325268791565007
2023,0.4386922532518771,245858,L_touch_2_dd-3_in_5d,0.42325268791565007
2024,0.450928829237545,249077,L_touch_2_dd-3_in_5d,0.42325268791565007
2025,0.43326545612280554,248979,L_touch_2_dd-3_in_5d,0.42325268791565007
2026,0.40420650871957287,98514,L_touch_2_dd-3_in_5d,0.42325268791565007
2020,0.520941015506233,236808,L_touch_2_dd-5_in_5d,0.5218120325277693
2021,0.5285178975231306,246319,L_touch_2_dd-5_in_5d,0.5218120325277693
2022,0.5003034815402295,247132,L_touch_2_dd-5_in_5d,0.5218120325277693
2023,0.5273694571663318,245858,L_touch_2_dd-5_in_5d,0.5218120325277693
2024,0.5285233080533329,249077,L_touch_2_dd-5_in_5d,0.5218120325277693
2025,0.528044533876351,248979,L_touch_2_dd-5_in_5d,0.5218120325277693
2026,0.514505552510303,98514,L_touch_2_dd-5_in_5d,0.5218120325277693
2020,0.34442670855714336,236808,L_touch_3_dd-3_in_7d,0.35149270007318684
2021,0.35888015134845463,246319,L_touch_3_dd-3_in_7d,0.35149270007318684
2022,0.31496932813233414,247132,L_touch_3_dd-3_in_7d,0.35149270007318684
2023,0.3633845553124161,245858,L_touch_3_dd-3_in_7d,0.35149270007318684
2024,0.37378401056701344,249077,L_touch_3_dd-3_in_7d,0.35149270007318684
2025,0.35939577233421294,248979,L_touch_3_dd-3_in_7d,0.35149270007318684
2026,0.3356172726719045,98514,L_touch_3_dd-3_in_7d,0.35149270007318684
2020,0.4506857876423094,236808,L_touch_3_dd-5_in_7d,0.4428395478566301
2021,0.44176454110320357,246319,L_touch_3_dd-5_in_7d,0.4428395478566301
2022,0.424975316834728,247132,L_touch_3_dd-5_in_7d,0.4428395478566301
2023,0.44720936475526524,245858,L_touch_3_dd-5_in_7d,0.4428395478566301
2024,0.44756440779357387,249077,L_touch_3_dd-5_in_7d,0.4428395478566301
2025,0.44888524735017815,248979,L_touch_3_dd-5_in_7d,0.4428395478566301
2026,0.43334957467974095,98514,L_touch_3_dd-5_in_7d,0.4428395478566301
2020,0.3762795175838654,236808,L_touch_5_dd-5_in_14d,0.3578811295572482
2021,0.35619663931730805,246319,L_touch_5_dd-5_in_14d,0.3578811295572482
2022,0.3213383940566175,247132,L_touch_5_dd-5_in_14d,0.3578811295572482
2023,0.36695572240887014,245858,L_touch_5_dd-5_in_14d,0.3578811295572482
2024,0.37459901958029046,249077,L_touch_5_dd-5_in_14d,0.3578811295572482
2025,0.36221127083007,248979,L_touch_5_dd-5_in_14d,0.3578811295572482
2026,0.3336784619444952,98514,L_touch_5_dd-5_in_14d,0.3578811295572482
2020,0.4463531637444681,236808,L_touch_5_dd-7_in_14d,0.41240310373265626
2021,0.4060466305887893,246319,L_touch_5_dd-7_in_14d,0.41240310373265626
2022,0.3857655018370749,247132,L_touch_5_dd-7_in_14d,0.41240310373265626
2023,0.41262436040315953,245858,L_touch_5_dd-7_in_14d,0.41240310373265626
2024,0.418693817574485,249077,L_touch_5_dd-7_in_14d,0.41240310373265626
2025,0.41575393908723224,248979,L_touch_5_dd-7_in_14d,0.41240310373265626
2026,0.38858436364374604,98514,L_touch_5_dd-7_in_14d,0.41240310373265626
2020,0.5373087057869667,236808,L_touch_5_dd-10_in_30d,0.5123098238873978
2021,0.5279008115492512,246319,L_touch_5_dd-10_in_30d,0.5123098238873978
2022,0.44307495589401613,247132,L_touch_5_dd-10_in_30d,0.5123098238873978
2023,0.5244328026747147,245858,L_touch_5_dd-10_in_30d,0.5123098238873978
2024,0.5537042761876849,249077,L_touch_5_dd-10_in_30d,0.5123098238873978
2025,0.5134489254113801,248979,L_touch_5_dd-10_in_30d,0.5123098238873978
2026,0.44912398237813916,98514,L_touch_5_dd-10_in_30d,0.5123098238873978
2020,0.4891262119522989,236808,L_touch_7_dd-10_in_30d,0.4393703260725116
2021,0.4413463841603774,246319,L_touch_7_dd-10_in_30d,0.4393703260725116
2022,0.3883026075133936,247132,L_touch_7_dd-10_in_30d,0.4393703260725116
2023,0.4377974277835173,245858,L_touch_7_dd-10_in_30d,0.4393703260725116
2024,0.4639087511090948,249077,L_touch_7_dd-10_in_30d,0.4393703260725116
2025,0.43791645078500596,248979,L_touch_7_dd-10_in_30d,0.4393703260725116
2026,0.3884930060702032,98514,L_touch_7_dd-10_in_30d,0.4393703260725116
2020,0.3557143339752035,236808,L_close_3_at_7d,0.3011088665449641
2021,0.2891575558523703,246319,L_close_3_at_7d,0.3011088665449641
2022,0.2969101532784099,247132,L_close_3_at_7d,0.3011088665449641
2023,0.28651498019181804,245858,L_close_3_at_7d,0.3011088665449641
2024,0.2785604451635438,249077,L_close_3_at_7d,0.3011088665449641
2025,0.3015635856839332,248979,L_close_3_at_7d,0.3011088665449641
2026,0.302545831049394,98514,L_close_3_at_7d,0.3011088665449641
2020,0.3560141549271984,236808,L_close_5_at_14d,0.28124477407138226
2021,0.2615388987451232,246319,L_close_5_at_14d,0.28124477407138226
2022,0.26677645954388746,247132,L_close_5_at_14d,0.28124477407138226
2023,0.2661251616786926,245858,L_close_5_at_14d,0.28124477407138226
2024,0.2636373490928508,249077,L_close_5_at_14d,0.28124477407138226
2025,0.276276312460087,248979,L_close_5_at_14d,0.28124477407138226
2026,0.28188886858720585,98514,L_close_5_at_14d,0.28124477407138226
2020,0.46538968278098714,236808,L_close_5_at_30d,0.3698142096933465
2021,0.360719229941661,246319,L_close_5_at_30d,0.3698142096933465
2022,0.3271490539468786,247132,L_close_5_at_30d,0.3698142096933465
2023,0.35204060880670957,245858,L_close_5_at_30d,0.3698142096933465
2024,0.3719532514041842,249077,L_close_5_at_30d,0.3698142096933465
2025,0.36512316299768255,248979,L_close_5_at_30d,0.3698142096933465
2026,0.3206447814523824,98514,L_close_5_at_30d,0.3698142096933465
2020,0.3327885882233708,236808,L_close_10_at_30d,0.23014242503435203
2021,0.2013202392020104,246319,L_close_10_at_30d,0.23014242503435203
2022,0.21243707816065907,247132,L_close_10_at_30d,0.23014242503435203
2023,0.20836011030757592,245858,L_close_10_at_30d,0.23014242503435203
2024,0.21486528262344576,249077,L_close_10_at_30d,0.23014242503435203
2025,0.22462938641411526,248979,L_close_10_at_30d,0.23014242503435203
2026,0.20680309397649066,98514,L_close_10_at_30d,0.23014242503435203
2020,0.5335081585081585,236808,L_close_green_3d,0.5223677693018381
2021,0.5382370016117312,246319,L_close_green_3d,0.5223677693018381
2022,0.4910776427172523,247132,L_close_green_3d,0.5223677693018381
2023,0.5227367016733236,245858,L_close_green_3d,0.5223677693018381
2024,0.52302701574212,249077,L_close_green_3d,0.5223677693018381
2025,0.5276268279654107,248979,L_close_green_3d,0.5223677693018381
2026,0.5185252857461884,98514,L_close_green_3d,0.5223677693018381
2020,0.5465186986926117,236808,L_close_green_5d,0.5281565880559832
2021,0.5424145112638489,246319,L_close_green_5d,0.5281565880559832
2022,0.49260718968000905,247132,L_close_green_5d,0.5281565880559832
2023,0.5276094330873919,245858,L_close_green_5d,0.5281565880559832
2024,0.5289087310349811,249077,L_close_green_5d,0.5281565880559832
2025,0.5349808618397536,248979,L_close_green_5d,0.5281565880559832
2026,0.5197636884097692,98514,L_close_green_5d,0.5281565880559832
2020,0.5560454038714908,236808,L_close_green_7d,0.5329630117118028
2021,0.5476191442803844,246319,L_close_green_7d,0.5329630117118028
2022,0.4909117394752602,247132,L_close_green_7d,0.5329630117118028
2023,0.5325472427173409,245858,L_close_green_7d,0.5329630117118028
2024,0.5338349185191728,249077,L_close_green_7d,0.5329630117118028
2025,0.54225858405729,248979,L_close_green_7d,0.5329630117118028
2026,0.5216618957711594,98514,L_close_green_7d,0.5329630117118028
2020,0.5829701699266917,236808,L_close_green_14d,0.5409983041762283
2021,0.5567861188134087,246319,L_close_green_14d,0.5409983041762283
2022,0.4813702798504443,247132,L_close_green_14d,0.5409983041762283
2023,0.5350242823093004,245858,L_close_green_14d,0.5409983041762283
2024,0.5510504783661277,249077,L_close_green_14d,0.5409983041762283
2025,0.5456564609866695,248979,L_close_green_14d,0.5409983041762283
2026,0.5279351158211015,98514,L_close_green_14d,0.5409983041762283
2020,0.6167274754231276,236808,L_close_green_30d,0.5513640031360341
2021,0.5651167794607805,246319,L_close_green_30d,0.5513640031360341
2022,0.4762758363951249,247132,L_close_green_30d,0.5513640031360341
2023,0.5379894085203654,245858,L_close_green_30d,0.5513640031360341
2024,0.5716103855434264,249077,L_close_green_30d,0.5513640031360341
2025,0.5539744315785669,248979,L_close_green_30d,0.5513640031360341
2026,0.5238138741701687,98514,L_close_green_30d,0.5513640031360341
