symbol,signal_date,next_date,signal_type,confidence,volume_ratio,close_position,prev_day_return,next_day_return,surged_10pct,buy_price,sell_price
NVDA,2023-02-23,2023-02-24,POSSIBLE_CATALYST,70,2.04890246236843,0.7404395074934612,14.021391160468099,-1.597349694130623,False,23.64033317565918,23.262714385986328
NVDA,2023-05-18,2023-05-19,POSSIBLE_CATALYST,70,1.937549685737709,0.900530718696323,4.970521526458893,-1.306912698434226,False,31.65169715881348,31.238037109375
NVDA,2023-05-24,2023-05-25,POSSIBLE_CATALYST,70,1.7632340194016625,0.9138574371063583,-0.48877244745393345,24.369634015199825,True,30.512643814086918,37.948463439941406
NVDA,2023-08-14,2023-08-15,POSSIBLE_CATALYST,70,1.5230162024807599,0.9865288316459292,7.093369557975837,0.4273967745394458,False,43.721187591552734,43.908050537109375
NVDA,2023-08-21,2023-08-22,POSSIBLE_CATALYST,70,1.5193658692719638,0.965529502532623,8.47133567030378,-2.7657758986589287,False,46.93285369873047,45.634796142578125
NVDA,2023-08-23,2023-08-24,POSSIBLE_CATALYST,70,1.567713528236848,0.9578315214164871,3.170722654930791,0.09974722492704924,False,47.08174896240234,47.12871170043945
NVDA,2024-01-08,2024-01-09,POSSIBLE_CATALYST,70,1.6912319215385891,0.9921304855004736,6.428077110431363,1.697515781747816,False,52.223899841308594,53.11040878295898
NVDA,2024-02-22,2024-02-23,POSSIBLE_CATALYST,70,1.6443266832917707,0.9915051732776489,16.40086224696273,0.3552447071221376,False,78.49427032470703,78.77311706542969
NVDA,2024-05-28,2024-05-29,POSSIBLE_CATALYST,70,1.5627419234164808,0.7946989588048904,6.9804328064784205,0.8112256451528577,False,113.8429183959961,114.76644134521484
NVDA,2024-07-31,2024-08-01,POSSIBLE_CATALYST,70,1.6033881452360537,0.8230563194609918,12.81209617283876,-6.674064516398337,False,116.9699249267578,109.16327667236328
NVDA,2024-08-05,2024-08-06,POSSIBLE_CATALYST,70,1.627704587150102,0.7672950919965748,-6.357791667301116,3.7829804820452617,False,100.40702056884766,104.20539855957033
AMD,2023-02-01,2023-02-02,SCHEDULED_CATALYST,90,2.5699613044000515,0.8894732509627084,12.628074079947327,4.336009210078218,False,84.63999938964844,88.30999755859375
AMD,2023-02-02,2023-02-03,POSSIBLE_CATALYST,70,1.5800594190432506,0.89024315681182,4.336009210078218,-2.5138730405129373,False,88.30999755859375,86.08999633789062
AMD,2023-03-16,2023-03-17,POSSIBLE_CATALYST,70,1.852751168153764,0.9882654629407681,7.716322642057283,1.283641701197058,False,96.5999984741211,97.83999633789062
AMD,2023-05-08,2023-05-09,POSSIBLE_CATALYST,70,1.6124354962994578,0.9044680705994653,5.788073007126315,0.021040238714009618,False,95.04000091552734,95.05999755859376
AMD,2023-08-01,2023-08-02,POSSIBLE_CATALYST,70,1.580879513381535,0.8827029601451278,2.797200092273,-7.015306213473704,False,117.5999984741211,109.3499984741211
AMD,2023-11-01,2023-11-02,PROBABLE_CATALYST,80,2.399943983448459,0.988600974823002,9.685280117286643,-0.1943716056026945,False,108.04000091552734,107.83000183105467
AMD,2023-12-07,2023-12-08,PROBABLE_CATALYST,80,2.385254517419299,0.9660090214292406,9.887001757007386,0.4284514081781543,False,128.3699951171875,128.9199981689453
AMD,2023-12-11,2023-12-12,POSSIBLE_CATALYST,70,1.8865932743043365,0.9072179312297607,4.258459177116647,2.380772904587225,False,134.41000366210938,137.61000061035156
AMD,2023-12-12,2023-12-13,POSSIBLE_CATALYST,70,2.010527573151979,0.7146436530929104,2.380772904587225,0.42148232576277866,False,137.61000061035156,138.19000244140625
AMD,2024-01-16,2024-01-17,POSSIBLE_CATALYST,70,1.856889028740977,0.8993844789690454,8.310595071960769,0.9008395025177363,False,158.74000549316406,160.1699981689453
AMD,2024-01-17,2024-01-18,POSSIBLE_CATALYST,70,1.6682237396003476,0.9246793578598589,0.9008395025177363,1.560841623637299,False,160.1699981689453,162.6699981689453
AMD,2024-01-19,2024-01-22,POSSIBLE_CATALYST,70,1.9894147154121429,0.9983398948220167,7.106410333015312,-3.4724233485138867,False,174.22999572753906,168.17999267578125
AMD,2024-01-24,2024-01-25,POSSIBLE_CATALYST,70,1.5697195515290667,0.7714563304912201,5.860346291707419,1.1442081001416193,False,178.2899932861328,180.3300018310547
AMD,2024-02-29,2024-03-01,POSSIBLE_CATALYST,70,1.660168285946265,0.9643397965184934,9.05744086397904,5.251130044383867,False,192.52999877929688,202.63999938964844
AMD,2024-03-01,2024-03-04,POSSIBLE_CATALYST,70,1.6175704627864282,0.9890408496424637,5.251130044383867,1.3422824856374804,False,202.63999938964844,205.3600006103516
AMD,2024-10-29,2024-10-30,POSSIBLE_CATALYST,70,1.9513934851044616,0.8529760007691719,3.9582303048599554,-10.616537682095862,False,166.25,148.60000610351562
TSLA,2024-07-01,2024-07-02,POSSIBLE_CATALYST,70,1.7613466731673175,0.7277869190901461,6.054171938510833,10.197271435359356,True,209.8600006103516,231.25999450683597
TSLA,2024-07-02,2024-07-03,PROBABLE_CATALYST,80,2.4450519476013026,0.9969782078306159,10.197271435359356,6.542422054051045,False,231.25999450683597,246.38999938964844
TSLA,2024-07-03,2024-07-05,POSSIBLE_CATALYST,70,1.8675399564850066,0.8609924918132862,6.542422054051045,2.082067005771493,False,246.38999938964844,251.5200042724609
TSLA,2024-07-05,2024-07-08,POSSIBLE_CATALYST,70,1.6433671981349363,0.914228875944819,2.082067005771493,0.5645666924397386,False,251.5200042724609,252.94000244140625
TSLA,2024-07-09,2024-07-10,POSSIBLE_CATALYST,70,1.5467366029815617,0.7857607726079004,3.712336538398886,0.3545241645880992,False,262.3299865722656,263.260009765625
TSLA,2024-10-24,2024-10-25,SCHEDULED_CATALYST,90,2.568759109563737,0.9157686683082729,21.919035070290406,3.343823359841336,False,260.4800109863281,269.19000244140625
TSLA,2024-10-25,2024-10-28,POSSIBLE_CATALYST,70,1.9207850963756645,0.9788293468756596,3.343823359841336,-2.4815158866218545,False,269.19000244140625,262.510009765625
TSLA,2024-11-06,2024-11-07,POSSIBLE_CATALYST,70,1.9076483353146378,0.9241233023642929,14.751032444224466,2.904379065700735,False,288.5299987792969,296.9100036621094
TSLA,2024-11-08,2024-11-11,PROBABLE_CATALYST,80,2.2397128202009755,0.7587763871497849,8.187665372925302,8.959591143118995,False,321.2200012207031,350.0
TSLA,2024-12-17,2024-12-18,POSSIBLE_CATALYST,70,1.6142675253261491,0.8440329331931921,3.6369912179738284,-8.27949436951747,False,479.8599853515625,440.1300048828125
AAPL,2023-02-02,2023-02-03,POSSIBLE_CATALYST,70,1.6453980189429542,0.8804033194263539,3.7062847157371293,2.439973359755654,False,148.4396209716797,152.06150817871094
AAPL,2023-05-05,2023-05-08,PROBABLE_CATALYST,80,2.007411376702989,0.7937870154053088,4.692683651017671,-0.040338389411098685,False,171.09136962890625,171.02235412597656
AAPL,2023-09-07,2023-09-08,POSSIBLE_CATALYST,70,2.009778501250966,0.860812144262125,-2.92493491910929,0.34917216262948525,False,175.503173828125,176.11598205566406
AAPL,2024-01-18,2024-01-19,POSSIBLE_CATALYST,70,1.5075097876975283,0.8459229960723648,3.257053345242067,1.5533121829983454,False,186.6905517578125,189.59043884277344
AAPL,2024-02-02,2024-02-05,POSSIBLE_CATALYST,70,1.7959371164487863,0.8168322534469175,-0.540496833990034,0.9846668120049307,False,183.93914794921875,185.75033569335935
AAPL,2024-03-15,2024-03-18,POSSIBLE_CATALYST,70,1.7944796691804545,1.0,-0.21966136548198234,0.63724288623217,False,171.06317138671875,172.15325927734375
AAPL,2024-05-02,2024-05-03,POSSIBLE_CATALYST,70,1.5784351503129566,0.8458499692411618,2.2031928720760208,5.981628885765988,False,171.469482421875,181.7261505126953
AAPL,2024-06-11,2024-06-12,SCHEDULED_CATALYST,90,2.9431632226550763,0.9992601798574944,7.264925517822474,2.8578355315636683,False,205.56021118164065,211.43478393554688
AAPL,2024-08-05,2024-08-06,POSSIBLE_CATALYST,70,2.0516306493010816,0.7582859584263392,-4.816702677120133,-0.9748143626240213,False,207.66392517089844,205.63958740234372
AAPL,2024-09-09,2024-09-10,POSSIBLE_CATALYST,70,1.5645844046474537,0.9210524554617087,0.04076588958530358,-0.36214086874456486,False,219.4683380126953,218.67355346679688
AAPL,2024-11-25,2024-11-26,POSSIBLE_CATALYST,70,1.9377687119719327,0.8917363311901501,1.3050799063520246,0.9404383964558116,False,231.6048126220703,233.7829132080078
AAPL,2024-12-20,2024-12-23,POSSIBLE_CATALYST,70,2.9338312452242916,0.9452207690038325,1.8815821686944068,0.30649319457303204,False,253.10736083984372,253.88311767578125
MSFT,2023-02-07,2023-02-08,POSSIBLE_CATALYST,70,1.5574674817923924,0.8607605160945946,4.20220190874927,-0.3101949027413231,False,261.3122863769531,260.501708984375
MSFT,2023-03-15,2023-03-16,POSSIBLE_CATALYST,70,1.6696844783151958,0.8569455638390793,1.7830441212167925,4.053656873740397,False,259.8911437988281,270.4262390136719
MSFT,2023-03-16,2023-03-17,POSSIBLE_CATALYST,70,1.8977930958250582,0.9728926668183341,4.053656873740397,1.1694072456642113,False,270.4262390136719,273.588623046875
MSFT,2023-04-27,2023-04-28,POSSIBLE_CATALYST,70,1.6220998209366246,0.9628115396175956,3.2027711917956614,0.797168712605556,False,298.45770263671875,300.8369140625
MSFT,2023-05-25,2023-05-26,POSSIBLE_CATALYST,70,1.6488279121517655,0.8579737194768658,3.845781856465158,2.1385578039558206,False,319.804443359375,326.6436462402344
MSFT,2023-07-18,2023-07-19,POSSIBLE_CATALYST,70,2.530209078972644,0.7037784281143812,3.9799645655638205,-1.2267351170933138,False,352.74444580078125,348.4172058105469
MSFT,2023-11-20,2023-11-21,POSSIBLE_CATALYST,70,1.7582588829773953,0.8182981495556242,2.0521801697869213,-1.1577877310656182,False,371.8950805664063,367.5893249511719
MSFT,2023-12-15,2023-12-18,POSSIBLE_CATALYST,70,2.5544829210974256,0.7271267577540637,1.3117286105821746,0.5178946858357625,False,365.2836608886719,367.1754455566406
MSFT,2024-03-14,2024-03-15,POSSIBLE_CATALYST,70,1.6356169375392506,0.7355033994598127,2.437961185099491,-2.0695126564410526,False,419.7479553222656,411.0612182617188
MSFT,2024-04-25,2024-04-26,POSSIBLE_CATALYST,70,2.108954919864234,0.9283301040323821,-2.4495175748030174,1.8243847073110775,False,393.9048767089844,401.0912170410156
MSFT,2024-05-31,2024-06-03,POSSIBLE_CATALYST,70,2.5768728250472943,0.867647352149196,0.11093051021411338,-0.3878265677590309,False,410.5269470214844,408.934814453125
MSFT,2024-06-21,2024-06-24,POSSIBLE_CATALYST,70,1.7694897831634733,0.8034416826003805,0.9154138011590263,-0.46912621220669415,False,444.7927551269531,442.70611572265625
MSFT,2024-10-22,2024-10-23,POSSIBLE_CATALYST,70,1.526083108053885,0.7551848336618708,2.0846224211990227,-0.680682038113356,False,423.53167724609375,420.6487731933594
GOOGL,2023-02-02,2023-02-03,POSSIBLE_CATALYST,70,1.9538988269276123,0.9508925378319537,7.278692203590298,-2.74734287318803,False,106.93204498291016,103.99425506591795
GOOGL,2023-03-16,2023-03-17,POSSIBLE_CATALYST,70,1.8091612753520698,0.8470997586484266,4.380380717600452,1.295847159074559,False,99.56768798828124,100.8579330444336
GOOGL,2023-04-27,2023-04-28,POSSIBLE_CATALYST,70,1.5704008724658305,0.8385080511406184,3.741189200134998,-0.2323545472751598,False,106.78316497802734,106.53504943847656
GOOGL,2023-05-10,2023-05-11,POSSIBLE_CATALYST,70,1.9270027200856563,0.7624746638727731,4.09874269811743,4.313203377069796,False,110.91197967529295,115.69583892822266
GOOGL,2023-10-24,2023-10-25,POSSIBLE_CATALYST,70,1.738198036656906,0.7164936290703174,1.6923090958586906,-9.509391690973967,False,137.76904296875,124.66804504394533
GOOGL,2024-02-02,2024-02-05,POSSIBLE_CATALYST,70,2.049919634436312,0.9607858781290528,0.8642527534966638,0.9130398069677303,False,141.31228637695312,142.60252380371094
GOOGL,2024-04-25,2024-04-26,POSSIBLE_CATALYST,70,2.113234594324172,0.9128105714433079,-1.9669601779230828,10.224344283192899,True,154.8301544189453,170.6605224609375
GOOGL,2024-05-31,2024-06-03,POSSIBLE_CATALYST,70,1.5534045895284925,0.8453043331647274,0.22660488568995163,0.38839826512648834,False,171.2064208984375,171.8713836669922
GOOGL,2024-06-21,2024-06-24,POSSIBLE_CATALYST,70,2.3432992894519686,0.7122642358199607,1.8888354553494358,-0.22824806381541718,False,178.48756408691406,178.08016967773438
GOOGL,2024-07-26,2024-07-29,POSSIBLE_CATALYST,70,1.6861801382534816,0.7295293627655154,-0.1673714222660161,1.514955623524461,False,165.93789672851562,168.4517822265625
GOOGL,2024-09-20,2024-09-23,POSSIBLE_CATALYST,70,1.6275379788974509,0.9161679382338077,0.894287665180693,-1.0636370070830736,False,162.76527404785156,161.03404235839844
GOOGL,2024-10-29,2024-10-30,POSSIBLE_CATALYST,70,1.97369036898635,0.7872308848219479,1.7754173045212207,2.817087901981963,False,168.8245391845703,173.58047485351562
GOOGL,2024-12-10,2024-12-11,POSSIBLE_CATALYST,70,1.9556616087816923,0.7758939757928236,5.588191901773998,5.5246464684401975,False,184.44761657714844,194.6376953125
GOOGL,2024-12-11,2024-12-12,PROBABLE_CATALYST,80,2.2506966909397277,0.9804826374461652,5.5246464684401975,-1.7604808990060672,False,194.6376953125,191.2111358642578
GOOGL,2024-12-20,2024-12-23,POSSIBLE_CATALYST,70,1.887056531501194,0.8070409281802268,1.5383720261245015,1.6822554514062338,False,190.66326904296875,193.87071228027344
META,2023-02-01,2023-02-02,POSSIBLE_CATALYST,70,1.9567831498896737,0.9294468692589415,2.7857983776258255,23.28237832582827,True,152.05783081054688,187.46051025390625
META,2023-03-16,2023-03-17,POSSIBLE_CATALYST,70,1.6623907211845734,0.9141673228315403,3.6308523732573983,-4.5478981681813195,False,203.5084228515625,194.2530670166016
META,2023-04-28,2023-05-01,POSSIBLE_CATALYST,70,1.675561849514602,0.9764988197243114,0.7377518837013319,1.1900878483727562,False,238.6529235839844,241.49310302734372
META,2023-06-23,2023-06-26,POSSIBLE_CATALYST,70,2.144985070917341,0.9123132150777286,1.3514497486729837,-3.5534978274116003,False,286.7271423339844,276.5382995605469
META,2023-09-27,2023-09-28,POSSIBLE_CATALYST,70,1.8484022750237774,0.754651781526638,-0.40808501736930847,2.089080384139619,False,295.6745910644531,301.8514709472656
META,2024-04-25,2024-04-26,POSSIBLE_CATALYST,70,4.364175209967231,0.859610307859718,-10.561305787953524,0.4327290557481822,False,438.78326416015625,440.6820068359375
META,2024-04-26,2024-04-29,POSSIBLE_CATALYST,70,1.6454820139756796,0.7824591501029543,0.4327290557481822,-2.4069913383878982,False,440.6820068359375,430.0748291015625
META,2024-07-05,2024-07-08,POSSIBLE_CATALYST,70,1.7983490367415962,0.9672011502222354,5.873006861932417,-1.961426282812273,False,537.2664794921875,526.7283935546875
META,2024-07-31,2024-08-01,POSSIBLE_CATALYST,70,1.5876304227952291,0.8287165715144209,2.5130007971001733,4.824883317548334,False,472.505126953125,495.3029479980469
AMZN,2023-02-02,2023-02-03,POSSIBLE_CATALYST,70,1.9563711744310623,0.7871102044587237,7.379935352944922,-8.431497620839846,False,112.91000366210938,103.38999938964844
AMZN,2023-04-27,2023-04-28,POSSIBLE_CATALYST,70,2.491251989467916,0.7438419849967688,4.610398345515931,-3.9792412663683274,False,109.81999969482422,105.4499969482422
AMZN,2023-08-03,2023-08-04,POSSIBLE_CATALYST,70,1.5598942299539693,0.7288645301350606,0.5459768439170398,8.269337801006271,False,128.91000366210938,139.57000732421875
AMZN,2023-12-15,2023-12-18,POSSIBLE_CATALYST,70,2.158879352312466,0.7769496063349443,1.729753821347546,2.7338841569267247,False,149.97000122070312,154.07000732421875
AMZN,2024-02-01,2024-02-02,POSSIBLE_CATALYST,70,1.639387765483231,0.8840589859169464,2.6288672108771616,7.866649218561839,False,159.27999877929688,171.80999755859375
AMZN,2024-02-02,2024-02-05,PROBABLE_CATALYST,80,2.3562154072832273,0.8665371981075554,7.866649218561839,-0.8730574595861018,False,171.80999755859375,170.30999755859375
AMZN,2024-05-15,2024-05-16,POSSIBLE_CATALYST,70,1.61006537565397,0.8170439291901465,-0.5773249525686142,-1.268885714634993,False,185.9900054931641,183.6300048828125
AMZN,2024-06-21,2024-06-24,POSSIBLE_CATALYST,70,1.9960835398709176,0.9415213288538496,1.6012872809265222,-1.8563541743415901,False,189.0800018310547,185.57000732421875
AMZN,2024-06-26,2024-06-27,POSSIBLE_CATALYST,70,1.6707747041385381,0.8606555912506862,3.901472799901873,2.189972356695158,False,193.6100006103516,197.8500061035156
AMZN,2024-08-02,2024-08-05,POSSIBLE_CATALYST,70,3.069306017611224,0.8941593373751174,-8.78470841762542,-4.097671157906757,False,167.89999389648438,161.02000427246094
AMZN,2024-08-05,2024-08-06,POSSIBLE_CATALYST,70,1.714282062150853,0.8290747666818135,-4.097671157906757,0.5651399696776416,False,161.02000427246094,161.92999267578125
AMZN,2024-09-20,2024-09-23,POSSIBLE_CATALYST,70,2.7713323508282914,0.9458260426282239,0.9111555436973173,1.1899784481557374,False,191.6000061035156,193.8800048828125
AMZN,2024-11-06,2024-11-07,POSSIBLE_CATALYST,70,1.9303846352574598,0.945302435962105,3.8045094425517068,1.429333510169939,False,207.08999633789065,210.0500030517578
AMZN,2024-12-20,2024-12-23,POSSIBLE_CATALYST,70,2.240580302359255,0.8275392178862127,0.729994595290151,0.06224408269079884,False,224.9199981689453,225.05999755859372
NFLX,2023-03-15,2023-03-16,POSSIBLE_CATALYST,70,1.551959042414342,0.8203842974757197,3.0006111224281984,2.0639284199595043,False,30.378999710083008,31.006000518798828
NFLX,2023-03-23,2023-03-24,PROBABLE_CATALYST,80,2.463749981309353,0.8707075709653288,9.006462790411508,2.5033616894452715,False,32.0369987487793,32.8390007019043
NFLX,2023-04-19,2023-04-20,POSSIBLE_CATALYST,70,2.858790973122975,0.7274606769999497,-3.1705085139084432,0.6901447476428846,False,32.3120002746582,32.53499984741211
NFLX,2023-05-18,2023-05-19,SCHEDULED_CATALYST,90,3.616066414019662,0.8447457407946206,9.21580004683653,-1.5971404926157007,False,37.12900161743164,36.5359992980957
NFLX,2023-07-18,2023-07-19,PROBABLE_CATALYST,80,2.1527392053956307,0.8859383543940472,5.499385435798954,0.5876144298718744,False,47.47999954223633,47.75899887084961
NFLX,2023-12-13,2023-12-14,POSSIBLE_CATALYST,70,1.5711861913136906,0.9340949537860956,3.6673906901776077,-2.114670124621809,False,47.99800109863281,46.983001708984375
NFLX,2023-12-15,2023-12-18,POSSIBLE_CATALYST,70,1.9999285830884754,0.8350912181606457,0.4746388366907217,2.9784311142752484,False,47.20600128173828,48.61199951171875
NFLX,2024-01-25,2024-01-26,POSSIBLE_CATALYST,70,1.546719119087341,0.9026667277018229,3.1438715043434984,1.498218936876472,False,56.20000076293945,57.04199981689453
NFLX,2024-04-22,2024-04-23,POSSIBLE_CATALYST,70,2.1330458739950604,0.7584331244441654,-0.07927812712005267,4.174184059902708,False,55.459999084472656,57.775001525878906
NFLX,2024-06-14,2024-06-17,POSSIBLE_CATALYST,70,1.6046981561000253,0.7297317072359559,2.4676349845002665,0.9635731706288508,False,66.93800354003906,67.58300018310547
NFLX,2024-06-21,2024-06-24,POSSIBLE_CATALYST,70,1.5992760245228947,0.9113607990012484,1.0441359513771786,-2.4922740871013316,False,68.61199951171875,66.9020004272461
NFLX,2024-10-18,2024-10-21,SCHEDULED_CATALYST,90,4.451668459510525,0.9204663455801518,11.087036453117594,1.070835845619933,False,76.38899993896484,77.20700073242188
NFLX,2024-10-21,2024-10-22,POSSIBLE_CATALYST,70,1.6238961066815372,0.943291247592553,1.070835845619933,-1.0141530222904316,False,77.20700073242188,76.42400360107422
MRNA,2023-02-17,2023-02-21,POSSIBLE_CATALYST,70,1.5809794757163178,0.9801988175692689,-3.313789992444549,-3.907568743773071,False,166.60000610351562,160.08999633789062
MRNA,2023-04-11,2023-04-12,POSSIBLE_CATALYST,70,2.1205862007946847,0.7949060949318671,-3.059627900861217,0.19967636624396157,False,155.25,155.55999755859375
MRNA,2023-05-23,2023-05-24,PROBABLE_CATALYST,80,2.3560947436274504,0.8490564025845031,8.687077735368852,-4.471871987012255,False,137.75,131.58999633789062
MRNA,2023-07-21,2023-07-24,POSSIBLE_CATALYST,70,2.286461126637843,0.8591798877758345,1.3304509952486443,-2.7050527253738244,False,126.43000030517578,123.01000213623048
MRNA,2023-08-17,2023-08-18,POSSIBLE_CATALYST,70,1.7112452480549387,0.955613080321749,7.399918955035134,-4.348640069733101,False,106.23999786376952,101.62000274658205
MRNA,2023-08-21,2023-08-22,POSSIBLE_CATALYST,70,1.750102218999406,0.8819049653552814,9.309189951572616,4.645297036061313,False,111.08000183105467,116.23999786376952
MRNA,2023-08-22,2023-08-23,POSSIBLE_CATALYST,70,1.5295752150008568,0.8552036980139396,4.645297036061313,-0.6710244267304599,False,116.23999786376952,115.45999908447266
MRNA,2023-09-15,2023-09-18,POSSIBLE_CATALYST,70,1.569029045807773,0.8029838917217615,1.5778732539838192,-9.119467040934682,False,114.58999633789062,104.13999938964844
MRNA,2023-11-02,2023-11-03,POSSIBLE_CATALYST,70,3.347754352697984,0.807441957183853,-6.522301562143628,8.844581111128136,False,71.2300033569336,77.52999877929688
MRNA,2023-11-03,2023-11-06,POSSIBLE_CATALYST,70,1.6775878971735767,0.7228933433632757,8.844581111128136,-7.042434116393482,False,77.52999877929688,72.06999969482422
MRNA,2023-12-13,2023-12-14,POSSIBLE_CATALYST,70,2.3056603882882127,0.9780616599996652,0.7175775910098992,9.249369482945436,False,78.5999984741211,85.87000274658203
MRNA,2024-01-02,2024-01-03,PROBABLE_CATALYST,80,2.241954994877365,0.8046682712765459,13.122175417008354,-3.484442816840294,False,112.5,108.58000183105467
MRNA,2024-02-22,2024-02-23,PROBABLE_CATALYST,80,2.8702842351132998,0.7853795997108395,13.528949193926842,-2.9967852813454154,False,99.44000244140624,96.45999908447266
MRNA,2024-03-11,2024-03-12,PROBABLE_CATALYST,80,2.1971405398730144,0.802608987559443,8.686794801200314,-1.384178429444416,False,111.9800033569336,110.43000030517578
MRNA,2024-05-02,2024-05-03,PROBABLE_CATALYST,80,3.4751174035955397,0.7816948324947032,12.67719125200173,-0.46977972377933996,False,125.58999633789062,125.0
MRNA,2024-05-22,2024-05-23,SCHEDULED_CATALYST,90,3.151948706949026,0.9297688021128611,13.668313073943473,0.41633053827099253,False,163.3300018310547,164.00999450683594
MRNA,2024-05-23,2024-05-24,POSSIBLE_CATALYST,70,1.5723896095579524,0.8528638072304476,0.41633053827099253,1.5852729654272757,False,164.00999450683594,166.61000061035156
MRNA,2024-08-05,2024-08-06,POSSIBLE_CATALYST,70,1.941677201854193,0.7291398764606273,-3.2686553143957298,-1.7313396396921643,False,83.75,82.30000305175781
MRNA,2024-09-12,2024-09-13,POSSIBLE_CATALYST,70,5.073457995738314,0.8264097121996774,-12.363226722359034,-2.009187026043846,False,69.68000030517578,68.27999877929688
MRNA,2024-09-13,2024-09-16,POSSIBLE_CATALYST,70,2.335093416417839,0.9009890519403346,-2.009187026043846,1.3034554855883895,False,68.27999877929688,69.16999816894531
MRNA,2024-11-12,2024-11-13,POSSIBLE_CATALYST,70,1.5536810416458213,0.7509729705659706,1.684213381761701,-3.0595854467592165,False,43.470001220703125,42.13999938964844
MRNA,2024-11-18,2024-11-19,POSSIBLE_CATALYST,70,1.5646347938494802,0.9043148290758561,7.218453073424613,-5.618824349065954,False,39.5099983215332,37.290000915527344
BNTX,2023-02-23,2023-02-24,POSSIBLE_CATALYST,70,1.6233602023075708,0.7436427116671516,-0.17827043337996784,-0.8036325887042728,False,134.38999938964844,133.30999755859375
BNTX,2023-04-24,2023-04-25,POSSIBLE_CATALYST,70,1.8619617766739303,0.9199316864073367,-1.14135820768827,-2.2919698094426066,False,116.93000030517578,114.25
BNTX,2023-05-23,2023-05-24,PROBABLE_CATALYST,80,2.7990968099735722,0.7692968397709812,8.18604935047238,-4.479799292480269,False,116.3000030517578,111.08999633789062
BNTX,2023-08-08,2023-08-09,POSSIBLE_CATALYST,70,1.5055137394267308,0.857142640890219,3.319793546260308,4.637910362970121,False,101.7699966430664,106.48999786376952
BNTX,2023-08-09,2023-08-10,POSSIBLE_CATALYST,70,1.5272652988266537,0.798245238318318,4.637910362970121,-0.9672258427636748,False,106.48999786376952,105.45999908447266
BNTX,2023-08-21,2023-08-22,POSSIBLE_CATALYST,70,1.948498096178254,0.7557160799406528,6.496917478516928,5.351825900499652,False,117.52999877929688,123.81999969482422
BNTX,2023-08-22,2023-08-23,POSSIBLE_CATALYST,70,1.6999052873218787,0.9675855741337481,5.351825900499652,-0.6622514107941013,False,123.81999969482422,123.0
BNTX,2023-09-29,2023-10-02,PROBABLE_CATALYST,80,2.193342495319086,0.7706534561813143,6.478487395309873,3.7831375491918173,False,108.63999938964844,112.75
BNTX,2023-10-02,2023-10-03,POSSIBLE_CATALYST,70,1.9390807487882913,0.9416497295173066,3.7831375491918173,-3.033257799508049,False,112.75,109.33000183105467
BNTX,2023-12-04,2023-12-05,POSSIBLE_CATALYST,70,1.5676154380886176,0.9895187720025016,0.5130806120739129,-1.1710597091926456,False,99.91000366210938,98.73999786376952
BNTX,2023-12-05,2023-12-06,POSSIBLE_CATALYST,70,1.6213041717294452,0.7363624383578616,-1.1710597091926456,2.633176554964378,False,98.73999786376952,101.33999633789062
BNTX,2023-12-06,2023-12-07,POSSIBLE_CATALYST,70,1.6240104218859606,0.7612233808172146,2.633176554964378,0.5772712995929297,False,101.33999633789062,101.9250030517578
BNTX,2023-12-07,2023-12-08,POSSIBLE_CATALYST,70,1.5638789915317246,0.9737772964205826,0.5772712995929297,1.4765731747427457,False,101.9250030517578,103.43000030517578
BNTX,2023-12-13,2023-12-14,POSSIBLE_CATALYST,70,3.0621439298228887,0.9772722346729578,-1.4901177881051497,6.966450526658274,False,97.18000030517578,103.9499969482422
BNTX,2023-12-14,2023-12-15,POSSIBLE_CATALYST,70,2.179061572023727,0.7020949996630762,6.966450526658274,-1.6835017329258295,False,103.9499969482422,102.1999969482422
BNTX,2024-01-02,2024-01-03,POSSIBLE_CATALYST,70,1.6292078060263093,0.7532810396159748,6.447792539458486,-2.025013575289958,False,112.34500122070312,110.06999969482422
BNTX,2024-01-19,2024-01-22,POSSIBLE_CATALYST,70,1.9885272333673791,0.935485359535842,0.7074771352839626,1.6188111567193575,False,98.22000122070312,99.80999755859376
BNTX,2024-03-11,2024-03-12,PROBABLE_CATALYST,80,2.2885418558198656,0.8195493724967826,5.511128074609739,-0.591899975867971,False,96.3000030517578,95.7300033569336
BNTX,2024-03-20,2024-03-21,POSSIBLE_CATALYST,70,4.2003695339765965,0.9775371576356214,-4.377393355666537,2.211108737521683,False,90.0,91.98999786376952
BNTX,2024-03-21,2024-03-22,POSSIBLE_CATALYST,70,1.811080689321952,0.7318005366883147,2.211108737521683,-0.1739276404286727,False,91.98999786376952,91.83000183105467
BNTX,2024-05-22,2024-05-23,SCHEDULED_CATALYST,90,5.901175360666693,0.9668507743905254,11.111114794006749,-3.225809338527774,False,102.3000030517578,99.0
BNTX,2024-08-13,2024-08-14,POSSIBLE_CATALYST,70,1.6254832613179213,0.9135784154433754,2.75365109858261,2.426366761331078,False,82.83999633789062,84.8499984741211
BNTX,2024-08-16,2024-08-19,POSSIBLE_CATALYST,70,1.5777700307942595,0.8504685780563339,-2.361028720451286,5.564030670183051,False,85.19000244140625,89.93000030517578
BNTX,2024-08-19,2024-08-20,PROBABLE_CATALYST,80,2.1029870529796892,0.8462931895566949,5.564030670183051,-1.5567680653041593,False,89.93000030517578,88.52999877929688
BNTX,2024-09-09,2024-09-10,SCHEDULED_CATALYST,90,3.2694323385005792,0.9393936907985653,11.774511952887433,0.09947127756424479,False,100.52999877929688,100.62999725341795
BNTX,2024-09-12,2024-09-13,PROBABLE_CATALYST,80,2.1639780201677903,0.9927235265240345,5.772140173970497,17.52381097702753,True,105.0,123.4000015258789
BNTX,2024-09-13,2024-09-16,SCHEDULED_CATALYST,90,5.5870481259702816,0.901518776306641,17.52381097702753,0.05672584599567543,False,123.4000015258789,123.47000122070312
BNTX,2024-11-13,2024-11-14,POSSIBLE_CATALYST,70,1.585804766488654,0.7678819821610026,4.853276596050038,-7.104418334992124,False,111.4800033569336,103.55999755859376
BNTX,2024-11-15,2024-11-18,POSSIBLE_CATALYST,70,3.4885907010856654,0.7370573212524253,-3.7079919162010255,2.1560384070999694,False,99.72000122070312,101.87000274658205
BNTX,2024-11-25,2024-11-26,POSSIBLE_CATALYST,70,1.6714177400703978,0.9543678542795263,6.7444577636830205,-1.8383580502083219,False,120.76000213623048,118.54000091552734
NVAX,2023-02-28,2023-03-01,PROBABLE_CATALYST,80,2.0196599072153867,0.8271611333896922,6.805076671234467,-25.917926955140437,False,9.260000228881836,6.860000133514404
NVAX,2023-03-03,2023-03-06,POSSIBLE_CATALYST,70,1.712180642182408,0.7964601807254844,10.966814541235514,-5.201561669584843,False,7.690000057220459,7.289999961853027
NVAX,2023-03-17,2023-03-20,POSSIBLE_CATALYST,70,1.846795962345469,0.7916656732549731,-0.33500806749394707,0.5042052230259664,False,5.949999809265137,5.980000019073486
NVAX,2023-07-10,2023-07-11,SCHEDULED_CATALYST,90,4.234857035719045,0.9155553181966146,29.460575822746904,2.777780324984902,False,9.359999656677246,9.619999885559082
NVAX,2023-08-21,2023-08-22,POSSIBLE_CATALYST,70,2.2294318298023117,0.712417991032346,13.025207923377469,13.506817767130453,True,8.069999694824219,9.15999984741211
NVAX,2023-09-05,2023-09-06,POSSIBLE_CATALYST,70,1.777043687673251,0.7843135604947137,10.231426902374064,7.624304594929221,False,9.050000190734863,9.739999771118164
NVAX,2023-12-13,2023-12-14,POSSIBLE_CATALYST,70,1.6449745113804948,0.833333554091195,0.9416231878279557,6.1567148411558525,False,5.360000133514404,5.690000057220459
NVAX,2024-02-27,2024-02-28,POSSIBLE_CATALYST,70,1.6878957929042597,0.9423072867139408,9.454545107754786,-26.74418834909391,False,6.019999980926514,4.409999847412109
NVAX,2024-02-29,2024-03-01,POSSIBLE_CATALYST,70,1.6468364418316295,0.7671231892435991,12.018145762961097,9.109307774347153,False,4.940000057220459,5.389999866485596
NVAX,2024-05-13,2024-05-14,SCHEDULED_CATALYST,90,6.811495092172735,0.8067414275926494,47.63512936624154,2.822272274970139,False,13.109999656677246,13.479999542236328
NVAX,2024-07-16,2024-07-17,POSSIBLE_CATALYST,70,1.6868881474156732,0.7807018204298728,8.730163085247455,-3.5888085974548845,False,16.440000534057617,15.850000381469728
NVAX,2024-08-30,2024-09-03,POSSIBLE_CATALYST,70,1.915117125947737,0.9191178790838834,8.59649586582172,2.342487553895478,False,12.380000114440918,12.670000076293944
NVAX,2024-09-13,2024-09-16,PROBABLE_CATALYST,80,2.2203479790892633,0.8099547198894599,14.177848737973676,-3.012489770423754,False,13.609999656677246,13.199999809265137
NVAX,2024-10-02,2024-10-03,SCHEDULED_CATALYST,90,2.684275960647962,0.8223684313719949,19.155849584501404,-1.7711186885341346,False,14.68000030517578,14.420000076293944
NVAX,2024-11-15,2024-11-18,POSSIBLE_CATALYST,70,1.6356554695073087,0.980769706901026,1.3850468750092881,6.967209563998211,False,7.320000171661377,7.829999923706055
VRTX,2023-03-24,2023-03-27,PROBABLE_CATALYST,80,2.083494056177017,0.9497126870553191,3.1632533711033695,-1.8830157294767669,False,314.3900146484375,308.4700012207031
VRTX,2023-04-27,2023-04-28,PROBABLE_CATALYST,80,2.4839734106554627,0.9459283691151262,4.970617980508396,0.40074723420111535,False,339.3699951171875,340.7300109863281
VRTX,2023-08-02,2023-08-03,POSSIBLE_CATALYST,70,1.73272847781998,0.8458773063621962,3.0655098526127578,-2.9743314295893275,False,358.3999938964844,347.739990234375
VRTX,2023-10-16,2023-10-17,POSSIBLE_CATALYST,70,1.800522554916651,0.8676444189135653,0.8086253369272267,-0.13368983957219305,False,374.0,373.5
VRTX,2023-11-06,2023-11-07,POSSIBLE_CATALYST,70,1.5672285378283026,0.7963191792106643,2.5412007571474104,-1.9468087866826411,False,385.760009765625,378.25
VRTX,2023-12-13,2023-12-14,SCHEDULED_CATALYST,90,3.676850760335511,0.9719881827156607,13.233442787583162,0.3777121859511512,False,405.0700073242188,406.6000061035156
VRTX,2023-12-14,2023-12-15,POSSIBLE_CATALYST,70,1.8525116415556853,0.9757255410391942,0.3777121859511512,1.0034398699017677,False,406.6000061035156,410.6799926757813
VRTX,2023-12-15,2023-12-18,POSSIBLE_CATALYST,70,2.3473734845364387,0.9170411423319451,1.0034398699017677,-1.4682962128270582,False,410.6799926757813,404.6499938964844
VRTX,2024-01-19,2024-01-22,POSSIBLE_CATALYST,70,2.2198667084365065,0.9691446231556456,0.47114831529906365,1.170060334338019,False,435.0199890136719,440.1099853515625
VRTX,2024-01-30,2024-01-31,PROBABLE_CATALYST,80,2.3325079416225076,0.8760016898036007,2.3541781184024835,-2.8470189364560805,False,446.0799865722656,433.3800048828125
VRTX,2024-05-31,2024-06-03,POSSIBLE_CATALYST,70,1.9452552190326418,0.8831840000726608,2.7739552834983527,3.2591023097559235,False,455.3399963378906,470.1799926757813
VRTX,2024-06-03,2024-06-04,POSSIBLE_CATALYST,70,1.564416082292572,0.9314823487125108,3.2591023097559235,1.0145092529573407,False,470.1799926757813,474.9500122070313
VRTX,2024-11-05,2024-11-06,POSSIBLE_CATALYST,70,1.6057673040090592,0.8859983722560552,5.727584134731734,-1.2482976261148582,False,499.8800048828125,493.6400146484375
VRTX,2024-11-25,2024-11-26,POSSIBLE_CATALYST,70,1.5040128744944887,0.8258404090712251,2.381530967759171,1.1609053233283095,False,461.7099914550781,467.0700073242188
VRTX,2024-12-19,2024-12-20,POSSIBLE_CATALYST,70,5.174546532081633,0.7174496675576851,-11.365359855097768,0.15882773849551501,False,396.6400146484375,397.2699890136719
VRTX,2024-12-20,2024-12-23,POSSIBLE_CATALYST,70,3.406649532094372,0.7273949697501348,0.15882773849551501,2.013743857134065,False,397.2699890136719,405.2699890136719
REGN,2023-02-03,2023-02-06,PROBABLE_CATALYST,80,2.0576307060720347,0.7822475820768723,4.250526439286717,-0.2898581845360404,False,778.8106079101562,776.5531616210938
REGN,2023-03-16,2023-03-17,POSSIBLE_CATALYST,70,1.8094741585741931,0.8785553700612121,-1.3876034878454235,-0.2800963838694881,False,745.61474609375,743.5263061523438
REGN,2023-03-24,2023-03-27,POSSIBLE_CATALYST,70,1.653284537968893,0.8260112353584619,2.2239996462154243,0.04999708100874578,False,815.477294921875,815.885009765625
REGN,2023-04-27,2023-04-28,POSSIBLE_CATALYST,70,1.5159883867965565,0.8152948305700076,1.8367526928679156,1.1990441297165866,False,787.9201049804688,797.3676147460938
REGN,2023-07-21,2023-07-24,POSSIBLE_CATALYST,70,2.1829956005464712,0.7699102297728949,1.6057639736031026,-1.0209283503004873,False,730.578125,723.1194458007812
REGN,2023-08-18,2023-08-21,POSSIBLE_CATALYST,70,2.010392402795198,0.7195047906468426,1.9667873680240477,3.9352500289341563,False,807.919189453125,839.7128295898438
REGN,2023-08-21,2023-08-22,POSSIBLE_CATALYST,70,1.9436068633785628,0.9292140383206168,3.9352500289341563,-0.4429324193342632,False,839.7128295898438,835.9934692382812
REGN,2023-11-02,2023-11-03,POSSIBLE_CATALYST,70,1.7734816706182748,0.7127576581125765,3.4779468386052725,-0.23082866553971737,False,814.27392578125,812.3943481445312
REGN,2023-11-30,2023-12-01,POSSIBLE_CATALYST,70,1.7858512538935711,0.728640958196955,1.882288165445889,-1.0864154265805337,False,819.2662353515625,810.3656005859375
REGN,2024-01-02,2024-01-03,POSSIBLE_CATALYST,70,1.5185859505386132,0.9914460666490231,3.041129975844381,1.3878450844576173,False,900.0084228515625,912.4991455078124
REGN,2024-03-15,2024-03-18,POSSIBLE_CATALYST,70,2.308571670512522,0.7268405414328243,0.5661884498682435,-0.471761507681967,False,959.150390625,954.62548828125
REGN,2024-05-02,2024-05-03,PROBABLE_CATALYST,80,2.0945800043187215,0.8825990003129087,3.7776244515392188,2.0680269009628605,False,932.4385986328124,951.7216796875
REGN,2024-05-31,2024-06-03,POSSIBLE_CATALYST,70,2.138192083146212,0.9436612071305629,1.0568007797330692,0.9508673156978897,False,974.7538452148438,984.0224609375
REGN,2024-08-01,2024-08-02,POSSIBLE_CATALYST,70,2.159178372137772,0.8641964643815764,1.292635103218709,-1.0017055539479514,False,1087.1107177734375,1076.2210693359375
REGN,2024-10-22,2024-10-23,POSSIBLE_CATALYST,70,2.1125077732516298,0.8048008661427217,-0.6360364868180701,-2.1769813357959134,False,957.0321655273438,936.19775390625
GME,2023-03-17,2023-03-20,POSSIBLE_CATALYST,70,1.6028065989608677,0.8500011920940327,-0.9546530144813992,1.626508744331523,False,16.600000381469727,16.8700008392334
GME,2023-05-17,2023-05-18,POSSIBLE_CATALYST,70,1.7938785317106178,0.7185192197109583,4.001823907570179,0.7870502458327877,False,22.8700008392334,23.049999237060547
GME,2023-05-22,2023-05-23,PROBABLE_CATALYST,80,2.305034751027782,0.9367082393407833,9.74614537887717,-4.3370478181222865,False,24.209999084472656,23.15999984741211
GME,2023-05-30,2023-05-31,POSSIBLE_CATALYST,70,1.753983437811716,0.9136685415383096,5.6774180422547005,-2.116404005789274,False,24.56999969482422,24.049999237060547
GME,2023-06-07,2023-06-08,POSSIBLE_CATALYST,70,4.522008905301103,0.7027035386483056,5.751316507001203,-17.885867357821795,False,26.11000061035156,21.440000534057617
GME,2023-06-08,2023-06-09,POSSIBLE_CATALYST,70,3.974251439410315,0.7052633798023785,-17.885867357821795,5.783580877940819,False,21.440000534057617,22.68000030517578
GME,2023-06-13,2023-06-14,POSSIBLE_CATALYST,70,2.7443150606614752,0.7328247553569572,10.905356415967793,-4.638218792627824,False,26.950000762939453,25.700000762939453
GME,2023-11-28,2023-11-29,SCHEDULED_CATALYST,90,3.7671031083530853,0.9638551655831546,13.266162417704553,20.459601747295398,True,13.489999771118164,16.25
GME,2023-12-04,2023-12-05,PROBABLE_CATALYST,80,2.337035040932735,0.8279998779296875,10.980387781425073,-12.190811252233946,False,16.979999542236328,14.90999984741211
GME,2023-12-07,2023-12-08,POSSIBLE_CATALYST,70,1.8671016809909593,0.9459459981925294,10.242590580422629,-4.951102624679504,False,16.360000610351562,15.550000190734863
GME,2024-03-01,2024-03-04,POSSIBLE_CATALYST,70,1.7455013128221937,0.8727270047527643,4.765237068591044,1.806023151895575,False,14.949999809265137,15.220000267028809
GME,2024-03-25,2024-03-26,SCHEDULED_CATALYST,90,2.8413450719112925,0.9836957901998529,15.41984309364366,2.5132282891341173,False,15.119999885559082,15.5
GME,2024-03-26,2024-03-27,PROBABLE_CATALYST,80,3.929779947088862,0.8522726164376584,2.5132282891341173,-15.032257572297137,False,15.5,13.170000076293944
GME,2024-04-26,2024-04-29,POSSIBLE_CATALYST,70,1.790874697495255,0.7563024671322828,6.1552147906803745,-5.126047699424907,False,11.899999618530272,11.289999961853027
GME,2024-05-02,2024-05-03,PROBABLE_CATALYST,80,2.174359798914177,0.9375000620881692,16.95692399032025,29.075227413203297,True,12.760000228881836,16.469999313354492
GME,2024-05-03,2024-05-06,SCHEDULED_CATALYST,90,6.530922204566845,0.8093382521154777,29.075227413203297,-0.9714623805865963,False,16.469999313354492,16.309999465942383
GME,2024-05-06,2024-05-07,POSSIBLE_CATALYST,70,6.176046528677207,0.711640150902572,-0.9714623805865963,0.0,False,16.309999465942383,16.309999465942383
GME,2024-05-09,2024-05-10,PROBABLE_CATALYST,80,2.346671889732576,0.841772144258336,13.128141599069831,-3.053865282728685,False,18.010000228881836,17.459999084472656
GME,2024-05-15,2024-05-16,POSSIBLE_CATALYST,70,3.4328281426574874,0.7533039988115625,-18.87179643679888,-30.037925132586054,False,39.54999923706055,27.670000076293945
GME,2024-05-17,2024-05-20,POSSIBLE_CATALYST,70,2.0542088472885633,0.9261989555327206,-19.732565871942665,4.187304563312488,False,22.209999084472656,23.13999938964844
GME,2024-06-06,2024-06-07,PROBABLE_CATALYST,80,2.4926531327729284,0.9414302834059133,47.450109873432275,-39.37701444495991,False,46.54999923706055,28.21999931335449
GME,2024-08-30,2024-09-03,SCHEDULED_CATALYST,90,2.7299173749395025,0.965714590890067,8.879590084092692,-1.1955622789639686,False,23.420000076293945,23.13999938964844
GME,2024-09-06,2024-09-09,PROBABLE_CATALYST,80,3.627995291079634,0.7910449991886652,6.833411024356129,1.379598338852439,False,23.920000076293945,24.25
GME,2024-09-11,2024-09-12,POSSIBLE_CATALYST,70,3.2022033382234896,0.7471906801409743,-11.982947897093288,-1.1627896231359958,False,20.63999938964844,20.399999618530277
GME,2024-09-20,2024-09-23,SCHEDULED_CATALYST,90,4.674648349337844,0.9294116767082917,11.993849949442037,2.1052589310834424,False,21.850000381469727,22.309999465942383
GME,2024-10-28,2024-10-29,SCHEDULED_CATALYST,90,2.669873886957228,0.980391716874792,10.500728631296985,-0.21997025106683665,False,22.729999542236328,22.68000030517578
GME,2024-11-08,2024-11-11,PROBABLE_CATALYST,80,2.493761129643099,0.7627905491302033,6.098073992761344,9.565921014451927,False,24.8799991607666,27.26000022888184
GME,2024-11-11,2024-11-12,PROBABLE_CATALYST,80,3.609208611254909,0.7690061431124928,9.565921014451927,-1.5407192691398452,False,27.26000022888184,26.84000015258789
GME,2024-11-12,2024-11-13,POSSIBLE_CATALYST,70,2.3465904452816373,0.8790696395287872,-1.5407192691398452,-1.4158012889526561,False,26.84000015258789,26.459999084472656
AMC,2023-02-21,2023-02-22,POSSIBLE_CATALYST,70,1.9642340167347192,0.8684210262140025,16.412210350554645,2.6229483182312885,False,61.0,62.59999847412109
AMC,2023-02-27,2023-02-28,POSSIBLE_CATALYST,70,2.7169111650335465,0.7099998474121094,22.74193302277596,-6.176080213510771,False,76.0999984741211,71.4000015258789
AMC,2023-06-28,2023-06-29,POSSIBLE_CATALYST,70,1.585900885758051,0.7021273832723102,7.56097188810021,0.22676256752491852,False,44.09999847412109,44.20000076293945
AMC,2023-06-29,2023-06-30,POSSIBLE_CATALYST,70,1.6463166018986022,0.9600006103515625,0.22676256752491852,-0.4524904060796975,False,44.20000076293945,44.0
AMC,2023-07-24,2023-07-25,POSSIBLE_CATALYST,70,7.427245995716564,0.7205882600434539,32.95454545454546,-12.478631174462473,False,58.5,51.20000076293945
AMC,2023-10-06,2023-10-09,POSSIBLE_CATALYST,70,1.5639280246517475,0.8606557056680304,11.566265254049068,6.047510281865365,False,9.260000228881836,9.81999969482422
AMC,2023-10-12,2023-10-13,POSSIBLE_CATALYST,70,1.5203114425994733,0.8229165942304708,5.566218037038095,-13.636363636363635,False,11.0,9.5
AMC,2024-05-13,2024-05-14,POSSIBLE_CATALYST,70,10.90153743625738,0.746323511043119,78.35051216979335,31.984582449140355,True,5.190000057220459,6.849999904632568
AMC,2024-09-06,2024-09-09,POSSIBLE_CATALYST,70,1.5463582126303506,1.0,5.28541224084329,0.6024138492660258,False,4.980000019073486,5.010000228881836
AMC,2024-09-20,2024-09-23,POSSIBLE_CATALYST,70,3.023356009930518,0.7058841678914831,1.0615751662400141,-2.100848249186271,False,4.760000228881836,4.659999847412109
AMC,2024-11-08,2024-11-11,POSSIBLE_CATALYST,70,1.7061978405084492,0.769229358471188,-0.6976792669216803,5.15221993382573,False,4.269999980926514,4.489999771118164
AMC,2024-11-12,2024-11-13,POSSIBLE_CATALYST,70,2.0947938720733545,0.7027022498988331,1.5590239472093481,0.0,False,4.559999942779541,4.559999942779541
PLTR,2023-02-01,2023-02-02,POSSIBLE_CATALYST,70,1.599626100639117,0.9629621453416138,5.398452289593614,9.634146100350026,False,8.199999809265137,8.989999771118164
PLTR,2023-02-02,2023-02-03,POSSIBLE_CATALYST,70,2.1558656268447627,0.7027022498988331,9.634146100350026,-6.45161221882784,False,8.989999771118164,8.40999984741211
PLTR,2023-02-14,2023-02-15,SCHEDULED_CATALYST,90,4.339794627501725,0.9295776791966589,21.156374576446744,9.652921517053748,False,9.220000267028809,10.109999656677246
PLTR,2023-02-15,2023-02-16,SCHEDULED_CATALYST,90,2.745312008079127,0.8928572340887513,9.652921517053748,-3.956475095091516,False,10.109999656677246,9.710000038146973
PLTR,2023-04-14,2023-04-17,POSSIBLE_CATALYST,70,1.583391405407739,0.7727283564491203,2.680658484333631,-0.11350997055084022,False,8.8100004196167,8.800000190734863
PLTR,2023-05-09,2023-05-10,SCHEDULED_CATALYST,90,5.594995334653086,0.8647348692867068,23.38501903282635,4.083763160830123,False,9.550000190734863,9.9399995803833
PLTR,2023-05-18,2023-05-19,SCHEDULED_CATALYST,90,2.792867269134693,0.9507037713115977,14.536583132860148,-0.2555343573770297,False,11.739999771118164,11.710000038146973
PLTR,2023-07-28,2023-07-31,POSSIBLE_CATALYST,70,1.890055744975619,0.869918774830432,10.27863706886687,11.39809515731558,True,17.809999465942383,19.84000015258789
PLTR,2023-07-31,2023-08-01,PROBABLE_CATALYST,80,2.32506241375487,0.9040244423815968,11.39809515731558,0.7560464585516069,False,19.84000015258789,19.989999771118164
PLTR,2023-08-01,2023-08-02,POSSIBLE_CATALYST,70,1.5326510044540227,0.7524753036177296,0.7560464585516069,-5.102553624024486,False,19.989999771118164,18.96999931335449
PLTR,2023-08-07,2023-08-08,POSSIBLE_CATALYST,70,1.8479121526224378,0.7101450276911236,-1.153851555044505,-5.280705212214542,False,17.989999771118164,17.040000915527344
PLTR,2023-10-09,2023-10-10,PROBABLE_CATALYST,80,2.0146502663792623,0.8633545155573247,6.020469375400195,1.078924589004826,False,17.610000610351562,17.799999237060547
PLTR,2023-11-03,2023-11-06,POSSIBLE_CATALYST,70,1.7063520250655873,0.8567088336688211,5.1196444710504,-1.8528241685009994,False,18.88999938964844,18.540000915527344
PLTR,2023-11-10,2023-11-13,POSSIBLE_CATALYST,70,1.50777247052099,0.9698799749057262,7.6628329690892505,0.20335032040450507,False,19.670000076293945,19.709999084472656
PLTR,2024-02-06,2024-02-07,SCHEDULED_CATALYST,90,6.316013116219674,0.8719010511697484,30.801445797701255,7.910377118654788,False,21.8700008392334,23.600000381469727
PLTR,2024-02-07,2024-02-08,SCHEDULED_CATALYST,90,3.287778072132954,0.8915661543128264,7.910377118654788,3.855931494503828,False,23.600000381469727,24.51000022888184
PLTR,2024-03-06,2024-03-07,POSSIBLE_CATALYST,70,2.1443535805392893,0.734234083299611,9.869804427468164,1.1467860810795205,False,26.15999984741211,26.459999084472656
PLTR,2024-05-06,2024-05-07,SCHEDULED_CATALYST,90,4.315407066229312,0.8905655977347876,8.058290471129848,-15.113048807245033,False,25.209999084472656,21.399999618530277
PLTR,2024-06-06,2024-06-07,POSSIBLE_CATALYST,70,1.5637273576561228,0.8350519112789051,3.614990697521403,-2.017660492277118,False,23.790000915527344,23.309999465942383
PLTR,2024-06-17,2024-06-18,POSSIBLE_CATALYST,70,1.5223619198336873,0.9751558755270388,6.151891309773161,3.1974389385444946,False,25.020000457763672,25.81999969482422
PLTR,2024-07-08,2024-07-09,POSSIBLE_CATALYST,70,1.5066451799445577,0.7504368927191181,1.7260419706365049,-1.1191385009121424,False,27.700000762939453,27.38999938964844
PLTR,2024-08-05,2024-08-06,POSSIBLE_CATALYST,70,1.9099188587983396,0.8965517653734367,-2.6273226537742,10.377750038044042,True,24.09000015258789,26.59000015258789
PLTR,2024-08-08,2024-08-09,POSSIBLE_CATALYST,70,1.869800983791941,0.9646184982308184,11.246204506618461,2.4931677770392957,False,29.280000686645508,30.01000022888184
PLTR,2024-08-09,2024-08-12,POSSIBLE_CATALYST,70,1.6115124146894664,0.7222219699274802,2.4931677770392957,-2.0993037764422295,False,30.01000022888184,29.3799991607666
PLTR,2024-09-09,2024-09-10,SCHEDULED_CATALYST,90,2.9575273760489775,0.9551559150913218,14.078465417593344,0.46242732505257234,False,34.599998474121094,34.7599983215332
PLTR,2024-09-10,2024-09-11,POSSIBLE_CATALYST,70,1.8824090057471135,0.7046966807050782,0.46242732505257234,0.2589187483709843,False,34.7599983215332,34.849998474121094
PLTR,2024-09-20,2024-09-23,POSSIBLE_CATALYST,70,6.1170593209689965,0.9430379441219929,1.0046128522665176,2.0161289909090163,False,37.20000076293945,37.95000076293945
PLTR,2024-11-05,2024-11-06,SCHEDULED_CATALYST,90,3.8915103809127847,0.9056204283302144,23.472594195893404,8.60551069678246,False,51.130001068115234,55.52999877929688
PLTR,2024-11-06,2024-11-07,PROBABLE_CATALYST,80,2.074914812574043,0.9607843320583421,8.60551069678246,0.6302940689939973,False,55.52999877929688,55.880001068115234
PLTR,2024-11-07,2024-11-08,POSSIBLE_CATALYST,70,2.095710222273393,0.7979452904850802,0.6302940689939973,4.491764984889013,False,55.880001068115234,58.38999938964844
PLTR,2024-11-15,2024-11-18,PROBABLE_CATALYST,80,2.1710846055285895,0.9548127013676702,11.135512510827539,-6.85722753797442,False,65.7699966430664,61.2599983215332
PLTR,2024-12-20,2024-12-23,SCHEDULED_CATALYST,90,3.030761337195299,0.9879912045443188,8.543328453714683,0.17380432569131798,False,80.55000305175781,80.69000244140625
COIN,2023-02-02,2023-02-03,PROBABLE_CATALYST,80,2.2781444447297883,0.7632036543154336,23.987827805602556,-8.38448552395893,False,81.45999908447266,74.62999725341797
COIN,2023-05-05,2023-05-08,POSSIBLE_CATALYST,70,1.6223852848000933,0.9296066203532583,18.325884262614856,-0.24039011042383818,False,58.2400016784668,58.09999847412109
COIN,2023-06-06,2023-06-07,POSSIBLE_CATALYST,70,4.213298424653456,0.8705881749528933,-12.09333773605673,3.1970503616903567,False,51.61000061035156,53.2599983215332
COIN,2023-06-23,2023-06-26,POSSIBLE_CATALYST,70,1.6091017504623564,0.9315963826228718,6.922942122172637,0.7645963830688052,False,61.470001220703125,61.93999862670898
COIN,2023-07-11,2023-07-12,POSSIBLE_CATALYST,70,2.047849812521115,0.7427102008767912,9.777124160717277,-3.589461046400322,False,89.1500015258789,85.94999694824219
COIN,2023-07-13,2023-07-14,SCHEDULED_CATALYST,90,3.2184803713941497,0.9143079098092592,24.490987549928377,-1.5794415340245171,False,107.0,105.30999755859376
COIN,2023-08-29,2023-08-30,SCHEDULED_CATALYST,90,2.729322242445892,0.8808246970828212,14.90977886348206,-1.0271489356949215,False,84.69999694824219,83.83000183105469
COIN,2023-11-28,2023-11-29,POSSIBLE_CATALYST,70,1.6620605891570455,0.896444509707529,7.096942362556713,-0.3508260408886077,False,128.27000427246094,127.81999969482422
COIN,2024-02-14,2024-02-15,POSSIBLE_CATALYST,70,1.5696192400112055,0.9301025878765987,14.238909879671958,3.2984119747334617,False,160.3800048828125,165.6699981689453
COIN,2024-02-26,2024-02-27,POSSIBLE_CATALYST,70,1.6891785051162362,0.8945711318706632,16.845407539209933,2.722490828519031,False,193.94000244140625,199.22000122070312
COIN,2024-04-16,2024-04-17,POSSIBLE_CATALYST,70,1.5463283139613204,0.7593769343132533,-2.0500433087058956,-2.3077288349412917,False,218.8300018310547,213.77999877929688
COIN,2024-07-15,2024-07-16,POSSIBLE_CATALYST,70,1.9568979653790537,0.7615387745392613,11.388864023699629,3.5577513578342934,False,242.8500061035156,251.4900054931641
COIN,2024-07-19,2024-07-22,POSSIBLE_CATALYST,70,1.551271663318497,0.9235748980619588,10.525639887483763,2.855031268707986,False,257.7900085449219,265.1499938964844
COIN,2024-08-05,2024-08-06,POSSIBLE_CATALYST,70,2.0831475491498774,0.7711563629357994,-7.322442301864884,2.480602162855017,False,189.47000122070312,194.1699981689453
COIN,2024-09-26,2024-09-27,POSSIBLE_CATALYST,70,1.7692409857873492,0.8610853703275927,7.690920938413681,6.2802220373117335,False,179.92999267578125,191.22999572753903
COIN,2024-10-14,2024-10-15,PROBABLE_CATALYST,80,2.1910951487847794,0.9309991522021123,11.322145746606171,-0.00509791969126594,False,196.3500061035156,196.33999633789065
COIN,2024-11-06,2024-11-07,SCHEDULED_CATALYST,90,2.7340420076733,0.9078480763365204,31.1146570198648,0.49939219246319944,False,254.30999755859372,255.5800018310547
COIN,2024-11-11,2024-11-12,POSSIBLE_CATALYST,70,2.8140365302556587,0.7267112938641268,19.760656692676235,-1.5759886212273755,False,324.239990234375,319.1300048828125
HOOD,2023-03-30,2023-03-31,POSSIBLE_CATALYST,70,1.7408276627506087,0.9285731315629034,3.956040017430218,2.642706120421634,False,9.460000038146973,9.710000038146973
HOOD,2023-06-13,2023-06-14,POSSIBLE_CATALYST,70,1.5376829505881207,0.7272750917550556,2.564110401663,3.6458272279966897,False,9.600000381469728,9.949999809265137
HOOD,2023-07-11,2023-07-12,POSSIBLE_CATALYST,70,2.0352052137837466,0.7266181916979666,5.530775053071002,0.9298364952379901,False,11.829999923706056,11.9399995803833
HOOD,2023-07-13,2023-07-14,POSSIBLE_CATALYST,70,1.5234887304848206,0.7922078565474738,4.271358850964591,-0.5622465533865029,False,12.449999809265137,12.380000114440918
HOOD,2023-08-03,2023-08-04,POSSIBLE_CATALYST,70,1.6605884801665434,0.7142854148588771,-7.23472386566224,-2.2530349197686372,False,11.539999961853027,11.279999732971191
HOOD,2023-11-02,2023-11-03,POSSIBLE_CATALYST,70,1.5030553865350846,0.9206332386724876,4.40528217941889,2.215190382777532,False,9.479999542236328,9.6899995803833
HOOD,2023-12-05,2023-12-06,SCHEDULED_CATALYST,90,2.8514681477609276,0.8886616998975214,10.261775106424565,7.027547422203773,False,10.529999732971191,11.270000457763672
HOOD,2023-12-07,2023-12-08,POSSIBLE_CATALYST,70,1.6886966661858949,0.7528085192106572,1.8633458380029833,2.1777004352676155,False,11.479999542236328,11.729999542236328
HOOD,2023-12-19,2023-12-20,POSSIBLE_CATALYST,70,1.6630255221338586,0.9826091211100425,10.393962610212126,-4.176159358760101,False,13.170000076293944,12.619999885559082
HOOD,2024-02-12,2024-02-13,PROBABLE_CATALYST,80,2.6258823753655034,0.7500004967048609,3.9826842471913926,-1.4154877023659584,False,12.010000228881836,11.84000015258789
HOOD,2024-02-13,2024-02-14,POSSIBLE_CATALYST,70,3.762630544440819,0.811880701979677,-1.4154877023659584,13.006756266945029,True,11.84000015258789,13.380000114440918
HOOD,2024-02-15,2024-02-16,POSSIBLE_CATALYST,70,1.745413374563251,0.7524753036177287,0.2989533745209272,4.321907007516423,False,13.420000076293944,14.0
HOOD,2024-02-26,2024-02-27,POSSIBLE_CATALYST,70,1.5595638915577092,0.9784951418976081,7.665750313829989,4.233481981733989,False,15.59000015258789,16.25
HOOD,2024-05-08,2024-05-09,POSSIBLE_CATALYST,70,2.1975735312349203,0.8450712738628923,-0.778206733905562,-3.08123883840441,False,17.850000381469727,17.299999237060547
HOOD,2024-05-17,2024-05-20,SCHEDULED_CATALYST,90,2.9301003915435406,0.8677248250082753,12.23464011580484,3.7332005689576286,False,20.09000015258789,20.84000015258789
HOOD,2024-06-06,2024-06-07,POSSIBLE_CATALYST,70,1.5076026042259205,0.814076633340846,6.490494382650369,-3.4392643961439373,False,22.96999931335449,22.18000030517578
HOOD,2024-07-15,2024-07-16,POSSIBLE_CATALYST,70,1.5838968379047722,0.9440002441406221,7.450627451762615,2.882199713100997,False,23.940000534057617,24.6299991607666
HOOD,2024-07-16,2024-07-17,POSSIBLE_CATALYST,70,1.7224667611605482,0.8767120424320016,2.882199713100997,-1.8270356107345287,False,24.6299991607666,24.18000030517578
HOOD,2024-08-05,2024-08-06,POSSIBLE_CATALYST,70,2.9582135430792875,0.8888888116839486,-8.165543361301019,4.811199783849318,False,16.420000076293945,17.209999084472656
HOOD,2024-08-08,2024-08-09,POSSIBLE_CATALYST,70,2.6363431771473156,0.7394360427084886,3.563076361567763,1.071633045477527,False,17.729999542236328,17.920000076293945
HOOD,2024-09-27,2024-09-30,POSSIBLE_CATALYST,70,1.5388182011471139,0.9426385350008776,6.509135374981523,-1.9673475318636724,False,23.88999938964844,23.420000076293945
HOOD,2024-10-08,2024-10-09,SCHEDULED_CATALYST,90,3.058646366885573,0.9194920630815482,9.819901138487563,0.15618511216493047,False,25.61000061035156,25.649999618530277
HOOD,2024-10-09,2024-10-10,POSSIBLE_CATALYST,70,1.6668049301894334,0.9736836161311476,0.15618511216493047,-0.5847938431231547,False,25.649999618530277,25.5
HOOD,2024-11-06,2024-11-07,SCHEDULED_CATALYST,90,2.860909150171828,0.939759375308794,19.63141708978322,-1.6744808766904873,False,29.86000061035156,29.36000061035156
HOOD,2024-11-18,2024-11-19,POSSIBLE_CATALYST,70,1.652587423618398,0.7734800574944395,8.292080230449272,0.6857190813337022,False,35.0,35.2400016784668
SNOW,2023-02-02,2023-02-03,POSSIBLE_CATALYST,70,1.5115637747685042,0.9229865274332699,7.765404755030958,-8.289811576882911,False,178.0500030517578,163.2899932861328
SNOW,2023-03-03,2023-03-06,POSSIBLE_CATALYST,70,1.5842066077990282,0.8441888971386367,5.048789098673434,-0.028142485371218662,False,142.11000061035156,142.07000732421875
SNOW,2023-03-31,2023-04-03,POSSIBLE_CATALYST,70,1.6761504362339363,0.9881039533693365,8.570820226211474,-2.7804740895781666,False,154.2899932861328,150.0
SNOW,2023-05-24,2023-05-25,POSSIBLE_CATALYST,70,2.0133145412189224,0.7993317132442285,1.1303926045574508,-16.501070242889014,False,177.13999938964844,147.91000366210938
SNOW,2024-01-23,2024-01-24,POSSIBLE_CATALYST,70,1.8906469791244165,0.9534607204766273,3.2650190577736105,-0.8609807650043488,False,205.5800018310547,203.80999755859372
SNOW,2024-02-02,2024-02-05,PROBABLE_CATALYST,80,2.197638988696776,0.9375391437963162,9.412819763741398,-1.4445001292142656,False,218.75999450683597,215.6000061035156
SNOW,2024-02-29,2024-03-01,POSSIBLE_CATALYST,70,5.399803209145798,0.7778917891508027,-18.139130965523098,-0.8285519272933417,False,188.27999877929688,186.72000122070312
SNOW,2024-08-21,2024-08-22,PROBABLE_CATALYST,80,2.797503802481906,0.8695644307202394,2.380230013062268,-14.697170763319068,False,135.05999755859375,115.20999908447266
SNOW,2024-11-21,2024-11-22,PROBABLE_CATALYST,80,6.851301734402927,0.7554870247039139,32.706019658690934,-2.281881250559903,False,171.35000610351562,167.44000244140625
CRWD,2023-05-08,2023-05-09,POSSIBLE_CATALYST,70,1.7879474332770082,0.9371656404047657,8.133937902895273,-1.865418890106063,False,132.41000366210938,129.94000244140625
CRWD,2023-06-01,2023-06-02,POSSIBLE_CATALYST,70,3.3364678775906063,0.8704833494346881,-1.6111920017380932,-3.9542974337438808,False,157.5500030517578,151.32000732421875
CRWD,2023-08-30,2023-08-31,POSSIBLE_CATALYST,70,1.9747461785302665,0.7933179789562209,1.6905220034967305,9.284090885844453,False,149.17999267578125,163.02999877929688
CRWD,2023-08-31,2023-09-01,SCHEDULED_CATALYST,90,3.7099768922041596,0.8725757479693698,9.284090885844453,-1.1040931517116603,False,163.02999877929688,161.22999572753906
CRWD,2023-10-06,2023-10-09,PROBABLE_CATALYST,80,2.2974339158806747,0.981713535397746,6.896974782701415,2.903392841659902,False,176.69000244140625,181.82000732421875
CRWD,2023-11-29,2023-11-30,SCHEDULED_CATALYST,90,3.8327243558551785,0.9291665342119245,10.402635132076377,1.0876996353875956,False,234.44000244140625,236.9900054931641
CRWD,2023-11-30,2023-12-01,POSSIBLE_CATALYST,70,2.029747286103401,0.8396134218310944,1.0876996353875956,-0.8270419293794906,False,236.9900054931641,235.02999877929688
CRWD,2023-12-15,2023-12-18,POSSIBLE_CATALYST,70,1.5422948030785943,0.8979070908404424,2.9286030200180724,-0.10765871799177651,False,260.0799865722656,259.79998779296875
CRWD,2024-01-09,2024-01-10,PROBABLE_CATALYST,80,2.0618321959707457,0.7588585325195355,4.780308593358984,3.020791125077271,False,273.7699890136719,282.0400085449219
CRWD,2024-01-10,2024-01-11,POSSIBLE_CATALYST,70,1.5387780969390694,0.9630633141770305,3.020791125077271,0.8793009479557634,False,282.0400085449219,284.5199890136719
CRWD,2024-02-21,2024-02-22,POSSIBLE_CATALYST,70,2.6861393469610313,0.8955634984690675,-9.68459637671274,6.344923806259084,False,292.3599853515625,310.9100036621094
CRWD,2024-03-07,2024-03-08,POSSIBLE_CATALYST,70,1.7385920254744518,0.8695906539999266,0.033372378893181676,-2.0717018696923106,False,329.67999267578125,322.8500061035156
CRWD,2024-05-03,2024-05-06,POSSIBLE_CATALYST,70,1.7783743267035055,0.8839828784315797,2.1973982744911025,2.449955292499384,False,310.2099914550781,317.8099975585937
CRWD,2024-06-05,2024-06-06,SCHEDULED_CATALYST,90,4.221138861980373,0.984350994326289,11.977226163945854,-0.4938928276287502,False,342.17999267578125,340.489990234375
CRWD,2024-06-21,2024-06-24,POSSIBLE_CATALYST,70,6.394287039320044,0.9640781013895883,-0.3951456816199128,-0.7093534856408512,False,380.6300048828125,377.9299926757813
CRWD,2024-09-20,2024-09-23,SCHEDULED_CATALYST,90,3.505024657587968,0.9637896295532317,8.100800643577832,-2.2377826641636567,False,299.8500061035156,293.1400146484375
CRWD,2024-10-10,2024-10-11,POSSIBLE_CATALYST,70,1.8170826436345815,0.9670811985026129,5.557423507864412,1.6797846442863973,False,314.9200134277344,320.2099914550781
NET,2023-02-13,2023-02-14,POSSIBLE_CATALYST,70,1.5721758276420301,0.9930433236539601,6.622301926758589,6.7103547120677565,False,64.08000183105469,68.37999725341797
NET,2023-02-14,2023-02-15,POSSIBLE_CATALYST,70,1.837502029076203,0.9180080471659544,6.7103547120677565,5.878918446812298,False,68.37999725341797,72.4000015258789
NET,2023-04-28,2023-05-01,POSSIBLE_CATALYST,70,6.08158589887857,0.9877752481185352,-21.03055087095209,-4.952174397746045,False,47.04999923706055,44.720001220703125
NET,2023-07-17,2023-07-18,POSSIBLE_CATALYST,70,1.5253731590681177,0.8445176999438097,6.973248160214074,2.458555763553072,False,71.18000030517578,72.93000030517578
NET,2023-09-27,2023-09-28,POSSIBLE_CATALYST,70,2.5690358157671764,0.7306273841865965,6.810163354919885,4.212089855463685,False,60.540000915527344,63.09000015258789
NET,2023-09-28,2023-09-29,POSSIBLE_CATALYST,70,1.818224516485081,0.8381449500760519,4.212089855463685,-0.07925065293964417,False,63.09000015258789,63.040000915527344
NET,2023-11-03,2023-11-06,SCHEDULED_CATALYST,90,3.258106434002508,0.9785171368025684,13.856479470079375,-2.033526227613669,False,64.41999816894531,63.11000061035156
NET,2023-11-14,2023-11-15,POSSIBLE_CATALYST,70,1.831670219219403,0.9307542540512739,10.518079957583959,0.2832416747109656,False,70.61000061035156,70.80999755859375
NET,2023-12-14,2023-12-15,POSSIBLE_CATALYST,70,1.9741313887880687,0.9253261068808181,5.324715793654011,0.46066545331722164,False,84.66000366210938,85.05000305175781
NET,2023-12-15,2023-12-18,POSSIBLE_CATALYST,70,1.5928907651469557,0.7971699301479452,0.46066545331722164,-0.41152979536358547,False,85.05000305175781,84.69999694824219
NET,2024-02-08,2024-02-09,SCHEDULED_CATALYST,90,4.80694325602192,0.9058674518662669,8.350328988468592,19.499502919293143,True,90.30999755859376,107.91999816894533
NET,2024-05-02,2024-05-03,POSSIBLE_CATALYST,70,2.715904284456278,0.8732060429180789,1.0563383638172663,-16.376306052509992,False,88.97000122070312,74.4000015258789
NET,2024-06-05,2024-06-06,POSSIBLE_CATALYST,70,1.5275624405560695,0.9825587842603231,2.6903880055413554,2.0042971459728776,False,69.8499984741211,71.25
NET,2024-06-21,2024-06-24,POSSIBLE_CATALYST,70,1.8092970565081317,0.8870306644278592,-0.6500886254621641,0.8468001180921281,False,77.94000244140625,78.5999984741211
NET,2024-08-02,2024-08-05,PROBABLE_CATALYST,80,3.5008025872232174,0.7656821192239422,6.801071847873152,-2.2149536326566466,False,79.45999908447266,77.69999694824219
NET,2024-08-05,2024-08-06,POSSIBLE_CATALYST,70,1.793989432288577,0.7750225238795158,-2.2149536326566466,-1.8790207745377319,False,77.69999694824219,76.23999786376953
NET,2024-09-19,2024-09-20,POSSIBLE_CATALYST,70,1.9858986003400172,0.9810811869673607,6.0699266429138365,-0.458776861538146,False,82.83000183105469,82.44999694824219
NET,2024-09-23,2024-09-24,POSSIBLE_CATALYST,70,1.7097619741057482,0.8591155388730002,3.832630417309857,-0.12849037445078482,False,85.61000061035156,85.5
NET,2024-10-10,2024-10-11,SCHEDULED_CATALYST,90,3.3542511810815268,0.8664491336370194,8.840497240754598,1.0923665868823207,False,92.45999908447266,93.47000122070312
NET,2024-11-08,2024-11-11,POSSIBLE_CATALYST,70,3.0953044281177116,0.8084683218559098,-4.610081009077116,2.169866692529965,False,91.25,93.2300033569336
NET,2024-11-21,2024-11-22,POSSIBLE_CATALYST,70,1.7054249626502793,0.9515503503462063,8.05431382268802,-0.009587976823433042,False,104.23999786376952,104.2300033569336
NET,2024-12-20,2024-12-23,POSSIBLE_CATALYST,70,1.7416829412395691,0.8740283794478575,3.785227980329675,-0.9850036261457307,False,112.69000244140624,111.58000183105467
DDOG,2023-02-01,2023-02-02,POSSIBLE_CATALYST,70,1.575079543475852,0.9958237457167644,10.546717881481982,5.163245985526843,False,82.69999694824219,86.97000122070312
DDOG,2023-05-04,2023-05-05,PROBABLE_CATALYST,80,2.803349725269207,0.7637909135741718,14.520057289988863,1.5517216780741583,False,75.4000015258789,76.56999969482422
DDOG,2023-05-10,2023-05-11,POSSIBLE_CATALYST,70,1.8914130879157536,0.8416831154852312,8.053780571739711,0.7558157277661737,False,86.0,86.6500015258789
DDOG,2023-08-08,2023-08-09,POSSIBLE_CATALYST,70,4.7182766828660085,0.7765366779568548,-17.177800199440828,-1.4538831962587206,False,88.04000091552734,86.76000213623047
DDOG,2023-11-07,2023-11-08,POSSIBLE_CATALYST,70,5.3268001042147555,0.7300238764888181,28.472649940374705,-2.162425783233546,False,102.1999969482422,99.98999786376952
DDOG,2023-12-14,2023-12-15,POSSIBLE_CATALYST,70,1.679357154701456,0.9039649605969534,2.917340331836682,1.616242787882527,False,120.6500015258789,122.5999984741211
DDOG,2024-01-17,2024-01-18,POSSIBLE_CATALYST,70,2.0296469721681487,0.9939492411493829,1.809514376931043,0.7061805905489438,False,126.02999877929688,126.91999816894533
DDOG,2024-02-02,2024-02-05,POSSIBLE_CATALYST,70,1.614790992062618,0.816900716579576,5.839240302297166,-2.36021013071821,False,134.30999755859375,131.13999938964844
DDOG,2024-04-11,2024-04-12,PROBABLE_CATALYST,80,2.044245509100632,0.8775984861032311,3.958037966152106,-2.5152911611366457,False,130.8000030517578,127.51000213623048
DDOG,2024-05-06,2024-05-07,POSSIBLE_CATALYST,70,1.5514770581129396,0.993840089860744,2.172692243158081,-11.475151259940686,False,126.97000122070312,112.4000015258789
DDOG,2024-05-08,2024-05-09,POSSIBLE_CATALYST,70,1.6864882403938288,0.8926937179386684,4.341634508158254,-1.2022476529593318,False,117.27999877929688,115.87000274658205
DDOG,2024-08-05,2024-08-06,POSSIBLE_CATALYST,70,1.593748541481921,0.8304169469074258,-2.1258729876893923,0.47632656395681927,False,104.97000122070312,105.47000122070312
DDOG,2024-09-11,2024-09-12,POSSIBLE_CATALYST,70,1.701503353695761,0.9443313605159458,1.2948518876435333,0.10043883648942487,False,109.5199966430664,109.62999725341795
DDOG,2024-10-04,2024-10-07,POSSIBLE_CATALYST,70,1.7980071137598719,0.9707871140295199,4.39037157806752,-0.2526735527096702,False,122.69000244140624,122.37999725341795
DDOG,2024-10-10,2024-10-11,POSSIBLE_CATALYST,70,1.5452305583924435,0.9711576544727492,3.938952166452947,-0.2152346738250488,False,130.08999633789062,129.80999755859375
DDOG,2024-11-21,2024-11-22,POSSIBLE_CATALYST,70,1.6988239995768515,0.7014131894083584,6.208936029229295,7.625470022355718,False,143.86000061035156,154.8300018310547
DDOG,2024-11-22,2024-11-25,PROBABLE_CATALYST,80,2.465713755270963,0.9299291607845411,7.625470022355718,1.1625673515924362,False,154.8300018310547,156.6300048828125
DDOG,2024-12-04,2024-12-05,POSSIBLE_CATALYST,70,1.565667816431838,0.9779008971490522,7.0124577518756,-1.5251981582012908,False,165.8800048828125,163.35000610351562
ZS,2023-03-02,2023-03-03,SCHEDULED_CATALYST,90,2.515531553337322,0.8951890304651041,4.430085902561398,-11.10117533511773,False,134.1300048828125,119.23999786376952
ZS,2023-07-10,2023-07-11,PROBABLE_CATALYST,80,2.0560106037789745,0.9937283116073407,7.745503676475285,-4.459716530934632,False,154.27000427246094,147.38999938964844
ZS,2023-07-13,2023-07-14,POSSIBLE_CATALYST,70,1.6660958550826301,0.8884001792516245,5.418366582452205,0.19980245786985762,False,145.13999938964844,145.42999267578125
ZS,2023-08-31,2023-09-01,POSSIBLE_CATALYST,70,1.548467157039247,0.9065306074602021,5.954647165364957,1.4931123264905644,False,156.0500030517578,158.3800048828125
ZS,2023-09-05,2023-09-06,PROBABLE_CATALYST,80,3.745301392964643,0.8637216883043893,2.7528731379807603,-2.697553915120665,False,162.74000549316406,158.35000610351562
ZS,2023-10-06,2023-10-09,POSSIBLE_CATALYST,70,1.6632414058575222,0.9992240497270571,6.712324253939284,3.2214709887124604,False,163.58999633789062,168.86000061035156
ZS,2023-11-03,2023-11-06,POSSIBLE_CATALYST,70,1.6089292894829834,0.8374290242885843,3.2539685886919134,-0.5475414754637753,False,164.3699951171875,163.47000122070312
ZS,2023-11-14,2023-11-15,POSSIBLE_CATALYST,70,1.5427766481448513,0.7939044564969457,5.006453533488386,-1.3522897155482716,False,187.08999633789065,184.55999755859372
ZS,2023-11-28,2023-11-29,POSSIBLE_CATALYST,70,4.753270911064451,0.9774114134736052,1.0108917744704682,3.090012920183449,False,193.8500061035156,199.83999633789065
ZS,2024-01-22,2024-01-23,POSSIBLE_CATALYST,70,1.658380810683311,0.8624816392814453,4.133344759777802,0.7224372805816781,False,240.8500061035156,242.58999633789065
ZS,2024-02-21,2024-02-22,POSSIBLE_CATALYST,70,3.6043457470032316,0.8162100060319127,-14.10215068422228,5.717088552833816,False,213.9199981689453,226.1499938964844
ZS,2024-02-29,2024-03-01,POSSIBLE_CATALYST,70,2.464252241870371,0.7567599137866068,1.972273617508602,-9.397861461521718,False,241.97000122070312,219.22999572753903
ZS,2024-05-03,2024-05-06,POSSIBLE_CATALYST,70,1.6278249740438675,0.785714438363249,0.4195756158366759,0.5815587915686926,False,177.11000061035156,178.13999938964844
ZS,2024-09-05,2024-09-06,PROBABLE_CATALYST,80,2.2947956181775955,0.8370557958330075,3.25844520975227,-3.371341276242301,False,162.25,156.77999877929688
ZS,2024-10-09,2024-10-10,POSSIBLE_CATALYST,70,1.6376206162547464,0.9520310088110958,5.109370326763885,5.124481753369992,False,185.97000122070312,195.5
ZS,2024-10-10,2024-10-11,PROBABLE_CATALYST,80,2.0372936307405296,0.937787194232727,5.124481753369992,1.4117618960797884,False,195.5,198.25999450683597
ZS,2024-11-12,2024-11-13,POSSIBLE_CATALYST,70,1.7640335032945427,0.9723639555386909,4.7609503456168545,0.3874917926705246,False,209.0399932861328,209.8500061035156
ZS,2024-12-04,2024-12-05,POSSIBLE_CATALYST,70,1.6381580600290986,0.8122730739235414,3.886428334889258,-0.36344252654667564,False,206.3600006103516,205.6100006103516
SHOP,2023-02-15,2023-02-16,POSSIBLE_CATALYST,70,1.6071077971981427,0.9111744343265751,6.545597164928596,-15.88312350473725,False,53.38999938964844,44.90999984741211
SHOP,2023-05-05,2023-05-08,PROBABLE_CATALYST,80,2.421886654423508,0.9077726775382191,8.25479861294145,3.7884870552430616,False,62.02999877929688,64.37999725341797
SHOP,2023-05-08,2023-05-09,POSSIBLE_CATALYST,70,1.934878015260447,0.8046873137353074,3.7884870552430616,-0.7611026478313798,False,64.37999725341797,63.88999938964844
SHOP,2023-06-06,2023-06-07,POSSIBLE_CATALYST,70,1.9227028814872957,0.8802400749234776,6.2416585326351415,-6.440462588671791,False,63.65999984741211,59.560001373291016
SHOP,2023-06-12,2023-06-13,POSSIBLE_CATALYST,70,1.5244995579811302,0.8346882908513489,5.948503079485201,-1.7997261116694085,False,65.01000213623047,63.84000015258789
SHOP,2023-07-13,2023-07-14,POSSIBLE_CATALYST,70,1.983617970767526,0.9647704153365202,6.7182289068191015,-2.7284435461146894,False,70.37000274658203,68.44999694824219
SHOP,2023-08-31,2023-09-01,SCHEDULED_CATALYST,90,2.744146633707186,0.8991594842785304,10.798199839161015,0.33087867013303907,False,66.48999786376953,66.70999908447266
SHOP,2023-11-01,2023-11-02,POSSIBLE_CATALYST,70,1.6782907670680833,0.9588237274063436,3.39055379398292,22.361138845439154,True,48.790000915527344,59.70000076293945
SHOP,2023-11-02,2023-11-03,SCHEDULED_CATALYST,90,3.318016429937628,0.9030797734022931,22.361138845439154,2.964824849487191,False,59.70000076293945,61.470001220703125
SHOP,2023-11-03,2023-11-06,POSSIBLE_CATALYST,70,1.6410988907044946,0.871972660890501,2.964824849487191,-1.691883674759176,False,61.470001220703125,60.43000030517578
SHOP,2023-11-27,2023-11-28,POSSIBLE_CATALYST,70,1.7435970694182625,0.7994690245576143,4.889840108058685,-0.37945355173176765,False,73.79000091552734,73.51000213623047
SHOP,2024-01-17,2024-01-18,POSSIBLE_CATALYST,70,1.6313932166205418,0.9587619946515652,-1.2297097931047385,-3.4860595896369806,False,80.31999969482422,77.5199966430664
SHOP,2024-02-02,2024-02-05,POSSIBLE_CATALYST,70,1.8160595891981723,0.9729733630811233,8.094367812388503,-1.844927979822264,False,82.93000030517578,81.4000015258789
SHOP,2024-06-14,2024-06-17,POSSIBLE_CATALYST,70,1.6118179712152871,0.8021598331412262,4.591128626704322,-1.6849053463492303,False,67.66000366210938,66.5199966430664
SHOP,2024-07-16,2024-07-17,SCHEDULED_CATALYST,90,2.6169670050373757,0.9003115931178564,8.581221328132527,-7.042460665722661,False,69.72000122070312,64.80999755859375
SHOP,2024-08-02,2024-08-05,POSSIBLE_CATALYST,70,2.1129304034363217,0.7153702497285559,-6.429427508158614,-3.9867756227740303,False,54.43000030517578,52.2599983215332
SHOP,2024-08-05,2024-08-06,POSSIBLE_CATALYST,70,1.779904182535716,0.7708328200710328,-3.9867756227740303,3.7504840453894905,False,52.2599983215332,54.220001220703125
SHOP,2024-08-06,2024-08-07,POSSIBLE_CATALYST,70,1.878030006483569,0.7372555414104212,3.7504840453894905,17.834743547097087,True,54.220001220703125,63.88999938964844
SHOP,2024-08-08,2024-08-09,POSSIBLE_CATALYST,70,1.5709653165860578,0.952772940865913,7.293791996599075,1.0940918550123468,False,68.55000305175781,69.30000305175781
SHOP,2024-09-19,2024-09-20,POSSIBLE_CATALYST,70,1.8121528489009198,0.7640458106880176,4.599839176179565,0.05084000428596802,False,78.68000030517578,78.72000122070312
SHOP,2024-11-08,2024-11-11,POSSIBLE_CATALYST,70,1.5540945659962688,0.9303486363895163,1.835183680676633,3.294300994842536,False,87.12000274658203,89.98999786376953
SHOP,2024-11-13,2024-11-14,PROBABLE_CATALYST,80,2.2296067188478026,0.9438552678369365,5.664706456728941,-5.221995567009419,False,115.08999633789062,109.08000183105467
ROKU,2023-02-15,2023-02-16,PROBABLE_CATALYST,80,2.369577903648828,0.9498177732173191,12.093930724989143,11.151359000134775,True,63.4900016784668,70.56999969482422
ROKU,2023-03-31,2023-04-03,POSSIBLE_CATALYST,70,1.6252065628767163,0.9770109734637443,6.815970197568766,-0.16712338325977072,False,65.81999969482422,65.70999908447266
ROKU,2023-07-11,2023-07-12,PROBABLE_CATALYST,80,2.9937413443719985,0.7869756263515653,11.138938047228052,1.179901081860879,False,75.43000030517578,76.31999969482422
ROKU,2023-07-28,2023-07-31,SCHEDULED_CATALYST,90,5.99772914835236,0.9932570153894592,31.412226722459668,7.4322017490819015,False,89.61000061035156,96.2699966430664
ROKU,2023-07-31,2023-08-01,SCHEDULED_CATALYST,90,3.092731170979629,0.8859059715382559,7.4322017490819015,1.2672704510694244,False,96.2699966430664,97.48999786376952
ROKU,2023-11-01,2023-11-02,POSSIBLE_CATALYST,70,2.1747712556245427,0.9260705644862033,0.2182324471734498,30.737021866521765,True,59.70000076293945,78.05000305175781
ROKU,2023-11-02,2023-11-03,SCHEDULED_CATALYST,90,5.338553454624387,0.8923541818896332,30.737021866521765,8.584236625588826,False,78.05000305175781,84.75
ROKU,2023-11-03,2023-11-06,SCHEDULED_CATALYST,90,3.221925669907096,0.8014820240162037,8.584236625588826,-1.7109108533831074,False,84.75,83.30000305175781
ROKU,2023-11-27,2023-11-28,POSSIBLE_CATALYST,70,1.6118783814149655,0.9240673625751036,8.479935769387016,3.7774317953414016,False,102.9800033569336,106.87000274658205
ROKU,2024-02-15,2024-02-16,PROBABLE_CATALYST,80,2.34916785013324,0.8365857516352002,3.5729967257320583,-23.809523809523814,False,94.5,72.0
ROKU,2024-04-23,2024-04-24,POSSIBLE_CATALYST,70,1.6141585037528943,0.8022605871405819,5.4123305449200965,0.14577283793510976,False,61.7400016784668,61.83000183105469
ROKU,2024-04-25,2024-04-26,POSSIBLE_CATALYST,70,2.243853727811898,0.8871974112539024,1.5849903173448032,-10.284990858027498,False,62.810001373291016,56.34999847412109
ROKU,2024-08-05,2024-08-06,POSSIBLE_CATALYST,70,1.6953335534923353,0.7213819263985446,-2.7662800857868985,2.632089526894843,False,51.66999816894531,53.02999877929688
ROKU,2024-08-23,2024-08-26,PROBABLE_CATALYST,80,2.7187370779753692,0.784298560649057,11.867003893879446,0.6580401376016454,False,69.1449966430664,69.5999984741211
ROKU,2024-08-30,2024-09-03,POSSIBLE_CATALYST,70,1.6068123991785235,0.7879989624023438,-0.9789681099346192,-3.7627203020146105,False,67.7699966430664,65.22000122070312
ROKU,2024-11-01,2024-11-04,POSSIBLE_CATALYST,70,1.7218692680202337,0.8999989827473959,2.5280821955320443,2.2526688366508285,False,65.69999694824219,67.18000030517578
ROKU,2024-11-20,2024-11-21,POSSIBLE_CATALYST,70,1.6995264099351473,0.7061855163314384,-6.656706269867674,-0.04365999082607264,False,68.70999908447266,68.68000030517578
ROKU,2024-12-02,2024-12-03,POSSIBLE_CATALYST,70,1.9751380886482675,0.9688279467807207,11.61814343659855,-1.7650883276902563,False,77.05000305175781,75.69000244140625
PLUG,2023-03-02,2023-03-03,POSSIBLE_CATALYST,70,2.1376610291098928,0.751999664306642,-6.192822745098814,3.8259582280630866,False,13.329999923706056,13.84000015258789
PLUG,2023-05-22,2023-05-23,POSSIBLE_CATALYST,70,1.7721769525414686,0.9387751130054837,14.230270399978773,-0.22649495200631753,False,8.829999923706055,8.8100004196167
PLUG,2023-06-12,2023-06-13,POSSIBLE_CATALYST,70,1.524875545139788,0.9769232687866628,13.086148301866963,5.207328522780541,False,10.369999885559082,10.90999984741211
PLUG,2023-11-14,2023-11-15,POSSIBLE_CATALYST,70,1.961239169846229,0.8860757850986012,21.90201683564956,2.836876714373293,False,4.230000019073486,4.349999904632568
PLUG,2024-01-19,2024-01-22,POSSIBLE_CATALYST,70,1.5132251361673017,1.0,10.743800920098657,5.97014341144062,False,2.680000066757202,2.8399999141693115
PLUG,2024-01-23,2024-01-24,SCHEDULED_CATALYST,90,3.4956194229733306,0.8571430031134059,30.985920459026307,-6.451613109971022,False,3.7200000286102295,3.4800000190734863
PLUG,2024-03-01,2024-03-04,POSSIBLE_CATALYST,70,1.7681035113295587,1.0,10.198304148219894,-0.7712135989541014,False,3.890000104904175,3.859999895095825
PLUG,2024-05-03,2024-05-06,POSSIBLE_CATALYST,70,1.5929409693541403,0.8181820152219406,11.836732906482993,-1.0948894629691175,False,2.740000009536743,2.7100000381469727
PLUG,2024-05-09,2024-05-10,PROBABLE_CATALYST,80,2.0646315412115577,0.9111112053011571,9.920634995722665,-7.581228866172463,False,2.7699999809265137,2.559999942779541
PLUG,2024-05-13,2024-05-14,POSSIBLE_CATALYST,70,1.5385872318667755,0.8157897048378879,12.890631621121585,19.031139527744777,True,2.890000104904175,3.440000057220459
PLUG,2024-07-15,2024-07-16,POSSIBLE_CATALYST,70,1.6788460823911546,0.9500000596046305,4.560264102556344,4.049840326400234,False,3.2100000381469727,3.3399999141693115
PLUG,2024-09-27,2024-09-30,POSSIBLE_CATALYST,70,1.6181038300456771,0.9473684870965372,10.67961333597831,-0.8771921569070362,False,2.2799999713897705,2.259999990463257
PLUG,2024-11-04,2024-11-05,SCHEDULED_CATALYST,90,2.6344669209453597,0.9318182557082267,20.095698255608685,0.3984059960657982,False,2.509999990463257,2.5199999809265137
PLUG,2024-11-25,2024-11-26,POSSIBLE_CATALYST,70,1.5873995164841568,0.8333334657881204,14.583338377997368,-5.909095982874613,False,2.200000047683716,2.069999933242798
PLUG,2024-12-04,2024-12-05,POSSIBLE_CATALYST,70,1.5218587036389577,1.0,5.445551215498057,15.023470237079838,True,2.130000114440918,2.450000047683716
PLUG,2024-12-05,2024-12-06,PROBABLE_CATALYST,80,2.394071034396027,0.7800002098083496,15.023470237079838,-2.857140076751319,False,2.450000047683716,2.380000114440918
RIVN,2023-03-08,2023-03-09,PROBABLE_CATALYST,80,2.180874084199102,0.9019612976334841,3.3469928936282534,-3.965633687583736,False,15.130000114440918,14.529999732971191
RIVN,2023-05-09,2023-05-10,POSSIBLE_CATALYST,70,1.6033295252065085,0.7668390198008451,-0.07209970414093769,1.8037518484321113,False,13.859999656677246,14.109999656677246
RIVN,2023-06-13,2023-06-14,POSSIBLE_CATALYST,70,1.9093208136894406,0.8461537924105677,8.92857142857142,-3.344263795946467,False,15.25,14.739999771118164
RIVN,2023-07-03,2023-07-05,PROBABLE_CATALYST,80,2.149410539783274,0.9263151660195071,17.406960654809044,4.447857172737835,False,19.559999465942383,20.43000030517578
RIVN,2023-07-06,2023-07-07,PROBABLE_CATALYST,80,2.1423268494389625,0.9295776791966572,5.82477002585331,14.24606754925206,True,21.6200008392334,24.700000762939453
RIVN,2023-07-12,2023-07-13,POSSIBLE_CATALYST,70,1.5126398726290353,0.8624069971490714,4.265591346762343,-1.5052079967008969,False,25.90999984741211,25.520000457763672
RIVN,2023-09-26,2023-09-27,POSSIBLE_CATALYST,70,1.5138741811460636,0.738853549612944,5.3478519308859385,3.5489622644015117,False,22.26000022888184,23.049999237060547
RIVN,2023-10-04,2023-10-05,POSSIBLE_CATALYST,70,1.6944859830840753,0.9768200062075058,9.220838869319547,-22.878851642497654,False,23.690000534057617,18.270000457763672
RIVN,2023-10-06,2023-10-09,SCHEDULED_CATALYST,90,2.853569908912765,0.9407408139996525,3.5577427599574163,-0.739954487758443,False,18.920000076293945,18.780000686645508
RIVN,2023-12-14,2023-12-15,PROBABLE_CATALYST,80,2.3326313421714864,0.9530203518737241,13.973577019085504,1.7833241778332454,False,22.43000030517578,22.82999992370605
RIVN,2023-12-15,2023-12-18,POSSIBLE_CATALYST,70,1.6133679078583185,0.8773228507249307,1.7833241778332454,4.248792451143535,False,22.82999992370605,23.799999237060547
RIVN,2024-02-08,2024-02-09,POSSIBLE_CATALYST,70,1.7610987811489536,0.9896904986628913,6.1964438321035376,3.538173018180779,False,16.110000610351562,16.68000030517578
RIVN,2024-02-26,2024-02-27,POSSIBLE_CATALYST,70,1.5157443638024624,0.7471260965885874,6.256207880172271,4.112154597204953,False,10.699999809265137,11.140000343322754
RIVN,2024-03-07,2024-03-08,SCHEDULED_CATALYST,90,2.576610575569678,0.8643070302970289,13.417955863467391,2.158269377693589,False,12.510000228881836,12.779999732971191
RIVN,2024-05-08,2024-05-09,POSSIBLE_CATALYST,70,1.5097032543352769,0.9902919633011213,0.1951264172065592,-0.48685675273817397,False,10.270000457763672,10.220000267028809
RIVN,2024-05-13,2024-05-14,POSSIBLE_CATALYST,70,1.6236679282657316,0.7510729859666604,9.109107790402415,2.6605502018552496,False,10.899999618530272,11.1899995803833
RIVN,2024-06-25,2024-06-26,PROBABLE_CATALYST,80,2.055972960298913,0.9175258745535182,8.628517615949383,23.244144850370006,True,11.960000038146973,14.739999771118164
RIVN,2024-06-27,2024-06-28,POSSIBLE_CATALYST,70,2.1226194207920135,0.8400646464895476,-1.8317470032692795,-7.25639372051281,False,14.470000267028809,13.420000076293944
RIVN,2024-07-02,2024-07-03,POSSIBLE_CATALYST,70,1.7067821306302624,0.7642277683487263,6.968392684715141,-1.6118248439135008,False,14.890000343322754,14.649999618530272
RIVN,2024-10-04,2024-10-07,POSSIBLE_CATALYST,70,2.2177126905797975,0.9534873405368961,-3.1539903618734044,0.47892904927711033,False,10.4399995803833,10.489999771118164
RIVN,2024-11-08,2024-11-11,PROBABLE_CATALYST,80,2.0550461926091823,0.8539325120307573,5.373133846811817,4.249289922391264,False,10.59000015258789,11.039999961853027
RIVN,2024-11-11,2024-11-12,POSSIBLE_CATALYST,70,1.5512346450490642,0.7899999618530273,4.249289922391264,-4.1666670265980805,False,11.039999961853027,10.579999923706056
RIVN,2024-11-15,2024-11-18,POSSIBLE_CATALYST,70,1.9253622726939068,0.9807706062623417,-2.4248301631911495,0.09939636968625543,False,10.0600004196167,10.06999969482422
RIVN,2024-11-25,2024-11-26,POSSIBLE_CATALYST,70,1.9292672594099318,0.8235296592579309,13.281256257323705,-0.43103611284993626,False,11.600000381469728,11.550000190734863
LCID,2023-03-29,2023-03-30,POSSIBLE_CATALYST,70,1.766033630063446,0.946428084860573,1.9867549668874274,-1.0389650022828767,False,77.0,76.19999694824219
LCID,2023-04-14,2023-04-17,POSSIBLE_CATALYST,70,1.926508048549757,0.8888894271175193,-6.303026603929929,2.8460502734639403,False,77.30000305175781,79.5
LCID,2023-04-27,2023-04-28,PROBABLE_CATALYST,80,2.044670377904832,0.8842098838404605,13.15789529300151,-2.8151719807533837,False,81.69999694824219,79.4000015258789
LCID,2023-05-08,2023-05-09,POSSIBLE_CATALYST,70,1.6591027945084649,0.83333309785826,-0.2587381238559616,-5.577166676347723,False,77.0999984741211,72.80000305175781
LCID,2023-05-09,2023-05-10,POSSIBLE_CATALYST,70,1.5853975782166996,0.8600006103515625,-5.577166676347723,-1.648357867215422,False,72.80000305175781,71.5999984741211
LCID,2023-05-31,2023-06-01,POSSIBLE_CATALYST,70,2.040122025027505,0.843749850988246,0.6485084434441735,-16.237111754999688,False,77.5999984741211,65.0
LCID,2023-06-02,2023-06-05,POSSIBLE_CATALYST,70,2.056632062260076,0.9545460850748029,1.538461538461533,-0.1515128395774168,False,66.0,65.9000015258789
LCID,2023-06-06,2023-06-07,POSSIBLE_CATALYST,70,1.5870287972355244,0.973475182184842,4.704094692476946,-7.246376811594201,False,69.0,64.0
LCID,2023-06-13,2023-06-14,POSSIBLE_CATALYST,70,1.8705567802986838,0.7441863559787406,4.465708457719142,-2.2900763358778664,False,65.5,64.0
LCID,2023-08-08,2023-08-09,POSSIBLE_CATALYST,70,1.6676678617852925,0.95192308397688,12.168491790069048,-1.5299004878674083,False,71.9000015258789,70.80000305175781
LCID,2023-11-02,2023-11-03,POSSIBLE_CATALYST,70,1.5894490609963727,0.8484848718377513,12.09876919970101,1.762112797737525,False,45.400001525878906,46.20000076293945
LCID,2023-12-14,2023-12-15,PROBABLE_CATALYST,80,2.9128916408983287,0.7671236813818201,14.47661420735946,-7.198444850388919,False,51.400001525878906,47.70000076293945
LCID,2024-01-29,2024-01-30,SCHEDULED_CATALYST,90,2.6403168720923516,0.946309023808579,27.169814199771515,2.670616293194228,False,33.70000076293945,34.599998474121094
LCID,2024-02-29,2024-03-01,PROBABLE_CATALYST,80,2.370471906286589,0.75,2.1671850757701616,0.9090885971531737,False,33.0,33.29999923706055
LCID,2024-05-06,2024-05-07,PROBABLE_CATALYST,80,2.2940237625722357,0.8571429544565883,9.51525882309674,-14.098358154296875,False,30.5,26.200000762939453
LCID,2024-07-03,2024-07-05,POSSIBLE_CATALYST,70,1.7662885480223622,0.7916666335529698,7.272727272727275,-0.6779686879303526,False,29.5,29.299999237060547
LCID,2024-07-08,2024-07-09,SCHEDULED_CATALYST,90,2.8606845991448435,0.8461540154451199,7.84983346177015,-2.215192261041654,False,31.600000381469727,30.899999618530277
LCID,2024-07-11,2024-07-12,POSSIBLE_CATALYST,70,2.374657479453586,0.7164177149965981,7.9365079365079305,25.0,True,34.0,42.5
LCID,2024-07-12,2024-07-15,SCHEDULED_CATALYST,90,5.03562669490152,0.9176469690659467,25.0,-15.05882711971509,False,42.5,36.09999847412109
LCID,2024-07-16,2024-07-17,POSSIBLE_CATALYST,70,1.5953474506873364,0.804878162245648,9.972305930702706,-4.5340030288887885,False,39.70000076293945,37.900001525878906
LCID,2024-08-22,2024-08-23,POSSIBLE_CATALYST,70,1.984372830579932,0.7272726484566954,7.541901733183232,9.090909090909083,False,38.5,42.0
LCID,2024-08-23,2024-08-26,PROBABLE_CATALYST,80,2.058078138998384,0.80952402577645,9.090909090909083,1.4285677955264031,False,42.0,42.59999847412109
LCID,2024-12-06,2024-12-09,POSSIBLE_CATALYST,70,1.849615594100244,0.8695655058373181,10.047848898560874,10.869565217391308,True,23.0,25.5
LCID,2024-12-20,2024-12-23,POSSIBLE_CATALYST,70,1.7129786840951688,0.8000002774325284,14.82890357039719,2.6490040293054573,False,30.200000762939453,31.0
SOFI,2023-02-01,2023-02-02,POSSIBLE_CATALYST,70,1.5807460056438976,0.8524594649102373,6.493510782815948,4.6070416053982655,False,7.380000114440918,7.71999979019165
SOFI,2023-03-13,2023-03-14,POSSIBLE_CATALYST,70,2.061532793561093,0.829786478529151,-1.6129059824093184,1.0929038637187194,False,5.489999771118164,5.550000190734863
SOFI,2023-04-27,2023-04-28,POSSIBLE_CATALYST,70,1.7048179767157632,0.7045452328753169,6.878304431002924,2.8052818135171798,False,6.059999942779541,6.230000019073486
SOFI,2023-04-28,2023-05-01,PROBABLE_CATALYST,80,2.0697655461055686,0.805555150832809,2.8052818135171798,-12.19904055465576,False,6.230000019073486,5.46999979019165
SOFI,2023-05-04,2023-05-05,POSSIBLE_CATALYST,70,1.5346231165141546,0.9384615610337249,0.9278366428618456,5.413684729686907,False,4.894999980926514,5.159999847412109
SOFI,2023-05-15,2023-05-16,POSSIBLE_CATALYST,70,2.244572908738379,0.8205125383609043,-4.980079700196704,-0.20963840848350346,False,4.769999980926514,4.760000228881836
SOFI,2023-05-31,2023-06-01,SCHEDULED_CATALYST,90,3.1455580959853218,0.9130435684002115,15.091207558034746,-1.7291049649809875,False,6.940000057220459,6.820000171661377
SOFI,2023-06-12,2023-06-13,POSSIBLE_CATALYST,70,1.8752093416057396,0.8444441618744563,11.980434054705924,4.148472934181058,False,9.15999984741211,9.539999961853027
SOFI,2023-06-13,2023-06-14,POSSIBLE_CATALYST,70,1.715517765783394,0.902778108915009,4.148472934181058,2.096434067765851,False,9.539999961853027,9.739999771118164
SOFI,2023-07-31,2023-08-01,SCHEDULED_CATALYST,90,4.428120179086238,0.8214285227717053,19.89528356631447,-9.60698206217705,False,11.449999809265137,10.350000381469728
SOFI,2023-10-31,2023-11-01,POSSIBLE_CATALYST,70,1.9469238275093586,0.9629629956678458,8.78962721159855,0.3973474465339244,False,7.550000190734863,7.579999923706055
SOFI,2023-12-01,2023-12-04,POSSIBLE_CATALYST,70,1.6081673602810367,0.8684211351865155,7.407406922890658,1.660282448373085,False,7.829999923706055,7.960000038146973
SOFI,2023-12-13,2023-12-14,POSSIBLE_CATALYST,70,1.804014483357975,0.982142446600619,12.452827608428274,5.928419591970324,False,8.9399995803833,9.470000267028809
SOFI,2024-04-26,2024-04-29,PROBABLE_CATALYST,80,2.1362897984334612,0.9062493946406512,3.6890609662994844,-10.482843980454891,False,7.869999885559082,7.045000076293945
SOFI,2024-07-15,2024-07-16,POSSIBLE_CATALYST,70,1.7180110775488664,0.7619047619047619,5.164994897431785,5.729878317401038,False,7.329999923706055,7.75
SOFI,2024-07-16,2024-07-17,POSSIBLE_CATALYST,70,1.9363744906731426,0.8526313359059096,5.729878317401038,1.1612922914566504,False,7.75,7.840000152587891
SOFI,2024-07-17,2024-07-18,POSSIBLE_CATALYST,70,1.9579726448304782,0.7929002013156763,1.1612922914566504,-3.9540808258430205,False,7.840000152587891,7.53000020980835
SOFI,2024-10-14,2024-10-15,SCHEDULED_CATALYST,90,2.676389319025536,0.9568348976343354,11.431739254228823,1.394425735604421,False,10.039999961853027,10.18000030517578
SOFI,2024-10-30,2024-10-31,POSSIBLE_CATALYST,70,1.5745489735717098,0.7307694776523839,7.163323599540239,-0.44563448792239724,False,11.220000267028809,11.170000076293944
UPST,2023-02-14,2023-02-15,POSSIBLE_CATALYST,70,1.8537715653568274,0.7772282346209356,4.723432080015222,28.130561803018317,True,16.850000381469727,21.59000015258789
UPST,2023-02-15,2023-02-16,SCHEDULED_CATALYST,90,3.1910822962412055,0.8992044278837285,28.130561803018317,-12.32051796485637,False,21.59000015258789,18.93000030517578
UPST,2023-03-31,2023-04-03,POSSIBLE_CATALYST,70,1.927773476590712,0.9712648025071772,11.9802735250929,2.83196853078882,False,15.890000343322754,16.34000015258789
UPST,2023-05-09,2023-05-10,SCHEDULED_CATALYST,90,3.61778600764428,0.9646018072548446,5.306427743454778,34.63448621659735,True,14.09000015258789,18.96999931335449
UPST,2023-05-15,2023-05-16,SCHEDULED_CATALYST,90,2.8559748546046566,0.9157429841503989,23.611964510978623,-4.343539280225395,False,20.26000022888184,19.3799991607666
UPST,2023-05-17,2023-05-18,POSSIBLE_CATALYST,70,1.8547201587529538,0.7031801500941889,10.371518658013867,14.960265798268658,True,21.38999938964844,24.59000015258789
UPST,2023-05-18,2023-05-19,PROBABLE_CATALYST,80,2.129135592668362,0.9071857928802209,14.960265798268658,-6.262712102363577,False,24.59000015258789,23.049999237060547
UPST,2023-05-22,2023-05-23,POSSIBLE_CATALYST,70,2.4574037614540454,0.734058956351086,19.956618367577626,-6.039783361062911,False,27.649999618530277,25.979999542236328
UPST,2023-07-17,2023-07-18,POSSIBLE_CATALYST,70,1.5103041615595765,0.8845178138149418,13.71158657961098,1.9656037016190009,False,52.90999984741211,53.95000076293945
UPST,2023-07-25,2023-07-26,POSSIBLE_CATALYST,70,2.3025898497734905,0.7346938291964024,17.431026090993473,1.8574407881664534,False,62.9900016784668,64.16000366210938
UPST,2023-11-02,2023-11-03,POSSIBLE_CATALYST,70,1.6629006904222758,0.9781426175703314,11.549410878263068,10.535907245699594,True,27.43000030517578,30.31999969482422
UPST,2023-11-03,2023-11-06,PROBABLE_CATALYST,80,2.025477409796671,0.8859648462367953,10.535907245699594,-3.364117638621844,False,30.31999969482422,29.299999237060547
UPST,2023-11-14,2023-11-15,POSSIBLE_CATALYST,70,1.734102220445094,0.9318100877679804,16.437729521547183,2.2414458827521466,False,25.43000030517578,26.0
UPST,2023-12-01,2023-12-04,PROBABLE_CATALYST,80,2.0358480764552485,0.9432834291277724,20.96412053445389,5.931424303358135,False,32.369998931884766,34.290000915527344
UPST,2023-12-04,2023-12-05,POSSIBLE_CATALYST,70,1.7232919435943195,0.9635505837516807,5.931424303358135,-3.645377563795771,False,34.290000915527344,33.040000915527344
UPST,2023-12-08,2023-12-11,POSSIBLE_CATALYST,70,1.5822839794192964,0.8640773013417182,9.00501722245204,-3.439861067313499,False,36.91999816894531,35.650001525878906
UPST,2023-12-13,2023-12-14,SCHEDULED_CATALYST,90,2.575548169137439,0.9648483738754735,20.309856575979325,5.923677471849742,False,42.709999084472656,45.2400016784668
UPST,2024-05-06,2024-05-07,POSSIBLE_CATALYST,70,1.6746391273587395,0.7772386197731584,6.625260483408213,-4.970876452992279,False,25.75,24.46999931335449
UPST,2024-05-08,2024-05-09,POSSIBLE_CATALYST,70,2.7345523379097894,0.9492190672318168,-5.557820764877219,13.241018542300399,True,23.11000061035156,26.170000076293945
UPST,2024-05-09,2024-05-10,PROBABLE_CATALYST,80,2.160021539870237,0.8352939381318933,13.241018542300399,-2.9423020845199432,False,26.170000076293945,25.399999618530277
UPST,2024-07-11,2024-07-12,PROBABLE_CATALYST,80,2.0172846699127445,0.9520549734799989,8.460920254997607,0.7057969298630562,False,26.920000076293945,27.11000061035156
UPST,2024-07-16,2024-07-17,PROBABLE_CATALYST,80,2.0324853399464278,0.868420590324224,6.675567627225121,-3.285354402812468,False,31.959999084472656,30.90999984741211
UPST,2024-09-17,2024-09-18,PROBABLE_CATALYST,80,2.028313578600258,0.8200633960308114,7.317767007364462,1.6450060206228745,False,37.68999862670898,38.310001373291016
UPST,2024-10-14,2024-10-15,POSSIBLE_CATALYST,70,2.4994698768808488,0.733421499712127,14.993617967726959,-2.145366846604868,False,54.06999969482422,52.90999984741211
UPST,2024-11-08,2024-11-11,SCHEDULED_CATALYST,90,4.6159817169629225,0.9292185877241944,46.024875099098224,-4.3456748679832184,False,81.0,77.4800033569336
RBLX,2023-02-15,2023-02-16,SCHEDULED_CATALYST,90,3.8906455436010443,0.9244190624047018,26.380723703826337,-3.3274177885385114,False,45.08000183105469,43.58000183105469
RBLX,2023-05-10,2023-05-11,PROBABLE_CATALYST,80,2.539188721068682,0.7540979334971082,7.405361721118964,2.598410506777693,False,38.869998931884766,39.880001068115234
RBLX,2023-09-13,2023-09-14,POSSIBLE_CATALYST,70,2.473816776942999,0.8239697110404681,-5.03252091553782,0.036049852070463295,False,27.739999771118164,27.75
RBLX,2023-11-07,2023-11-08,POSSIBLE_CATALYST,70,1.6912730167883676,0.8756758205729887,3.60413966232771,11.833480359258107,True,35.06999969482422,39.220001220703125
RBLX,2023-12-14,2023-12-15,POSSIBLE_CATALYST,70,1.5001301475604065,0.9009914452438955,2.7938098501628206,-1.3477140221226702,False,44.52000045776367,43.91999816894531
RBLX,2024-02-06,2024-02-07,POSSIBLE_CATALYST,70,1.7420590049538054,0.8984748965965879,3.176620199419,10.197052610690616,True,40.59999847412109,44.7400016784668
RBLX,2024-08-06,2024-08-07,POSSIBLE_CATALYST,70,1.6133295465914481,0.7720194964600405,3.1207211271370605,-3.955396698155056,False,37.66999816894531,36.18000030517578
RBLX,2024-08-20,2024-08-21,POSSIBLE_CATALYST,70,1.7026442471363525,0.8039209086455212,-0.783161258062115,6.931419573593245,False,40.540000915527344,43.34999847412109
RBLX,2024-08-21,2024-08-22,POSSIBLE_CATALYST,70,1.6174358555096813,0.9503535354218524,6.931419573593245,0.023072979429161755,False,43.34999847412109,43.36000061035156
RBLX,2024-09-24,2024-09-25,POSSIBLE_CATALYST,70,1.6140722942179362,0.9509811621357808,3.4702435172766277,1.1250239278927543,False,47.11000061035156,47.63999938964844
RBLX,2024-10-08,2024-10-09,POSSIBLE_CATALYST,70,3.780939305403319,0.9966880348627909,-2.126120031630929,3.0362957489429965,False,40.5099983215332,41.7400016784668
RBLX,2024-10-31,2024-11-01,SCHEDULED_CATALYST,90,4.135386177235723,0.8,19.88873887910505,-0.5413816461436238,False,51.720001220703125,51.43999862670898
RBLX,2024-12-05,2024-12-06,PROBABLE_CATALYST,80,2.2133176007037543,0.9546483515057659,8.06746908199807,0.6277617156481785,False,58.93999862670898,59.310001373291016
