symbol,earnings_date,sell_date,hold_days,gap_pct,volume_ratio,buy_price,sell_price,earnings_day_return,total_return,profitable
NVDA,2023-05-25,2023-05-26,1,26.14774409927477,3.3026045768310004,38.49101183651756,38.91365814208984,-1.4095456853161232,1.0980389587246493,True
NVDA,2023-05-25,2023-05-30,2,26.14774409927477,3.3026045768310004,38.49101183651756,40.07769393920898,-1.4095456853161232,4.122214582018567,True
NVDA,2023-05-25,2023-05-31,3,26.14774409927477,3.3026045768310004,38.49101183651756,37.802581787109375,-1.4095456853161232,-1.788547550612969,False
NVDA,2023-05-25,2023-06-02,5,26.14774409927477,3.3026045768310004,38.49101183651756,39.294342041015625,-1.4095456853161232,2.0870592020548657,True
NVDA,2023-05-25,2023-06-06,7,26.14774409927477,3.3026045768310004,38.49101183651756,38.62189865112305,-1.4095456853161232,0.3400451387492831,True
META,2023-02-02,2023-02-03,1,19.762264277562792,4.380777537451143,182.10790119005645,185.23606872558597,2.9392514157107112,1.7177549766304807,True
META,2023-02-02,2023-02-06,2,19.762264277562792,4.380777537451143,182.10790119005645,184.76931762695312,2.9392514157107112,1.4614502827744371,True
META,2023-02-02,2023-02-07,3,19.762264277562792,4.380777537451143,182.10790119005645,190.2907257080078,2.9392514157107112,4.493393457657489,True
META,2023-02-02,2023-02-09,5,19.762264277562792,4.380777537451143,182.10790119005645,176.68577575683594,2.9392514157107112,-2.977424591567681,False
META,2023-02-02,2023-02-13,7,19.762264277562792,4.380777537451143,182.10790119005645,178.18531799316406,2.9392514157107112,-2.1539884712627573,False
META,2023-04-27,2023-04-28,1,14.560664783238373,3.1282617411697506,238.22592722369825,238.6529235839844,-0.5544215408890059,0.1792400874507655,True
META,2023-04-27,2023-05-01,2,14.560664783238373,3.1282617411697506,238.22592722369825,241.49310302734372,-0.5544215408890059,1.3714610503236861,True
META,2023-04-27,2023-05-02,3,14.560664783238373,3.1282617411697506,238.22592722369825,237.58041381835935,-0.5544215408890059,-0.27096689804580126,False
META,2023-04-27,2023-05-04,5,14.560664783238373,3.1282617411697506,238.22592722369825,231.90013122558597,-0.5544215408890059,-2.655376797913458,False
META,2023-04-27,2023-05-08,7,14.560664783238373,3.1282617411697506,238.22592722369825,231.6518402099609,-0.5544215408890059,-2.7596018159535425,False
META,2024-02-02,2024-02-05,1,16.419266146385635,4.081539628699948,456.41184183691,456.2231140136719,3.348560471383683,-0.0413503344870656,False
META,2024-02-02,2024-02-06,2,16.419266146385635,4.081539628699948,456.41184183691,451.565673828125,3.348560471383683,-1.0617971675057236,False
META,2024-02-02,2024-02-07,3,16.419266146385635,4.081539628699948,456.41184183691,466.33251953125,3.348560471383683,2.1736240791677246,True
META,2024-02-02,2024-02-09,5,16.419266146385635,4.081539628699948,456.41184183691,464.8627624511719,3.348560471383683,1.8515997701220106,True
META,2024-02-02,2024-02-13,7,16.419266146385635,4.081539628699948,456.41184183691,456.92822265625,3.348560471383683,0.11313922471023541,True
NFLX,2023-10-19,2023-10-20,1,16.912676940348067,4.189424219791666,40.4739990234375,40.09600067138672,-0.7338066219692965,-0.9339288461016458,False
NFLX,2023-10-19,2023-10-23,2,16.912676940348067,4.189424219791666,40.4739990234375,40.68399810791016,-0.7338066219692965,0.5188493589453763,True
NFLX,2023-10-19,2023-10-24,3,16.912676940348067,4.189424219791666,40.4739990234375,41.37300109863281,-0.7338066219692965,2.2211842093357825,True
NFLX,2023-10-19,2023-10-26,5,16.912676940348067,4.189424219791666,40.4739990234375,40.354000091552734,-0.7338066219692965,-0.29648400153213716,False
NFLX,2023-10-19,2023-10-30,7,16.912676940348067,4.189424219791666,40.4739990234375,41.007999420166016,-0.7338066219692965,1.3193665306442515,True
NFLX,2024-01-24,2024-01-25,1,9.25658707412986,4.604965274783473,53.775001525878906,56.20000076293945,1.3240315493012098,4.5095289042317,True
NFLX,2024-01-24,2024-01-26,2,9.25658707412986,4.604965274783473,53.775001525878906,57.04199981689453,1.3240315493012098,6.075310457115284,True
NFLX,2024-01-24,2024-01-29,3,9.25658707412986,4.604965274783473,53.775001525878906,57.57899856567383,1.3240315493012098,7.073913401869956,True
NFLX,2024-01-24,2024-01-31,5,9.25658707412986,4.604965274783473,53.775001525878906,56.4109992980957,1.3240315493012098,4.901901808311876,True
NFLX,2024-01-24,2024-02-02,7,9.25658707412986,4.604965274783473,53.775001525878906,56.4640007019043,1.3240315493012098,5.000463225893774,True
MRNA,2023-12-14,2023-12-15,1,12.557255646552859,5.103189922777758,88.47000122070312,86.01000213623047,-2.938847562163999,-2.7806025212272574,False
MRNA,2023-12-14,2023-12-18,2,12.557255646552859,5.103189922777758,88.47000122070312,85.41999816894531,-2.938847562163999,-3.4474997283531996,False
MRNA,2023-12-14,2023-12-19,3,12.557255646552859,5.103189922777758,88.47000122070312,89.08999633789062,-2.938847562163999,0.7007970030890122,True
MRNA,2023-12-14,2023-12-21,5,12.557255646552859,5.103189922777758,88.47000122070312,91.16000366210938,-2.938847562163999,3.04058144488502,True
MRNA,2023-12-14,2023-12-26,7,12.557255646552859,5.103189922777758,88.47000122070312,97.33000183105467,-2.938847562163999,10.01469479835182,True
MRNA,2024-11-07,2024-11-08,1,9.245313595570373,3.268484236105752,56.59999847412109,46.83000183105469,-11.166077500362238,-17.26147863331389,False
MRNA,2024-11-07,2024-11-11,2,9.245313595570373,3.268484236105752,56.59999847412109,42.75,-11.166077500362238,-24.469962628097324,False
MRNA,2024-11-07,2024-11-12,3,9.245313595570373,3.268484236105752,56.59999847412109,43.470001220703125,-11.166077500362238,-23.197875631430133,False
MRNA,2024-11-07,2024-11-14,5,9.245313595570373,3.268484236105752,56.59999847412109,39.77000045776367,-11.166077500362238,-29.734979629111656,False
MRNA,2024-11-07,2024-11-18,7,9.245313595570373,3.268484236105752,56.59999847412109,39.5099983215332,-11.166077500362238,-30.194347373351704,False
NVAX,2023-05-09,2023-05-10,1,20.402691230586807,6.560422144222925,8.970000267028809,8.989999771118164,6.13155155364386,0.22295990517266767,True
NVAX,2023-05-09,2023-05-11,2,20.402691230586807,6.560422144222925,8.970000267028809,8.890000343322754,6.13155155364386,-0.8918608843314292,False
NVAX,2023-05-09,2023-05-12,3,20.402691230586807,6.560422144222925,8.970000267028809,8.449999809265137,6.13155155364386,-5.797106379974669,False
NVAX,2023-05-09,2023-05-16,5,20.402691230586807,6.560422144222925,8.970000267028809,7.639999866485596,6.13155155364386,-14.827205807695673,False
NVAX,2023-05-09,2023-05-18,7,20.402691230586807,6.560422144222925,8.970000267028809,7.420000076293945,6.13155155364386,-17.279823239607104,False
NVAX,2024-02-22,2024-02-23,1,12.060301928974027,5.1658308734998855,4.460000038146973,5.289999961853027,9.41704198882576,18.609863601052805,True
NVAX,2024-02-22,2024-02-26,2,12.060301928974027,5.1658308734998855,4.460000038146973,5.5,9.41704198882576,23.318384595465684,True
NVAX,2024-02-22,2024-02-27,3,12.060301928974027,5.1658308734998855,4.460000038146973,6.019999980926514,9.41704198882576,34.977576893198524,True
NVAX,2024-02-22,2024-02-29,5,12.060301928974027,5.1658308734998855,4.460000038146973,4.940000057220459,9.41704198882576,10.76233217417001,True
NVAX,2024-02-22,2024-03-04,7,12.060301928974027,5.1658308734998855,4.460000038146973,5.489999771118164,9.41704198882576,23.094164218866972,True
NVAX,2024-05-10,2024-05-13,1,124.16109458774866,13.9793122998428,10.020000457763672,13.109999656677246,-11.377248415587264,30.83831394957062,True
NVAX,2024-05-10,2024-05-14,2,124.16109458774866,13.9793122998428,10.020000457763672,13.479999542236328,-11.377248415587264,34.530927409207735,True
NVAX,2024-05-10,2024-05-15,3,124.16109458774866,13.9793122998428,10.020000457763672,12.899999618530272,-11.377248415587264,28.74250528137577,True
NVAX,2024-05-10,2024-05-17,5,124.16109458774866,13.9793122998428,10.020000457763672,13.010000228881836,-11.377248415587264,29.840315713772846,True
NVAX,2024-05-10,2024-05-21,7,124.16109458774866,13.9793122998428,10.020000457763672,14.90999984741211,-11.377248415587264,48.80238688871097,True
NVAX,2024-05-13,2024-05-14,1,9.12161548990453,6.811495092172735,9.6899995803833,13.479999542236328,35.29411996278603,39.11248840016058,True
NVAX,2024-05-13,2024-05-15,2,9.12161548990453,6.811495092172735,9.6899995803833,12.899999618530272,35.29411996278603,33.1269368127258,True
NVAX,2024-05-13,2024-05-16,3,9.12161548990453,6.811495092172735,9.6899995803833,14.399999618530272,35.29411996278603,48.6068136440586,True
NVAX,2024-05-13,2024-05-20,5,9.12161548990453,6.811495092172735,9.6899995803833,14.789999961853027,35.29411996278603,52.63158516326777,True
NVAX,2024-05-13,2024-05-22,7,9.12161548990453,6.811495092172735,9.6899995803833,15.699999809265137,35.29411996278603,62.0227088662485,True
GME,2023-03-22,2023-03-23,1,50.708220716011134,9.357213383685314,26.600000381469727,22.57999992370605,-10.2631560266372,-15.11278345907136,False
GME,2023-03-22,2023-03-24,2,50.708220716011134,9.357213383685314,26.600000381469727,23.979999542236328,-10.2631560266372,-9.849627073909973,False
GME,2023-03-22,2023-03-27,3,50.708220716011134,9.357213383685314,26.600000381469727,23.0,-10.2631560266372,-13.533835826474586,False
GME,2023-03-22,2023-03-29,5,50.708220716011134,9.357213383685314,26.600000381469727,22.459999084472656,-10.2631560266372,-15.56391442716334,False
GME,2023-03-22,2023-03-31,7,50.708220716011134,9.357213383685314,26.600000381469727,23.020000457763672,-10.2631560266372,-13.458646136712007,False
GME,2023-11-29,2023-11-30,1,14.825797138128664,9.272118226600986,15.489999771118164,14.550000190734863,4.906392770249695,-6.068428626680643,False
GME,2023-11-29,2023-12-01,2,14.825797138128664,9.272118226600986,15.489999771118164,15.300000190734863,4.906392770249695,-1.2265951142075804,False
GME,2023-11-29,2023-12-04,3,14.825797138128664,9.272118226600986,15.489999771118164,16.979999542236328,4.906392770249695,9.619107767169494,True
GME,2023-11-29,2023-12-06,5,14.825797138128664,9.272118226600986,15.489999771118164,14.84000015258789,4.906392770249695,-4.196253248126113,False
GME,2023-11-29,2023-12-08,7,14.825797138128664,9.272118226600986,15.489999771118164,15.550000190734863,4.906392770249695,0.38734938995010726,True
GME,2024-05-13,2024-05-14,1,50.85911531354148,8.602645597329179,26.34000015258789,48.75,15.603646873736851,85.07972557931188,True
GME,2024-05-13,2024-05-15,2,50.85911531354148,8.602645597329179,26.34000015258789,39.54999923706055,15.603646873736851,50.151856522198166,True
GME,2024-05-13,2024-05-16,3,50.85911531354148,8.602645597329179,26.34000015258789,27.670000076293945,15.603646873736851,5.049354274872253,True
GME,2024-05-13,2024-05-20,5,50.85911531354148,8.602645597329179,26.34000015258789,23.13999938964844,15.603646873736851,-12.148825908890707,False
GME,2024-05-13,2024-05-22,7,50.85911531354148,8.602645597329179,26.34000015258789,21.1200008392334,15.603646873736851,-19.8177649320994,False
GME,2024-05-14,2024-05-15,1,112.90640461972981,6.487062410118082,64.83000183105469,39.54999923706055,-24.803333914687766,-38.99429566556727,False
GME,2024-05-14,2024-05-16,2,112.90640461972981,6.487062410118082,64.83000183105469,27.670000076293945,-24.803333914687766,-57.319143460150975,False
GME,2024-05-14,2024-05-17,3,112.90640461972981,6.487062410118082,64.83000183105469,22.209999084472656,-24.803333914687766,-65.74117159158604,False
GME,2024-05-14,2024-05-21,5,112.90640461972981,6.487062410118082,64.83000183105469,22.1200008392334,-24.803333914687766,-65.87999349918647,False
GME,2024-05-14,2024-05-23,7,112.90640461972981,6.487062410118082,64.83000183105469,18.31999969482422,-24.803333914687766,-71.74147897980065,False
AMC,2023-07-24,2023-07-25,1,32.727276195179336,7.427245995716564,58.400001525878906,51.20000076293945,0.17123025943206735,-12.32876810756401,False
AMC,2023-07-24,2023-07-26,2,32.727276195179336,7.427245995716564,58.400001525878906,50.70000076293945,0.17123025943206735,-13.184932468755736,False
AMC,2023-07-24,2023-07-27,3,32.727276195179336,7.427245995716564,58.400001525878906,45.20000076293945,0.17123025943206735,-22.602740441864732,False
AMC,2023-07-24,2023-07-31,5,32.727276195179336,7.427245995716564,58.400001525878906,49.70000076293945,0.17123025943206735,-14.897261191139192,False
AMC,2023-07-24,2023-08-02,7,32.727276195179336,7.427245995716564,58.400001525878906,48.0,0.17123025943206735,-17.8082213255942,False
AMC,2024-05-13,2024-05-14,1,20.962195089478655,10.90153743625738,3.5199999809265137,6.849999904632568,47.443184242699274,94.60227107244334,True
AMC,2024-05-13,2024-05-15,2,20.962195089478655,10.90153743625738,3.5199999809265137,5.480000019073486,47.443184242699274,55.68181956725673,True
AMC,2024-05-13,2024-05-16,3,20.962195089478655,10.90153743625738,3.5199999809265137,4.639999866485596,47.443184242699274,31.818178739429488,True
AMC,2024-05-13,2024-05-20,5,20.962195089478655,10.90153743625738,3.5199999809265137,4.829999923706055,47.443184242699274,37.21590766698613,True
AMC,2024-05-13,2024-05-22,7,20.962195089478655,10.90153743625738,3.5199999809265137,5.059999942779541,47.443184242699274,43.74999915334311,True
AMC,2024-05-14,2024-05-15,1,128.9017337854007,8.122283766646849,11.880000114440918,5.480000019073486,-42.340068698265874,-53.87205415585655,False
AMC,2024-05-14,2024-05-16,2,128.9017337854007,8.122283766646849,11.880000114440918,4.639999866485596,-42.340068698265874,-60.94276244286082,False
AMC,2024-05-14,2024-05-17,3,128.9017337854007,8.122283766646849,11.880000114440918,4.400000095367432,-42.340068698265874,-62.96296251698732,False
AMC,2024-05-14,2024-05-21,5,128.9017337854007,8.122283766646849,11.880000114440918,4.650000095367432,-42.340068698265874,-60.85858543288184,False
AMC,2024-05-14,2024-05-23,7,128.9017337854007,8.122283766646849,11.880000114440918,4.550000190734863,-42.340068698265874,-61.700335463767885,False
PLTR,2023-02-14,2023-02-15,1,12.877792403150835,4.339794627501725,8.59000015258789,10.109999656677246,7.334110631547768,17.694988091838724,True
PLTR,2023-02-14,2023-02-16,2,12.877792403150835,4.339794627501725,8.59000015258789,9.710000038146973,7.334110631547768,13.038415199814194,True
PLTR,2023-02-14,2023-02-17,3,12.877792403150835,4.339794627501725,8.59000015258789,9.199999809265137,7.334110631547768,7.101276435873785,True
PLTR,2023-02-14,2023-02-22,5,12.877792403150835,4.339794627501725,8.59000015258789,8.359999656677246,7.334110631547768,-2.6775377395232383,False
PLTR,2023-02-14,2023-02-24,7,12.877792403150835,4.339794627501725,8.59000015258789,8.09000015258789,7.334110631547768,-5.820721666103418,False
PLTR,2023-05-09,2023-05-10,1,19.12145400098423,5.594995334653086,9.220000267028809,9.9399995803833,3.579174773846279,7.8091029555524685,True
PLTR,2023-05-09,2023-05-11,2,19.12145400098423,5.594995334653086,9.220000267028809,9.880000114440918,3.579174773846279,7.158349547692558,True
PLTR,2023-05-09,2023-05-12,3,19.12145400098423,5.594995334653086,9.220000267028809,9.5,3.579174773846279,3.036873371603738,True
PLTR,2023-05-09,2023-05-16,5,19.12145400098423,5.594995334653086,9.220000267028809,9.470000267028809,3.579174773846279,2.711496667673783,True
PLTR,2023-05-09,2023-05-18,7,19.12145400098423,5.594995334653086,9.220000267028809,11.739999771118164,3.579174773846279,27.33188103151149,True
PLTR,2024-02-06,2024-02-07,1,21.41148367659716,6.316013116219674,20.299999237060547,23.600000381469727,7.733998330928947,16.256163883910677,True
PLTR,2024-02-06,2024-02-08,2,21.41148367659716,6.316013116219674,20.299999237060547,24.51000022888184,7.733998330928947,20.738921921412366,True
PLTR,2024-02-06,2024-02-09,3,21.41148367659716,6.316013116219674,20.299999237060547,24.3799991607666,7.733998330928947,20.098522547022725,True
PLTR,2024-02-06,2024-02-13,5,21.41148367659716,6.316013116219674,20.299999237060547,24.01000022888184,7.733998330928947,18.275867641650727,True
PLTR,2024-02-06,2024-02-15,7,21.41148367659716,6.316013116219674,20.299999237060547,25.40999984741211,7.733998330928947,25.172417745822013,True
PLTR,2024-11-05,2024-11-06,1,15.575949738484585,3.8915103809127847,47.86000061035156,55.52999877929688,6.832428784082399,16.025904870729125,True
PLTR,2024-11-05,2024-11-07,2,15.575949738484585,3.8915103809127847,47.86000061035156,55.880001068115234,6.832428784082399,16.757209267625957,True
PLTR,2024-11-05,2024-11-08,3,15.575949738484585,3.8915103809127847,47.86000061035156,58.38999938964844,6.832428784082399,22.00166871084276,True
PLTR,2024-11-05,2024-11-12,5,15.575949738484585,3.8915103809127847,47.86000061035156,59.84999847412109,6.832428784082399,25.052230904435525,True
PLTR,2024-11-05,2024-11-14,7,15.575949738484585,3.8915103809127847,47.86000061035156,59.18000030517578,6.832428784082399,23.652318325244302,True
HOOD,2024-02-14,2024-02-15,1,15.270266787164704,5.806600549862002,13.64799976348877,13.420000076293944,-1.9636551413548982,-1.6705721801430014,False
HOOD,2024-02-14,2024-02-16,2,15.270266787164704,5.806600549862002,13.64799976348877,14.0,-1.9636551413548982,2.5791342512541955,True
HOOD,2024-02-14,2024-02-20,3,15.270266787164704,5.806600549862002,13.64799976348877,14.09000015258789,-1.9636551413548982,3.238572660893238,True
HOOD,2024-02-14,2024-02-22,5,15.270266787164704,5.806600549862002,13.64799976348877,13.970000267028809,-1.9636551413548982,2.3593237772575084,True
HOOD,2024-02-14,2024-02-26,7,15.270266787164704,5.806600549862002,13.64799976348877,15.59000015258789,-1.9636551413548982,14.229194187813329,True
SNOW,2023-11-07,2023-11-08,1,8.023583612398815,3.1487276088376976,155.77000427246094,158.5800018310547,2.439496018187904,1.8039400921365567,True
SNOW,2023-11-07,2023-11-09,2,8.023583612398815,3.1487276088376976,155.77000427246094,156.35000610351562,2.439496018187904,0.3723450055507431,True
SNOW,2023-11-07,2023-11-10,3,8.023583612398815,3.1487276088376976,155.77000427246094,160.39999389648438,2.439496018187904,2.972324258221766,True
SNOW,2023-11-07,2023-11-14,5,8.023583612398815,3.1487276088376976,155.77000427246094,165.86000061035156,2.439496018187904,6.477496347911744,True
SNOW,2023-11-07,2023-11-16,7,8.023583612398815,3.1487276088376976,155.77000427246094,160.97000122070312,2.439496018187904,3.33825306902268,True
SNOW,2024-11-21,2024-11-22,1,24.89157419846448,6.851301734402927,161.25999450683594,167.44000244140625,6.256983715977967,3.832325527152574,True
SNOW,2024-11-21,2024-11-25,2,24.89157419846448,6.851301734402927,161.25999450683594,171.4199981689453,6.256983715977967,6.300386957832052,True
SNOW,2024-11-21,2024-11-26,3,24.89157419846448,6.851301734402927,161.25999450683594,171.27999877929688,6.256983715977967,6.21357101189544,True
SNOW,2024-11-21,2024-11-29,5,24.89157419846448,6.851301734402927,161.25999450683594,174.8000030517578,6.256983715977967,8.396384104023955,True
SNOW,2024-11-21,2024-12-03,7,24.89157419846448,6.851301734402927,161.25999450683594,175.94000244140625,6.256983715977967,9.103316653001633,True
CRWD,2024-03-06,2024-03-07,1,21.0008034504268,4.340553497822276,360.04998779296875,329.67999267578125,-8.465485766458684,-8.43493852155064,False
CRWD,2024-03-06,2024-03-08,2,21.0008034504268,4.340553497822276,360.04998779296875,322.8500061035156,-8.465485766458684,-10.331893612184588,False
CRWD,2024-03-06,2024-03-11,3,21.0008034504268,4.340553497822276,360.04998779296875,317.3699951171875,-8.465485766458684,-11.853907546949436,False
CRWD,2024-03-06,2024-03-13,5,21.0008034504268,4.340553497822276,360.04998779296875,332.1700134277344,-8.465485766458684,-7.74336211928038,False
CRWD,2024-03-06,2024-03-15,7,21.0008034504268,4.340553497822276,360.04998779296875,315.6499938964844,-8.465485766458684,-12.331619331150952,False
CRWD,2024-06-05,2024-06-06,1,9.499967293319997,4.221138861980373,334.6099853515625,340.489990234375,2.2623375438916504,1.7572711933968717,True
CRWD,2024-06-05,2024-06-07,2,9.499967293319997,4.221138861980373,334.6099853515625,349.1199951171875,2.2623375438916504,4.336394728441789,True
CRWD,2024-06-05,2024-06-10,3,9.499967293319997,4.221138861980373,334.6099853515625,374.5700073242188,2.2623375438916504,11.942268229285439,True
CRWD,2024-06-05,2024-06-12,5,9.499967293319997,4.221138861980373,334.6099853515625,387.3699951171875,2.2623375438916504,15.767613662273702,True
CRWD,2024-06-05,2024-06-14,7,9.499967293319997,4.221138861980373,334.6099853515625,385.43499755859375,2.2623375438916504,15.189329198777873,True
NET,2023-02-10,2023-02-13,1,9.41207230730368,3.0573933632604207,63.64500045776367,64.08000183105469,-5.569961439461584,0.6834808235718262,True
NET,2023-02-10,2023-02-14,2,9.41207230730368,3.0573933632604207,63.64500045776367,68.37999725341797,-5.569961439461584,7.439699523290212,True
NET,2023-02-10,2023-02-15,3,9.41207230730368,3.0573933632604207,63.64500045776367,72.4000015258789,-5.569961439461584,13.755991837764633,True
NET,2023-02-10,2023-02-17,5,9.41207230730368,3.0573933632604207,63.64500045776367,64.44999694824219,-5.569961439461584,1.264822821413491,True
NET,2023-02-10,2023-02-22,7,9.41207230730368,3.0573933632604207,63.64500045776367,61.470001220703125,-5.569961439461584,-3.417392130437532,False
NET,2023-08-04,2023-08-07,1,10.43973065797779,3.1801345968014427,71.83000183105469,67.79000091552734,-3.215933633722369,-5.6243920542136285,False
NET,2023-08-04,2023-08-08,2,10.43973065797779,3.1801345968014427,71.83000183105469,66.58999633789062,-3.215933633722369,-7.295009549754209,False
NET,2023-08-04,2023-08-09,3,10.43973065797779,3.1801345968014427,71.83000183105469,63.59000015258789,-3.215933633722369,-11.47153204568672,False
NET,2023-08-04,2023-08-11,5,10.43973065797779,3.1801345968014427,71.83000183105469,63.61000061035156,-3.215933633722369,-11.443687889688071,False
NET,2023-08-04,2023-08-15,7,10.43973065797779,3.1801345968014427,71.83000183105469,62.11000061035156,-3.215933633722369,-13.531951793019195,False
NET,2024-02-09,2024-02-12,1,21.913410973892937,6.317369201400058,110.0999984741211,105.62000274658205,-1.980018469925932,-4.069024332086678,False
NET,2024-02-09,2024-02-13,2,21.913410973892937,6.317369201400058,110.0999984741211,99.87999725341795,-1.980018469925932,-9.28247171874879,False
NET,2024-02-09,2024-02-14,3,21.913410973892937,6.317369201400058,110.0999984741211,104.37000274658205,-1.980018469925932,-5.204355864624175,False
NET,2024-02-09,2024-02-16,5,21.913410973892937,6.317369201400058,110.0999984741211,98.5199966430664,-1.980018469925932,-10.517712980510673,False
NET,2024-02-09,2024-02-21,7,21.913410973892937,6.317369201400058,110.0999984741211,95.08999633789062,-1.980018469925932,-13.633062982974115,False
DDOG,2023-11-07,2023-11-08,1,24.43745325737249,5.3268001042147555,98.98999786376952,99.98999786376952,3.2427509382213544,1.010203072613664,True
DDOG,2023-11-07,2023-11-09,2,24.43745325737249,5.3268001042147555,98.98999786376952,100.2300033569336,3.2427509382213544,1.252657359252172,True
DDOG,2023-11-07,2023-11-10,3,24.43745325737249,5.3268001042147555,98.98999786376952,103.6500015258789,3.2427509382213544,4.707550017853832,True
DDOG,2023-11-07,2023-11-14,5,24.43745325737249,5.3268001042147555,98.98999786376952,109.0199966430664,3.2427509382213544,10.132335585157017,True
DDOG,2023-11-07,2023-11-16,7,24.43745325737249,5.3268001042147555,98.98999786376952,109.12000274658205,3.2427509382213544,10.233362058208636,True
ZS,2023-05-08,2023-05-09,1,20.154257728386543,4.361495171796362,107.48999786376952,110.04499816894533,0.4000375046251119,2.37696563024772,True
ZS,2023-05-08,2023-05-10,2,20.154257728386543,4.361495171796362,107.48999786376952,116.79000091552734,0.4000375046251119,8.651970635951121,True
ZS,2023-05-08,2023-05-11,3,20.154257728386543,4.361495171796362,107.48999786376952,115.41999816894533,0.4000375046251119,7.377430889175493,True
ZS,2023-05-08,2023-05-15,5,20.154257728386543,4.361495171796362,107.48999786376952,120.80999755859376,0.4000375046251119,12.391850367050639,True
ZS,2023-05-08,2023-05-17,7,20.154257728386543,4.361495171796362,107.48999786376952,118.7699966430664,0.4000375046251119,10.493998514720332,True
ZS,2024-05-31,2024-06-03,1,16.820942949367705,4.2029600066517006,183.0,169.02000427246094,-7.125679391329406,-7.639341927616974,False
ZS,2024-05-31,2024-06-04,2,16.820942949367705,4.2029600066517006,183.0,169.13999938964844,-7.125679391329406,-7.573770825328722,False
ZS,2024-05-31,2024-06-05,3,16.820942949367705,4.2029600066517006,183.0,174.57000732421875,-7.125679391329406,-4.606553374743853,False
ZS,2024-05-31,2024-06-07,5,16.820942949367705,4.2029600066517006,183.0,180.9900054931641,-7.125679391329406,-1.0983576540086935,False
ZS,2024-05-31,2024-06-11,7,16.820942949367705,4.2029600066517006,183.0,187.6499938964844,-7.125679391329406,2.540980271302953,True
SHOP,2023-05-04,2023-05-05,1,18.58655368281522,5.476520391774316,54.869998931884766,62.02999877929688,4.428650177654216,13.049024944032695,True
SHOP,2023-05-04,2023-05-08,2,18.58655368281522,5.476520391774316,54.869998931884766,64.37999725341797,4.428650177654216,17.331872620115867,True
SHOP,2023-05-04,2023-05-09,3,18.58655368281522,5.476520391774316,54.869998931884766,63.88999938964844,4.428650177654216,16.438856630854026,True
SHOP,2023-05-04,2023-05-11,5,18.58655368281522,5.476520391774316,54.869998931884766,62.900001525878906,4.428650177654216,14.634595863511004,True
SHOP,2023-05-04,2023-05-15,7,18.58655368281522,5.476520391774316,54.869998931884766,61.58000183105469,4.428650177654216,12.22891020555636,True
SHOP,2023-11-02,2023-11-03,1,18.138959434420908,3.318016429937628,57.63999938964844,61.470001220703125,3.5739094293969944,6.644694433745115,True
SHOP,2023-11-02,2023-11-06,2,18.138959434420908,3.318016429937628,57.63999938964844,60.43000030517578,3.5739094293969944,4.840390258623771,True
SHOP,2023-11-02,2023-11-07,3,18.138959434420908,3.318016429937628,57.63999938964844,61.68999862670898,3.5739094293969944,7.02636932676283,True
SHOP,2023-11-02,2023-11-09,5,18.138959434420908,3.318016429937628,57.63999938964844,60.369998931884766,3.5739094293969944,4.7362934960866925,True
SHOP,2023-11-02,2023-11-13,7,18.138959434420908,3.318016429937628,57.63999938964844,62.34000015258789,3.5739094293969944,8.154061090749293,True
SHOP,2024-08-07,2024-08-08,1,18.959790755909474,4.154569131562824,64.5,68.55000305175781,-0.9457373803900194,6.2790744988493215,True
SHOP,2024-08-07,2024-08-09,2,18.959790755909474,4.154569131562824,64.5,69.30000305175781,-0.9457373803900194,7.44186519652374,True
SHOP,2024-08-07,2024-08-12,3,18.959790755909474,4.154569131562824,64.5,68.30999755859375,-0.9457373803900194,5.906972959060078,True
SHOP,2024-08-07,2024-08-14,5,18.959790755909474,4.154569131562824,64.5,71.58999633789062,-0.9457373803900194,10.99224238432655,True
SHOP,2024-08-07,2024-08-16,7,18.959790755909474,4.154569131562824,64.5,74.55000305175781,-0.9457373803900194,15.58140008024467,True
SHOP,2024-11-12,2024-11-13,1,19.47994132173943,7.547500737680732,107.5199966430664,115.08999633789062,1.3020847931445705,7.040550531222865,True
SHOP,2024-11-12,2024-11-14,2,19.47994132173943,7.547500737680732,107.5199966430664,109.08000183105467,1.3020847931445705,1.4508977275799295,True
SHOP,2024-11-12,2024-11-15,3,19.47994132173943,7.547500737680732,107.5199966430664,108.48999786376952,1.3020847931445705,0.9021589015885286,True
SHOP,2024-11-12,2024-11-19,5,19.47994132173943,7.547500737680732,107.5199966430664,104.58999633789062,1.3020847931445705,-2.725074773674416,False
SHOP,2024-11-12,2024-11-21,7,19.47994132173943,7.547500737680732,107.5199966430664,106.4800033569336,1.3020847931445705,-0.9672556906649402,False
ROKU,2023-02-16,2023-02-17,1,8.867539642898922,4.57928719919647,69.12000274658203,71.55999755859375,2.097796427408113,3.5300849465495365,True
ROKU,2023-02-16,2023-02-21,2,8.867539642898922,4.57928719919647,69.12000274658203,65.62999725341797,2.097796427408113,-5.0491975614637,False
ROKU,2023-02-16,2023-02-22,3,8.867539642898922,4.57928719919647,69.12000274658203,68.83999633789062,2.097796427408113,-0.40510184832892315,False
ROKU,2023-02-16,2023-02-24,5,8.867539642898922,4.57928719919647,69.12000274658203,62.650001525878906,2.097796427408113,-9.36053380151676,False
ROKU,2023-02-16,2023-02-28,7,8.867539642898922,4.57928719919647,69.12000274658203,64.69000244140625,2.097796427408113,-6.409143705357917,False
ROKU,2023-07-28,2023-07-31,1,9.955995882655687,5.99772914835236,74.97899627685547,96.2699966430664,19.51347051842623,28.395952764685177,True
ROKU,2023-07-28,2023-08-01,2,9.955995882655687,5.99772914835236,74.97899627685547,97.48999786376952,19.51347051842623,30.023076734441094,True
ROKU,2023-07-28,2023-08-02,3,9.955995882655687,5.99772914835236,74.97899627685547,91.25,19.51347051842623,21.70074891782336,True
ROKU,2023-07-28,2023-08-04,5,9.955995882655687,5.99772914835236,74.97899627685547,86.3499984741211,19.51347051842623,15.165583379215796,True
ROKU,2023-07-28,2023-08-08,7,9.955995882655687,5.99772914835236,74.97899627685547,86.54000091552734,19.51347051842623,15.41899093445257,True
ROKU,2023-09-06,2023-09-07,1,10.93992077567057,4.651821390309237,92.88999938964844,83.62000274658203,-7.212829144435141,-9.979542150906124,False
ROKU,2023-09-06,2023-09-08,2,10.93992077567057,4.651821390309237,92.88999938964844,83.47000122070312,-7.212829144435141,-10.141025116633887,False
ROKU,2023-09-06,2023-09-11,3,10.93992077567057,4.651821390309237,92.88999938964844,84.25,-7.212829144435141,-9.301323550887298,False
ROKU,2023-09-06,2023-09-13,5,10.93992077567057,4.651821390309237,92.88999938964844,78.44000244140625,-7.212829144435141,-15.55603083559981,False
ROKU,2023-09-06,2023-09-15,7,10.93992077567057,4.651821390309237,92.88999938964844,76.26000213623047,-7.212829144435141,-17.902893059197496,False
ROKU,2023-11-02,2023-11-03,1,18.693466842198116,5.338553454624387,70.86000061035156,84.75,10.146771633467782,19.602031145931605,True
ROKU,2023-11-02,2023-11-06,2,18.693466842198116,5.338553454624387,70.86000061035156,83.30000305175781,10.146771633467782,17.555747014189212,True
ROKU,2023-11-02,2023-11-07,3,18.693466842198116,5.338553454624387,70.86000061035156,83.43000030517578,10.146771633467782,17.739203480881617,True
ROKU,2023-11-02,2023-11-09,5,18.693466842198116,5.338553454624387,70.86000061035156,81.58000183105469,10.146771633467782,15.128423833427258,True
ROKU,2023-11-02,2023-11-13,7,18.693466842198116,5.338553454624387,70.86000061035156,83.97000122070312,10.146771633467782,18.501270812064305,True
PLUG,2023-10-11,2023-10-12,1,8.938552471534953,3.1925639599964653,7.800000190734863,7.409999847412109,-3.3333361862051505,-5.000004279307725,False
PLUG,2023-10-11,2023-10-13,2,8.938552471534953,3.1925639599964653,7.800000190734863,7.340000152587891,-3.3333361862051505,-5.897436242288535,False
PLUG,2023-10-11,2023-10-16,3,8.938552471534953,3.1925639599964653,7.800000190734863,7.510000228881836,-3.3333361862051505,-3.7179481379692825,False
PLUG,2023-10-11,2023-10-18,5,8.938552471534953,3.1925639599964653,7.800000190734863,7.0,-3.3333361862051505,-10.256412450927039,False
PLUG,2023-10-11,2023-10-20,7,8.938552471534953,3.1925639599964653,7.800000190734863,6.099999904632568,-3.3333361862051505,-21.79487492989577,False
PLUG,2024-01-23,2024-01-24,1,18.30985903668985,3.4956194229733306,3.359999895095825,3.4800000190734863,10.714290022444697,3.5714323727453214,True
PLUG,2024-01-23,2024-01-25,2,18.30985903668985,3.4956194229733306,3.359999895095825,3.400000095367432,10.714290022444697,1.1904821881092977,True
PLUG,2024-01-23,2024-01-26,3,18.30985903668985,3.4956194229733306,3.359999895095825,3.400000095367432,10.714290022444697,1.1904821881092977,True
PLUG,2024-01-23,2024-01-30,5,18.30985903668985,3.4956194229733306,3.359999895095825,3.7300000190734863,10.714290022444697,11.011908795524201,True
PLUG,2024-01-23,2024-02-01,7,18.30985903668985,3.4956194229733306,3.359999895095825,4.699999809265137,10.714290022444697,39.88095107160994,True
PLUG,2024-05-14,2024-05-15,1,69.20414148731444,4.827658796087482,4.889999866485596,3.4100000858306885,-29.652348647347516,-30.265845011537216,False
PLUG,2024-05-14,2024-05-16,2,69.20414148731444,4.827658796087482,4.889999866485596,3.430000066757202,-29.652348647347516,-29.85684743541075,False
PLUG,2024-05-14,2024-05-17,3,69.20414148731444,4.827658796087482,4.889999866485596,3.25,-29.652348647347516,-33.53783049618467,False
PLUG,2024-05-14,2024-05-21,5,69.20414148731444,4.827658796087482,4.889999866485596,3.0799999237060547,-29.652348647347516,-37.01431476889535,False
PLUG,2024-05-14,2024-05-23,7,69.20414148731444,4.827658796087482,4.889999866485596,3.0799999237060547,-29.652348647347516,-37.01431476889535,False
RIVN,2024-06-26,2024-06-27,1,36.538460465056566,6.277848655145872,16.329999923706055,14.470000267028809,-9.736681935189157,-11.390077558892747,False
RIVN,2024-06-26,2024-06-28,2,36.538460465056566,6.277848655145872,16.329999923706055,13.420000076293944,-9.736681935189157,-17.819962406660526,False
RIVN,2024-06-26,2024-07-01,3,36.538460465056566,6.277848655145872,16.329999923706055,13.920000076293944,-9.736681935189157,-14.758113035343895,False
RIVN,2024-06-26,2024-07-03,5,36.538460465056566,6.277848655145872,16.329999923706055,14.649999618530272,-9.736681935189157,-10.287815756428435,False
RIVN,2024-06-26,2024-07-08,7,36.538460465056566,6.277848655145872,16.329999923706055,15.489999771118164,-9.736681935189157,-5.143907878214212,False
RIVN,2024-11-13,2024-11-14,1,11.058601935075492,3.3773483504481443,11.75,10.3100004196167,2.38297645081865,-12.255315577730219,False
RIVN,2024-11-13,2024-11-15,2,11.058601935075492,3.3773483504481443,11.75,10.0600004196167,2.38297645081865,-14.382975152198304,False
RIVN,2024-11-13,2024-11-18,3,11.058601935075492,3.3773483504481443,11.75,10.06999969482422,2.38297645081865,-14.297874937666208,False
RIVN,2024-11-13,2024-11-20,5,11.058601935075492,3.3773483504481443,11.75,10.050000190734863,2.38297645081865,-14.468083483107547,False
RIVN,2024-11-13,2024-11-22,7,11.058601935075492,3.3773483504481443,11.75,10.239999771118164,2.38297645081865,-12.851065777717752,False
LCID,2024-03-25,2024-03-26,1,13.71840842020721,3.349486323993653,31.5,27.600000381469727,-7.301584879557292,-12.380951169937376,False
LCID,2024-03-25,2024-03-27,2,13.71840842020721,3.349486323993653,31.5,29.700000762939453,-7.301584879557292,-5.714283292255704,False
LCID,2024-03-25,2024-03-28,3,13.71840842020721,3.349486323993653,31.5,28.5,-7.301584879557292,-9.523809523809524,False
LCID,2024-03-25,2024-04-02,5,13.71840842020721,3.349486323993653,31.5,27.600000381469727,-7.301584879557292,-12.380951169937376,False
LCID,2024-03-25,2024-04-04,7,13.71840842020721,3.349486323993653,31.5,26.5,-7.301584879557292,-15.873015873015872,False
SOFI,2023-07-31,2023-08-01,1,8.795812940431507,4.428120179086238,10.390000343322754,10.350000381469728,10.202111943370657,-0.384985183169238,False
SOFI,2023-07-31,2023-08-02,2,8.795812940431507,4.428120179086238,10.390000343322754,10.079999923706056,10.202111943370657,-2.9836420536398016,False
SOFI,2023-07-31,2023-08-03,3,8.795812940431507,4.428120179086238,10.390000343322754,10.050000190734863,10.202111943370657,-3.272378646324063,False
SOFI,2023-07-31,2023-08-07,5,8.795812940431507,4.428120179086238,10.390000343322754,9.390000343322754,10.202111943370657,-9.624638758002167,False
SOFI,2023-07-31,2023-08-09,7,8.795812940431507,4.428120179086238,10.390000343322754,8.989999771118164,10.202111943370657,-13.474499768465506,False
SOFI,2023-10-30,2023-10-31,1,10.625910207188873,4.037888957668881,7.599999904632568,7.550000190734863,-8.684208627552843,-0.6578909805936686,False
SOFI,2023-10-30,2023-11-01,2,10.625910207188873,4.037888957668881,7.599999904632568,7.579999923706055,-8.684208627552843,-0.26315764707211003,False
SOFI,2023-10-30,2023-11-02,3,10.625910207188873,4.037888957668881,7.599999904632568,8.170000076293945,-8.684208627552843,7.500002352814955,True
SOFI,2023-10-30,2023-11-06,5,10.625910207188873,4.037888957668881,7.599999904632568,7.489999771118164,-8.684208627552843,-1.4473701959832115,False
SOFI,2023-10-30,2023-11-08,7,10.625910207188873,4.037888957668881,7.599999904632568,7.309999942779541,-8.684208627552843,-3.8157890196322013,False
SOFI,2024-01-29,2024-01-30,1,15.748029229492467,4.9353812280492075,8.819999694824219,8.399999618530273,3.8548771468485494,-4.761905791679462,False
SOFI,2024-01-29,2024-01-31,2,15.748029229492467,4.9353812280492075,8.819999694824219,7.829999923706055,3.8548771468485494,-11.224487589258295,False
SOFI,2024-01-29,2024-02-01,3,15.748029229492467,4.9353812280492075,8.819999694824219,7.730000019073486,3.8548771468485494,-12.358273395296937,False
SOFI,2024-01-29,2024-02-05,5,15.748029229492467,4.9353812280492075,8.819999694824219,7.579999923706055,3.8548771468485494,-14.058954807513482,False
SOFI,2024-01-29,2024-02-07,7,15.748029229492467,4.9353812280492075,8.819999694824219,7.659999847412109,3.8548771468485494,-13.151926162682571,False
UPST,2023-02-15,2023-02-16,1,9.85163091887907,3.1910822962412055,18.51000022888184,18.93000030517578,16.63965362301948,2.269044144249118,True
UPST,2023-02-15,2023-02-17,2,9.85163091887907,3.1910822962412055,18.51000022888184,18.31999969482422,16.63965362301948,-1.0264750497471948,False
UPST,2023-02-15,2023-02-21,3,9.85163091887907,3.1910822962412055,18.51000022888184,18.549999237060547,16.63965362301948,0.21609404475476696,True
UPST,2023-02-15,2023-02-23,5,9.85163091887907,3.1910822962412055,18.51000022888184,18.520000457763672,16.63965362301948,0.05402608729430839,True
UPST,2023-02-15,2023-02-27,7,9.85163091887907,3.1910822962412055,18.51000022888184,18.25,16.63965362301948,-1.4046473563849637,False
UPST,2023-05-10,2023-05-11,1,39.38963219983493,5.520888379877776,19.63999938964844,16.770000457763672,-3.411405789793894,-14.61302963887792,False
UPST,2023-05-10,2023-05-12,2,39.38963219983493,5.520888379877776,19.63999938964844,16.389999389648438,-3.411405789793894,-16.54786202138563,False
UPST,2023-05-10,2023-05-15,3,39.38963219983493,5.520888379877776,19.63999938964844,20.26000022888184,-3.411405789793894,3.1568271817777105,True
UPST,2023-05-10,2023-05-17,5,39.38963219983493,5.520888379877776,19.63999938964844,21.38999938964844,-3.411405789793894,8.910387242284559,True
UPST,2023-05-10,2023-05-19,7,39.38963219983493,5.520888379877776,19.63999938964844,23.049999237060547,-3.411405789793894,17.362525220898927,True
UPST,2024-08-07,2024-08-08,1,25.680766423313923,5.293146869536971,30.0,34.209999084472656,10.999997456868488,14.033330281575521,True
UPST,2024-08-07,2024-08-09,2,25.680766423313923,5.293146869536971,30.0,36.25,10.999997456868488,20.833333333333336,True
UPST,2024-08-07,2024-08-12,3,25.680766423313923,5.293146869536971,30.0,34.18000030517578,10.999997456868488,13.933334350585938,True
UPST,2024-08-07,2024-08-14,5,25.680766423313923,5.293146869536971,30.0,36.08000183105469,10.999997456868488,20.266672770182293,True
UPST,2024-08-07,2024-08-16,7,25.680766423313923,5.293146869536971,30.0,36.810001373291016,10.999997456868488,22.70000457763672,True
UPST,2024-11-08,2024-11-11,1,17.667198858300402,4.6159817169629225,65.2699966430664,77.4800033569336,24.099899135822284,18.70692100788433,True
UPST,2024-11-08,2024-11-12,2,17.667198858300402,4.6159817169629225,65.2699966430664,69.43000030517578,24.099899135822284,6.373531294721293,True
UPST,2024-11-08,2024-11-13,3,17.667198858300402,4.6159817169629225,65.2699966430664,67.80000305175781,24.099899135822284,3.8762165448344135,True
UPST,2024-11-08,2024-11-15,5,17.667198858300402,4.6159817169629225,65.2699966430664,68.36000061035156,24.099899135822284,4.73418741567134,True
UPST,2024-11-08,2024-11-19,7,17.667198858300402,4.6159817169629225,65.2699966430664,71.11000061035156,24.099899135822284,8.947455596208517,True
RBLX,2023-02-15,2023-02-16,1,17.9422535867995,3.8906455436010443,42.06999969482422,43.58000183105469,7.154747226206382,3.5892611057381134,True
RBLX,2023-02-15,2023-02-17,2,17.9422535867995,3.8906455436010443,42.06999969482422,40.880001068115234,7.154747226206382,-2.8286157246047887,False
RBLX,2023-02-15,2023-02-21,3,17.9422535867995,3.8906455436010443,42.06999969482422,37.560001373291016,7.154747226206382,-10.720224279174545,False
RBLX,2023-02-15,2023-02-23,5,17.9422535867995,3.8906455436010443,42.06999969482422,37.380001068115234,7.154747226206382,-11.148083339030745,False
RBLX,2023-02-15,2023-02-27,7,17.9422535867995,3.8906455436010443,42.06999969482422,36.650001525878906,7.154747226206382,-12.883285496225291,False
RBLX,2023-11-08,2023-11-09,1,14.713429975232206,5.2963126860262415,40.22999954223633,38.04999923706055,-2.5105601119205447,-5.4188424806892215,False
RBLX,2023-11-08,2023-11-10,2,14.713429975232206,5.2963126860262415,40.22999954223633,38.41999816894531,-2.5105601119205447,-4.49913346727918,False
RBLX,2023-11-08,2023-11-13,3,14.713429975232206,5.2963126860262415,40.22999954223633,38.75,-2.5105601119205447,-3.6788455358606678,False
RBLX,2023-11-08,2023-11-15,5,14.713429975232206,5.2963126860262415,40.22999954223633,39.7599983215332,-2.5105601119205447,-1.1682854239401224,False
RBLX,2023-11-08,2023-11-17,7,14.713429975232206,5.2963126860262415,40.22999954223633,37.90999984741211,-2.5105601119205447,-5.766839973210831,False
RBLX,2024-02-07,2024-02-08,1,9.876852923495793,5.11808031334897,44.61000061035156,44.869998931884766,0.29141687141126865,0.5828251916070847,True
RBLX,2024-02-07,2024-02-09,2,9.876852923495793,5.11808031334897,44.61000061035156,44.400001525878906,0.29141687141126865,-0.47074441066904366,False
RBLX,2024-02-07,2024-02-12,3,9.876852923495793,5.11808031334897,44.61000061035156,43.7400016784668,0.29141687141126865,-1.9502329522113615,False
RBLX,2024-02-07,2024-02-14,5,9.876852923495793,5.11808031334897,44.61000061035156,44.13999938964844,0.29141687141126865,-1.0535781534915811,False
RBLX,2024-02-07,2024-02-16,7,9.876852923495793,5.11808031334897,44.61000061035156,42.90999984741211,0.29141687141126865,-3.810806410401562,False
RBLX,2024-10-31,2024-11-01,1,18.49791296972329,4.135386177235723,51.119998931884766,51.43999862670898,1.1737134220558907,0.6259775068669263,True
RBLX,2024-10-31,2024-11-04,2,18.49791296972329,4.135386177235723,51.119998931884766,50.0,1.1737134220558907,-2.1909212740342907,False
RBLX,2024-10-31,2024-11-05,3,18.49791296972329,4.135386177235723,51.119998931884766,51.18000030517578,1.1737134220558907,0.11737358087774007,True
RBLX,2024-10-31,2024-11-07,5,18.49791296972329,4.135386177235723,51.119998931884766,53.11000061035156,1.1737134220558907,3.8928046166792565,True
RBLX,2024-10-31,2024-11-11,7,18.49791296972329,4.135386177235723,51.119998931884766,54.560001373291016,1.1737134220558907,6.729269392180363,True
