scan_ts,date,mfo,zone,orig_sym,orig_price,new_sym,new_price,orig_pnl,new_pnl,note
2026-04-28 12:20:10,2026-04-28,120,Z4,WDAY,120.71,,,,,no_pass_after_fix
2026-04-29 09:30:54,2026-04-29,5,Z1,WELL,217.14,WELL,217.14,-2.4256884959012543,-2.4256884959012543,OK
2026-04-30 03:29:53,2026-04-30,30,Z3,AMD,344.075,MRVL,160.64,2.7264186587226686,2.7137450199203252,CHANGED
2026-04-30 03:29:58,2026-04-30,30,Z3,AMD,344.075,MRVL,160.64,2.7264186587226686,2.7137450199203252,CHANGED
2026-04-30 03:30:04,2026-04-30,30,Z3,AMD,344.075,MRVL,160.64,2.7264186587226686,2.7137450199203252,CHANGED
2026-04-30 03:30:09,2026-04-30,30,Z3,AMD,344.075,MRVL,160.64,2.7264186587226686,2.7137450199203252,CHANGED
2026-04-30 03:30:15,2026-04-30,30,Z3,AMD,344.075,MRVL,160.64,2.7264186587226686,2.7137450199203252,CHANGED
2026-04-30 03:30:19,2026-04-30,30,Z3,AMD,344.075,MRVL,160.64,2.7264186587226686,2.7137450199203252,CHANGED
2026-04-30 03:30:26,2026-04-30,30,Z3,AMD,344.075,MRVL,160.64,2.7264186587226686,2.7137450199203252,CHANGED
2026-04-30 03:30:31,2026-04-30,30,Z3,AMD,344.075,MRVL,160.64,2.7264186587226686,2.7137450199203252,CHANGED
2026-04-30 03:30:36,2026-04-30,30,Z3,AMD,344.075,MRVL,160.64,2.7264186587226686,2.7137450199203252,CHANGED
2026-04-30 03:30:43,2026-04-30,30,Z3,AMD,344.075,MRVL,160.64,2.7264186587226686,2.7137450199203252,CHANGED
2026-04-30 03:30:47,2026-04-30,30,Z3,AMD,344.075,MRVL,160.64,2.7264186587226686,2.7137450199203252,CHANGED
2026-04-30 03:30:53,2026-04-30,30,Z3,AMD,344.075,MRVL,160.64,2.7264186587226686,2.7137450199203252,CHANGED
2026-04-30 03:31:00,2026-04-30,30,Z3,AMD,344.075,MRVL,160.64,2.7264186587226686,2.7137450199203252,CHANGED
2026-04-30 03:31:04,2026-04-30,30,Z3,AMD,344.075,MRVL,160.64,2.7264186587226686,2.7137450199203252,CHANGED
2026-04-30 03:31:08,2026-04-30,30,Z3,AMD,344.075,MRVL,160.64,2.7264186587226686,2.7137450199203252,CHANGED
2026-04-30 05:48:52,2026-04-30,30,Z3,AMD,344.075,AMD,344.075,2.7264186587226686,2.7264186587226686,OK
2026-04-30 05:48:57,2026-04-30,30,Z3,AMD,344.075,AMD,344.075,2.7264186587226686,2.7264186587226686,OK
2026-04-30 05:49:01,2026-04-30,30,Z3,AMD,344.075,AMD,344.075,2.7264186587226686,2.7264186587226686,OK
2026-04-30 05:54:15,2026-04-30,30,Z3,AMD,344.075,AMD,344.075,2.7264186587226686,2.7264186587226686,OK
2026-04-30 05:54:22,2026-04-30,30,Z3,AMD,344.075,AMD,344.075,2.7264186587226686,2.7264186587226686,OK
2026-04-30 05:54:29,2026-04-30,30,Z3,AMD,344.075,AMD,344.075,2.7264186587226686,2.7264186587226686,OK
2026-04-30 05:55:10,2026-04-30,30,Z3,AMD,344.075,AMD,344.075,2.7264186587226686,2.7264186587226686,OK
2026-04-30 05:55:14,2026-04-30,30,Z3,AMD,344.075,AMD,344.075,2.7264186587226686,2.7264186587226686,OK
2026-04-30 05:55:18,2026-04-30,30,Z3,AMD,344.075,AMD,344.075,2.7264186587226686,2.7264186587226686,OK
2026-04-30 05:55:30,2026-04-30,30,Z3,AMD,344.075,AMD,344.075,2.7264186587226686,2.7264186587226686,OK
2026-04-30 05:55:35,2026-04-30,30,Z3,AMD,344.075,AMD,344.075,2.7264186587226686,2.7264186587226686,OK
2026-04-30 05:55:40,2026-04-30,30,Z3,AMD,344.075,AMD,344.075,2.7264186587226686,2.7264186587226686,OK
2026-04-30 05:55:57,2026-04-30,30,Z3,AMD,344.075,AMD,344.075,2.7264186587226686,2.7264186587226686,OK
2026-04-30 05:56:02,2026-04-30,30,Z3,AMD,344.075,AMD,344.075,2.7264186587226686,2.7264186587226686,OK
2026-04-30 05:56:06,2026-04-30,30,Z3,AMD,344.075,AMD,344.075,2.7264186587226686,2.7264186587226686,OK
2026-04-30 05:58:20,2026-04-30,30,Z3,AMD,344.075,AMD,344.075,2.7264186587226686,2.7264186587226686,OK
2026-04-30 05:58:25,2026-04-30,30,Z3,AMD,344.075,AMD,344.075,2.7264186587226686,2.7264186587226686,OK
2026-04-30 05:58:29,2026-04-30,30,Z3,AMD,344.075,AMD,344.075,2.7264186587226686,2.7264186587226686,OK
2026-04-30 06:01:37,2026-04-30,5,Z1,EXPE,248.78,EXPE,248.78,-0.26480424471420394,-0.26480424471420394,OK
2026-04-30 06:01:44,2026-04-30,5,Z1,EXPE,248.78,EXPE,248.78,-0.26480424471420394,-0.26480424471420394,OK
2026-04-30 06:01:51,2026-04-30,5,Z1,EXPE,248.78,EXPE,248.78,-0.26480424471420394,-0.26480424471420394,OK
2026-04-30 06:01:55,2026-04-30,5,Z1,EXPE,248.78,EXPE,248.78,-0.26480424471420394,-0.26480424471420394,OK
2026-04-30 09:30:32,2026-04-30,5,Z1,DVN,50.7898,DVN,50.7898,0.9832883768000736,0.9832883768000736,OK
2026-04-30 09:33:12,2026-04-30,5,Z1,UPS,107.12,RKLB,79.12,1.4403286034353915,4.2983822042467015,CHANGED
2026-05-01 09:30:40,2026-05-01,5,Z1,JBHT,252.65,JBHT,252.65,-1.6515535325549242,-1.6515535325549242,OK
2026-05-01 10:34:44,2026-05-01,30,Z3,INTC,98.7997,INTC,98.7997,0.7808731200600815,0.7808731200600815,OK
2026-05-01 10:50:10,2026-05-01,75,Z4,PLTR,143.2592,PLTR,143.2592,0.5078492690172797,0.5078492690172797,OK
2026-05-01 11:12:29,2026-05-01,5,Z1,CHTR,168.77,,,,,no_pass_after_fix
2026-05-01 11:25:14,2026-05-01,75,Z4,FSLR,210.15,FSLR,210.15,1.05774446823697,1.05774446823697,OK
2026-05-05 09:36:00,2026-05-05,5,Z1,AKAM,110.495,AKAM,110.495,6.2396533779809005,6.2396533779809005,OK
2026-05-06 09:31:29,2026-05-06,5,Z1,FFIV,332.92,FFIV,332.92,2.333016941006838,2.333016941006838,OK
2026-05-07 09:31:32,2026-05-07,5,Z1,DKNG,24.45,DKNG,24.45,3.580981595092033,3.580981595092033,OK
2026-05-08 09:32:41,2026-05-08,5,Z1,HL,18.909,,,,,no_pass_after_fix
2026-05-08 09:32:53,2026-05-08,5,Z1,HL,18.909,,,,,no_pass_after_fix
2026-05-08 09:35:35,2026-05-08,5,Z1,GLW,194.8768,GLW,194.8768,-4.103452437642661,-4.103452437642661,OK
2026-05-11 09:32:30,2026-05-11,5,Z1,NET,201.015,,,,,no_pass_after_fix
2026-05-11 09:35:16,2026-05-11,5,Z1,NET,201.015,,,,,no_pass_after_fix
2026-05-11 09:35:50,2026-05-11,5,Z1,NET,201.015,,,,,no_pass_after_fix
2026-05-11 09:36:32,2026-05-11,5,Z1,RMBS,129.96,RMBS,129.96,3.401077254539845,3.401077254539845,OK
2026-05-11 09:38:23,2026-05-11,5,Z1,RMBS,129.96,RMBS,129.96,3.401077254539845,3.401077254539845,OK
2026-05-12 09:35:11,2026-05-12,5,Z1,FTI,72.71,FTI,72.71,0.5601567872369744,0.5601567872369744,OK
2026-05-12 09:37:06,2026-05-12,5,Z1,TGT,122.25,,,,,no_pass_after_fix
2026-05-12 09:41:56,2026-05-12,5,Z1,RBLX,42.46,,,,,no_pass_after_fix
2026-05-14 09:36:51,2026-05-14,5,Z1,AVGO,432.2,AVGO,432.2,1.9360944007404006,1.9360944007404006,OK
2026-05-14 09:38:11,2026-05-14,5,Z1,F,14.11,F,14.11,2.5222537207654216,2.5222537207654216,OK
2026-05-14 10:09:56,2026-05-14,30,Z3,HPE,33.67,HPE,33.67,1.35530145530144,1.35530145530144,OK
2026-05-14 10:14:23,2026-05-14,30,Z3,MRVL,188.07,,,,,no_pass_after_fix
2026-05-14 10:18:09,2026-05-14,30,Z3,HPE,33.67,HPE,33.67,1.35530145530144,1.35530145530144,OK
2026-05-14 10:19:20,2026-05-14,30,Z3,HPE,33.67,HPE,33.67,1.35530145530144,1.35530145530144,OK
2026-05-14 10:20:22,2026-05-14,30,Z3,APO,133.59,,,,,no_pass_after_fix
2026-05-14 10:20:51,2026-05-14,30,Z3,NVDA,231.92,NVDA,231.92,1.6721628147637175,1.6721628147637175,OK
2026-05-14 10:34:17,2026-05-14,30,Z3,ARES,125.89,ARES,125.89,1.9970688696481056,1.9970688696481056,OK
2026-05-15 09:31:39,2026-05-15,5,Z1,WDAY,121.58,WDAY,121.58,2.7211876953446343,2.7211876953446343,OK
2026-05-15 09:33:44,2026-05-15,5,Z1,FIS,42.59,FIS,42.59,-1.9548955153792118,-1.9548955153792118,OK
2026-05-15 09:35:17,2026-05-15,5,Z1,BR,146.55,,,,,no_pass_after_fix
2026-05-15 09:48:01,2026-05-15,5,Z1,DVN,48.235,DVN,48.235,2.5225769669327263,2.5225769669327263,OK
2026-05-15 10:14:23,2026-05-15,30,Z3,ZS,156.37,,,,,no_pass_after_fix
2026-05-15 10:34:20,2026-05-15,30,Z3,MSFT,417.035,,,,,no_pass_after_fix
2026-05-18 09:35:38,2026-05-18,5,Z1,FFIV,379.92,FFIV,379.92,-0.24476731943567365,-0.24476731943567365,OK
2026-05-18 10:05:42,2026-05-18,30,Z3,CAH,199.88,,,,,no_pass_after_fix
2026-05-18 10:15:37,2026-05-18,30,Z3,GPN,69.31,,,,,no_pass_after_fix
2026-05-18 10:35:37,2026-05-18,30,Z3,TMUS,188.71,,,,,no_pass_after_fix
2026-05-19 09:35:39,2026-05-19,5,Z1,SFM,90.93,ADSK,247.78,-1.1007698229407357,-1.560973444184359,CHANGED
2026-05-19 10:05:36,2026-05-19,35,Z3,ZTS,79.81,,,,,no_pass_after_fix
2026-05-19 10:15:38,2026-05-19,45,Z4,ALNY,293.505,,,,,no_pass_after_fix
2026-05-19 10:35:38,2026-05-19,65,Z4,ALNY,292.165,ALNY,292.165,0.6307514589358721,0.6307514589358721,OK
2026-05-20 09:35:39,2026-05-20,5,Z1,MKSI,300.7,CRDO,175.0,3.494945128034587,4.825714285714288,CHANGED
2026-05-20 10:05:37,2026-05-20,35,Z3,SMTC,139.225,CHRW,179.68,1.7854372418746631,0.43428317008013106,CHANGED
2026-05-20 10:30:39,2026-05-20,60,Z4,ONDS,9.335,,,,,all_filtered_universe
2026-05-20 10:35:38,2026-05-20,65,Z4,ONDS,9.34,,,,,no_pass_after_fix
2026-05-21 09:35:39,2026-05-21,5,Z1,CIFR,20.15,CIFR,20.15,7.096029776674953,7.096029776674953,OK
2026-05-21 10:05:36,2026-05-21,35,Z3,MRVL,192.755,OWL,9.96,-1.2698788617675265,2.0586345381526088,CHANGED
2026-05-21 10:45:38,2026-05-21,75,Z4,SMR,10.75,SMR,10.75,5.946511627906981,5.946511627906981,OK
2026-05-22 09:35:40,2026-05-22,5,Z1,PATH,11.045,CRDO,200.29,-1.3222725215029407,8.809181686554497,CHANGED
2026-05-22 10:35:37,2026-05-22,65,Z4,ALAB,311.41,TTD,22.15,-1.3587906618284626,0.9383747178329592,CHANGED
2026-05-26 09:35:53,2026-05-26,5,Z1,FTAI,252.42,USAR,26.345,0.2842801679740111,4.853501613209337,CHANGED
2026-05-26 12:40:24,2026-05-26,15,Z2,LSCC,150.485,LRCX,316.16,-0.1897099378675744,1.9622469635627469,CHANGED
2026-05-26 12:40:48,2026-05-26,35,Z3,TXN,324.07,USAR,26.14,0.35051994939364317,5.676587605202747,CHANGED
2026-05-26 12:41:03,2026-05-26,55,Z4,RKT,14.4,,,,,no_pass_after_fix
2026-05-27 09:40:49,2026-05-27,10,Z2,RCL,276.84,ECL,260.82,-0.7032365265134949,1.1192316540142653,CHANGED
2026-05-27 10:05:48,2026-05-27,35,Z3,RCL,279.93,NIO,5.395,-1.800425106276566,6.30407784986099,CHANGED
2026-05-27 10:20:51,2026-05-27,50,Z4,WSM,206.34,DKNG,24.85,-1.6314529417466301,0.3426559356136798,CHANGED
2026-05-27 10:40:50,2026-05-27,70,Z4,RCL,278.2,,,,,no_pass_after_fix
